game_title,game_cpu_min,game_gpu_min,game_ram_min,cpu_score,gpu_score,ram_score,res_width,res_height,graphics_preset,shadow_quality,texture_quality,anti_aliasing,vsync,performance_mode,expected_fps
Cyberpunk2077,14200,9000,2500,19700,17500,4000,1920,1080,High,High,High,TAA,Off,0,68.4
Cyberpunk2077,14200,9000,2500,22500,18100,4000,1920,1080,Ultra,High,Ultra,TAA,Off,1,74.5
Cyberpunk2077,14200,9000,2500,25200,24500,5500,2560,1440,Ultra,High,Ultra,TAA,On,1,82.1
Cyberpunk2077,14200,9000,2500,19700,11000,2500,1920,1080,Medium,Medium,Medium,FXAA,Off,-1,59.5
GTA_V,10000,6500,2500,19700,11000,2500,1920,1080,Medium,Medium,Medium,FXAA,Off,0,82.0
GTA_V,10000,6500,2500,14200,9000,2500,1280,720,Low,Low,Low,Off,Off,0,95.0
GTA_V,10000,6500,2500,29000,24500,5500,2560,1440,Ultra,High,Ultra,TAA,On,1,120.2
Fortnite,12000,7500,2500,17800,14000,3500,1920,1080,High,Medium,High,FXAA,Off,0,120.3
Fortnite,12000,7500,2500,14200,9000,2500,1280,720,Low,Low,Low,Off,Off,-1,95.0
Fortnite,12000,7500,2500,19700,17500,4000,2560,1440,Ultra,High,High,TAA,Off,1,130.4
Valorant,8000,5000,2500,14200,9000,2500,1920,1080,Medium,Medium,Medium,Off,Off,0,170.2
Valorant,8000,5000,2500,19700,17500,4000,2560,1440,High,High,High,TAA,Off,1,230.7
Valorant,8000,5000,2500,34900,38500,7500,3840,2160,Ultra,Ultra,Ultra,TAA,On,1,280.3
EldenRing,14200,9000,3500,22500,18100,4000,1920,1080,High,High,High,TAA,Off,0,82.7
EldenRing,14200,9000,3500,25200,24500,5500,2560,1440,Ultra,High,Ultra,TAA,On,1,97.5
EldenRing,14200,9000,3500,17800,14000,3500,1920,1080,Medium,Medium,Medium,FXAA,Off,-1,65.0
AssassinsCreed,17800,11000,3500,19700,17500,4000,1920,1080,High,High,High,TAA,Off,0,78.9
AssassinsCreed,17800,11000,3500,25200,24500,5500,2560,1440,Ultra,High,Ultra,TAA,On,1,92.4
AssassinsCreed,17800,11000,3500,22500,18100,4000,1920,1080,Medium,Medium,High,FXAA,Off,-1,69.2
GenshinImpact,12000,7800,2500,19700,17500,4000,1920,1080,High,High,High,TAA,Off,0,95.4
GenshinImpact,12000,7800,2500,14200,9000,2500,1920,1080,Low,Low,Low,Off,Off,-1,72.5
GenshinImpact,12000,7800,2500,22500,18100,4000,2560,1440,High,High,High,FXAA,Off,1,98.3
GenshinImpact,12000,7800,2500,29000,24500,5500,3840,2160,Ultra,Ultra,Ultra,TAA,On,1,62.1
Minecraft,8000,4000,2500,14200,9000,2500,1920,1080,Low,Low,Low,Off,Off,0,180.5
Minecraft,8000,4000,2500,17800,14000,3500,1920,1080,Medium,Medium,Medium,Off,Off,0,145.2
Minecraft,8000,4000,2500,19700,17500,4000,1920,1080,High,High,High,Off,Off,0,120.8
Minecraft,8000,4000,2500,25200,24500,5500,2560,1440,Ultra,High,Ultra,Off,On,1,95.4
CS_GO,9000,5500,2500,14200,9000,2500,1920,1080,Low,Low,Low,Off,Off,0,210.5
CS_GO,9000,5500,2500,17800,14000,3500,1920,1080,Medium,Medium,Medium,FXAA,Off,0,195.8
CS_GO,9000,5500,2500,19700,17500,4000,1920,1080,High,High,High,FXAA,Off,1,240.3
CS_GO,9000,5500,2500,25200,24500,5500,2560,1440,Ultra,High,Ultra,TAA,Off,1,280.7
CS_GO,9000,5500,2500,29000,24500,5500,3840,2160,Ultra,Ultra,Ultra,TAA,On,1,185.4
Warzone,17800,13000,3500,17800,14000,3500,1920,1080,Low,Low,Low,Off,Off,0,95.7
Warzone,17800,13000,3500,19700,17500,4000,1920,1080,Medium,Medium,Medium,FXAA,Off,0,82.4
Warzone,17800,13000,3500,22500,18100,4000,1920,1080,High,High,High,TAA,Off,1,72.6
Warzone,17800,13000,3500,25200,24500,5500,2560,1440,High,High,High,TAA,Off,1,68.9
Warzone,17800,13000,3500,29000,24500,5500,2560,1440,Ultra,Ultra,Ultra,TAA,On,1,58.2
ApexLegends,14200,9000,2500,14200,9000,2500,1920,1080,Low,Low,Low,Off,Off,-1,85.3
ApexLegends,14200,9000,2500,17800,14000,3500,1920,1080,Medium,Medium,Medium,Off,Off,0,105.7
ApexLegends,14200,9000,2500,19700,17500,4000,1920,1080,High,High,High,FXAA,Off,0,120.5
ApexLegends,14200,9000,2500,22500,18100,4000,2560,1440,High,High,High,TAA,Off,1,95.8
ApexLegends,14200,9000,2500,29000,24500,5500,2560,1440,Ultra,High,Ultra,TAA,On,1,110.2
RocketLeague,11000,7000,2500,14200,9000,2500,1920,1080,Low,Low,Low,Off,Off,0,165.4
RocketLeague,11000,7000,2500,17800,14000,3500,1920,1080,Medium,Medium,Medium,Off,Off,0,145.8
RocketLeague,11000,7000,2500,19700,17500,4000,1920,1080,High,High,High,FXAA,Off,1,155.2
RocketLeague,11000,7000,2500,25200,24500,5500,2560,1440,Ultra,High,Ultra,TAA,On,1,140.7
Overwatch,12000,8000,2500,14200,9000,2500,1920,1080,Low,Low,Low,Off,Off,0,125.6
Overwatch,12000,8000,2500,17800,14000,3500,1920,1080,Medium,Medium,Medium,FXAA,Off,0,145.3
Overwatch,12000,8000,2500,19700,17500,4000,1920,1080,High,High,High,FXAA,Off,1,165.8
Overwatch,12000,8000,2500,25200,24500,5500,2560,1440,Ultra,Ultra,Ultra,TAA,On,1,180.4
RedDeadRedemption2,17800,11000,3500,17800,14000,3500,1920,1080,Low,Low,Low,Off,Off,-1,58.4
RedDeadRedemption2,17800,11000,3500,19700,17500,4000,1920,1080,Medium,Medium,Medium,FXAA,Off,0,65.7
RedDeadRedemption2,17800,11000,3500,22500,18100,4000,1920,1080,High,High,High,TAA,Off,0,52.3
RedDeadRedemption2,17800,11000,3500,25200,24500,5500,2560,1440,High,High,High,TAA,Off,1,48.9
RedDeadRedemption2,17800,11000,3500,29000,24500,5500,2560,1440,Ultra,Ultra,Ultra,TAA,On,1,42.5
TheWitcher3,14200,9000,2500,17800,14000,3500,1920,1080,Low,Low,Low,Off,Off,0,92.5
TheWitcher3,14200,9000,2500,19700,17500,4000,1920,1080,Medium,Medium,Medium,FXAA,Off,0,78.4
TheWitcher3,14200,9000,2500,22500,18100,4000,1920,1080,High,High,High,TAA,Off,1,68.7
TheWitcher3,14200,9000,2500,25200,24500,5500,2560,1440,Ultra,Ultra,Ultra,TAA,On,1,55.3
Destiny2,14200,9000,2500,17800,14000,3500,1920,1080,Low,Low,Low,Off,Off,0,110.8
Destiny2,14200,9000,2500,19700,17500,4000,1920,1080,Medium,Medium,Medium,FXAA,Off,0,95.6
Destiny2,14200,9000,2500,22500,18100,4000,1920,1080,High,High,High,TAA,Off,1,82.4
Destiny2,14200,9000,2500,25200,24500,5500,2560,1440,High,High,High,TAA,Off,1,75.9
Destiny2,14200,9000,2500,29000,24500,5500,2560,1440,Ultra,Ultra,Ultra,TAA,On,1,68.2
LeagueOfLegends,8000,4500,2500,14200,9000,2500,1920,1080,Medium,Medium,Medium,Off,Off,0,185.7
LeagueOfLegends,8000,4500,2500,17800,14000,3500,1920,1080,High,High,High,Off,Off,0,210.4
LeagueOfLegends,8000,4500,2500,19700,17500,4000,2560,1440,Ultra,Ultra,Ultra,TAA,Off,1,245.8
PUBG,14200,9000,2500,17800,14000,3500,1920,1080,Low,Low,Low,Off,Off,-1,85.4
PUBG,14200,9000,2500,19700,17500,4000,1920,1080,Medium,Medium,Medium,FXAA,Off,0,78.9
PUBG,14200,9000,2500,22500,18100,4000,1920,1080,High,High,High,TAA,Off,0,68.5
PUBG,14200,9000,2500,25200,24500,5500,2560,1440,Ultra,High,Ultra,TAA,Off,1,62.3
RainbowSixSiege,14200,9000,2500,17800,14000,3500,1920,1080,Low,Low,Low,Off,Off,0,165.8
RainbowSixSiege,14200,9000,2500,19700,17500,4000,1920,1080,Medium,Medium,Medium,FXAA,Off,0,145.3
RainbowSixSiege,14200,9000,2500,22500,18100,4000,1920,1080,High,High,High,TAA,Off,1,128.7
RainbowSixSiege,14200,9000,2500,25200,24500,5500,2560,1440,Ultra,Ultra,Ultra,TAA,On,1,115.4
Cyberpunk2077,14200,9000,2500,14200,9000,2500,1920,1080,Low,Low,Low,Off,Off,-1,42.5
Cyberpunk2077,14200,9000,2500,17800,14000,3500,1920,1080,Low,Low,Low,FXAA,Off,0,58.7
Cyberpunk2077,14200,9000,2500,29000,24500,5500,3840,2160,Ultra,Ultra,Ultra,TAA,On,1,45.8
GTA_V,10000,6500,2500,22500,18100,4000,1920,1080,High,High,High,FXAA,Off,1,88.5
GTA_V,10000,6500,2500,25200,24500,5500,1920,1080,Ultra,Ultra,Ultra,TAA,Off,1,95.7
Fortnite,12000,7500,2500,22500,18100,4000,1920,1080,Medium,Medium,Medium,Off,Off,0,140.8
Fortnite,12000,7500,2500,25200,24500,5500,1920,1080,High,High,High,TAA,Off,1,145.6
Valorant,8000,5000,2500,17800,14000,3500,1920,1080,Low,Low,Low,Off,Off,0,220.5
Valorant,8000,5000,2500,22500,18100,4000,1920,1080,Medium,Medium,Medium,FXAA,Off,0,245.8
Valorant,8000,5000,2500,25200,24500,5500,1920,1080,High,High,High,TAA,Off,1,265.4
EldenRing,14200,9000,3500,14200,9000,2500,1920,1080,Low,Low,Low,Off,Off,-1,52.8
EldenRing,14200,9000,3500,19700,17500,4000,1920,1080,Medium,Medium,Medium,FXAA,Off,0,72.4
EldenRing,14200,9000,3500,29000,24500,5500,3840,2160,Ultra,Ultra,Ultra,TAA,On,1,48.2
AssassinsCreed,17800,11000,3500,14200,9000,2500,1920,1080,Low,Low,Low,Off,Off,-1,58.5
AssassinsCreed,17800,11000,3500,17800,14000,3500,1920,1080,Medium,Medium,Medium,FXAA,Off,0,68.7
AssassinsCreed,17800,11000,3500,29000,24500,5500,3840,2160,Ultra,Ultra,Ultra,TAA,On,1,52.8
HorizonZeroDawn,17800,11000,3500,17800,14000,3500,1920,1080,Low,Low,Low,Off,Off,0,85.4
HorizonZeroDawn,17800,11000,3500,19700,17500,4000,1920,1080,Medium,Medium,Medium,FXAA,Off,0,72.8
HorizonZeroDawn,17800,11000,3500,22500,18100,4000,1920,1080,High,High,High,TAA,Off,1,65.3
HorizonZeroDawn,17800,11000,3500,25200,24500,5500,2560,1440,Ultra,Ultra,Ultra,TAA,On,1,52.7
SpiderMan,17800,11000,3500,19700,17500,4000,1920,1080,Medium,Medium,Medium,FXAA,Off,0,78.5
SpiderMan,17800,11000,3500,22500,18100,4000,1920,1080,High,High,High,TAA,Off,1,68.9
SpiderMan,17800,11000,3500,25200,24500,5500,2560,1440,Ultra,High,Ultra,TAA,On,1,58.4
GenshinImpact,12000,7800,2500,28200,14000,5500,1920,1080,High,High,High,TAA,Off,0,119.9755197932874
SpiderMan,17800,11000,3500,34900,24500,3500,1920,1080,Ultra,Medium,Medium,Off,Off,-1,67.9
Destiny2,14200,9000,2500,19700,11000,4000,1920,1080,Ultra,Low,High,Off,On,0,68.4
RedDeadRedemption2,17800,11000,3500,28200,17500,2500,1920,1080,Ultra,High,Ultra,Off,Off,-1,27.6
Minecraft,8000,4000,2500,28200,17500,3500,1920,1080,High,Medium,Medium,FXAA,Off,1,293.0568688938838
Minecraft,8000,4000,2500,25200,18100,7500,1920,1080,Medium,High,Low,FXAA,On,0,283.2234094707926
TheWitcher3,14200,9000,2500,19700,9000,3500,1920,1080,Ultra,High,High,TAA,On,1,46.9
Warzone,17800,13000,3500,22500,11000,6000,1920,1080,Ultra,High,High,FXAA,Off,0,37.0
Fortnite,12000,7500,2500,22500,11000,5500,2560,1440,High,High,Medium,TAA,On,0,77.4
Overwatch,12000,8000,2500,19700,26500,4000,1920,1080,Medium,Low,High,TAA,On,0,280.1
GenshinImpact,12000,7800,2500,19700,14000,6000,1920,1080,Low,Medium,Ultra,FXAA,Off,0,110.96265904993112
GenshinImpact,12000,7800,2500,29000,14000,4000,2560,1440,Low,High,High,FXAA,Off,0,112.94817165036228
Warzone,17800,13000,3500,22500,26500,3500,1920,1080,Medium,Low,Medium,FXAA,On,0,91.0
LeagueOfLegends,8000,4500,2500,19700,38500,3500,1920,1080,Low,Low,High,FXAA,Off,0,348.92275225443296
Valorant,8000,5000,2500,17800,17500,3500,1920,1080,Ultra,Medium,Medium,FXAA,On,1,355.0
AssassinsCreed,17800,11000,3500,25200,26500,3500,1280,720,High,High,High,TAA,Off,1,127.0
Minecraft,8000,4000,2500,17800,17500,2500,1920,1080,Medium,High,High,FXAA,Off,0,278.8427548985242
Destiny2,14200,9000,2500,34900,18100,6000,1920,1080,High,High,Ultra,TAA,Off,1,141.4
ApexLegends,14200,9000,2500,29000,24500,4000,1280,720,Medium,Low,High,Off,On,0,221.39571236454373
Fortnite,12000,7500,2500,25200,14000,5500,1920,1080,Ultra,Ultra,Ultra,TAA,On,0,87.0
RainbowSixSiege,14200,9000,2500,25200,14000,4000,1920,1080,Medium,Ultra,High,TAA,Off,0,139.6
Cyberpunk2077,14200,9000,2500,19700,24500,3500,2560,1440,Ultra,Low,Ultra,FXAA,On,0,39.8
EldenRing,14200,9000,3500,29000,17500,7500,3840,2160,Ultra,High,Low,Off,Off,1,33.1
Warzone,17800,13000,3500,29000,18100,4000,2560,1440,Medium,High,Medium,TAA,On,0,47.9
CS_GO,9000,5500,2500,28200,17500,3500,1920,1080,Medium,Low,Ultra,Off,Off,0,375.654786036841
Cyberpunk2077,14200,9000,2500,17800,17500,2500,1920,1080,Ultra,Medium,Medium,TAA,On,-1,37.5
LeagueOfLegends,8000,4500,2500,14200,24500,3500,1920,1080,Ultra,Low,Ultra,Off,On,-1,305.6
TheWitcher3,14200,9000,2500,25200,11000,2500,1920,1080,Medium,High,Low,TAA,On,0,75.9
SpiderMan,17800,11000,3500,17800,17500,4000,1920,1080,Low,High,Medium,FXAA,Off,1,109.8
Destiny2,14200,9000,2500,25200,18100,3500,1920,1080,Ultra,Medium,Ultra,TAA,On,-1,65.2
TheWitcher3,14200,9000,2500,14200,26500,5500,1280,720,Medium,Ultra,Low,TAA,Off,-1,141.8
Warzone,17800,13000,3500,29000,26500,3500,2560,1440,Medium,Ultra,Low,Off,On,-1,49.1
LeagueOfLegends,8000,4500,2500,29000,18100,5500,1920,1080,Ultra,Low,Low,Off,On,1,347.3205974043823
Minecraft,8000,4000,2500,29000,14000,2500,1920,1080,Low,High,Medium,TAA,On,-1,294.5660693925526
GTA_V,10000,6500,2500,19700,17500,4000,2560,1440,Low,Ultra,Ultra,Off,On,1,132.8
Fortnite,12000,7500,2500,34900,17500,3500,1920,1080,High,Medium,Ultra,Off,Off,0,187.9
CS_GO,9000,5500,2500,22500,18100,4000,1920,1080,High,High,Low,Off,On,1,368.68739390124887
HorizonZeroDawn,17800,11000,3500,25200,18100,3500,2560,1440,Ultra,High,Low,Off,On,1,38.5
GenshinImpact,12000,7800,2500,34900,11000,5500,1920,1080,Medium,High,Ultra,Off,Off,1,119.99919932216544
RedDeadRedemption2,17800,11000,3500,28200,11000,5500,1920,1080,Low,Low,Medium,TAA,Off,0,67.1
GenshinImpact,12000,7800,2500,34900,24500,3500,1920,1080,Ultra,Medium,High,TAA,Off,1,112.82772588851569
Overwatch,12000,8000,2500,22500,18100,5500,2560,1440,High,Low,High,Off,Off,1,151.7
Cyberpunk2077,14200,9000,2500,19700,38500,2500,1280,720,Low,Ultra,Medium,Off,On,1,118.666987107867
PUBG,14200,9000,2500,19700,14000,3500,2560,1440,Medium,High,Ultra,TAA,On,1,60.8
AssassinsCreed,17800,11000,3500,22500,18100,3500,2560,1440,Ultra,Medium,Ultra,FXAA,Off,-1,28.7
LeagueOfLegends,8000,4500,2500,19700,17500,4000,1920,1080,High,Low,Medium,FXAA,On,1,328.4224540508732
PUBG,14200,9000,2500,25200,14000,3500,2560,1440,Ultra,High,Low,TAA,On,1,48.9
LeagueOfLegends,8000,4500,2500,28200,17500,3500,1280,720,High,Medium,Ultra,Off,On,1,329.3796386980672
EldenRing,14200,9000,3500,28200,24500,3500,1920,1080,Medium,Low,High,Off,On,0,111.26151702691602
GTA_V,10000,6500,2500,22500,11000,4000,1920,1080,High,High,Medium,Off,Off,1,140.3
LeagueOfLegends,8000,4500,2500,17800,9000,5500,2560,1440,High,High,High,FXAA,Off,-1,148.0
TheWitcher3,14200,9000,2500,22500,26500,3500,1920,1080,High,Ultra,Medium,TAA,Off,1,104.2
LeagueOfLegends,8000,4500,2500,22500,14000,4000,2560,1440,Medium,Low,Medium,TAA,On,0,269.5
Destiny2,14200,9000,2500,19700,11000,4000,1920,1080,High,Ultra,High,TAA,On,1,76.3
SpiderMan,17800,11000,3500,19700,14000,2500,1920,1080,Low,Low,Ultra,FXAA,Off,0,89.5
CS_GO,9000,5500,2500,17800,17500,4000,1920,1080,Ultra,Low,Low,FXAA,Off,1,320.3
TheWitcher3,14200,9000,2500,25200,26500,3500,1920,1080,Ultra,Medium,Low,FXAA,Off,-1,82.4
RedDeadRedemption2,17800,11000,3500,28200,9000,6000,1920,1080,High,Ultra,Low,TAA,On,-1,30.0
RocketLeague,11000,7000,2500,19700,17500,4000,2560,1440,Low,Medium,High,TAA,Off,0,192.8
RainbowSixSiege,14200,9000,2500,22500,17500,6000,1920,1080,High,Low,Medium,Off,On,0,175.5
Destiny2,14200,9000,2500,19700,14000,3500,1280,720,Low,High,High,TAA,On,0,174.9
GTA_V,10000,6500,2500,25200,26500,2500,1920,1080,Ultra,Medium,High,FXAA,On,1,159.8
Overwatch,12000,8000,2500,28200,14000,3500,1920,1080,Ultra,Low,Ultra,TAA,On,0,121.0
ApexLegends,14200,9000,2500,29000,17500,4000,1920,1080,Medium,Low,High,FXAA,Off,0,167.1
EldenRing,14200,9000,3500,14200,11000,4000,1920,1080,Medium,High,Low,Off,Off,1,92.5
ApexLegends,14200,9000,2500,29000,14000,2500,1280,720,Low,Ultra,High,Off,On,0,206.7
EldenRing,14200,9000,3500,19700,18100,6000,2560,1440,Low,Medium,Ultra,TAA,Off,0,85.8
TheWitcher3,14200,9000,2500,25200,17500,3500,1920,1080,Ultra,Ultra,High,TAA,On,0,58.0
Warzone,17800,13000,3500,17800,24500,4000,2560,1440,High,Ultra,Low,FXAA,On,0,40.0
Valorant,8000,5000,2500,25200,24500,6000,1920,1080,Low,High,High,Off,Off,0,396.0410243402047
TheWitcher3,14200,9000,2500,22500,24500,2500,2560,1440,Ultra,Medium,High,TAA,On,1,53.1
AssassinsCreed,17800,11000,3500,22500,17500,6000,3840,2160,Ultra,Medium,Medium,Off,On,-1,18.4
Valorant,8000,5000,2500,29000,24500,2500,1920,1080,Ultra,High,Medium,Off,Off,-1,394.4440223407901
ApexLegends,14200,9000,2500,22500,11000,7500,1920,1080,High,Low,Low,TAA,Off,0,127.3
CS_GO,9000,5500,2500,28200,14000,5500,1920,1080,High,Ultra,Low,FXAA,On,1,373.8
LeagueOfLegends,8000,4500,2500,25200,9000,6000,1920,1080,High,Ultra,Medium,Off,Off,0,287.3
PUBG,14200,9000,2500,25200,14000,7500,1920,1080,Medium,Ultra,High,Off,Off,0,117.2
RainbowSixSiege,14200,9000,2500,19700,26500,3500,2560,1440,Low,Medium,Ultra,TAA,Off,0,165.0
LeagueOfLegends,8000,4500,2500,22500,18100,2500,1920,1080,High,High,High,FXAA,Off,1,328.1952073414048
PUBG,14200,9000,2500,29000,17500,4000,1920,1080,High,High,Low,FXAA,On,1,124.1
TheWitcher3,14200,9000,2500,28200,24500,7500,2560,1440,Ultra,Ultra,Low,FXAA,On,0,55.8
Warzone,17800,13000,3500,17800,14000,2500,2560,1440,Low,Ultra,Medium,FXAA,On,1,40.8
GTA_V,10000,6500,2500,22500,9000,5500,1920,1080,Medium,Low,Medium,Off,Off,0,165.1
LeagueOfLegends,8000,4500,2500,29000,17500,6000,1920,1080,Low,Medium,Low,FXAA,On,0,326.924367968362
RedDeadRedemption2,17800,11000,3500,34900,18100,2500,2560,1440,Medium,Medium,Ultra,Off,Off,0,40.1
AssassinsCreed,17800,11000,3500,28200,14000,2500,1920,1080,High,Medium,High,FXAA,Off,0,62.7
LeagueOfLegends,8000,4500,2500,22500,17500,4000,1920,1080,High,Low,High,Off,Off,1,347.71635186357366
ApexLegends,14200,9000,2500,22500,24500,3500,3840,2160,High,High,Ultra,FXAA,Off,1,51.1
HorizonZeroDawn,17800,11000,3500,19700,24500,5500,1920,1080,Medium,Low,Medium,FXAA,On,0,101.5
ApexLegends,14200,9000,2500,25200,17500,2500,2560,1440,Ultra,High,Medium,FXAA,Off,-1,51.5
LeagueOfLegends,8000,4500,2500,17800,38500,3500,1280,720,Ultra,Ultra,High,TAA,On,1,338.5390085494877
Minecraft,8000,4000,2500,19700,17500,3500,1280,720,Medium,High,Ultra,FXAA,Off,1,287.7426396586721
GenshinImpact,12000,7800,2500,14200,18100,3500,1920,1080,Low,Medium,High,FXAA,Off,1,119.47379635411866
LeagueOfLegends,8000,4500,2500,25200,17500,4000,1280,720,Low,High,Ultra,FXAA,On,0,333.9278633193832
Valorant,8000,5000,2500,28200,17500,4000,2560,1440,Medium,Medium,High,TAA,Off,1,395.7387722304112
PUBG,14200,9000,2500,29000,24500,7500,1280,720,Low,Low,Medium,Off,Off,0,194.6913456625654
Warzone,17800,13000,3500,17800,17500,4000,1920,1080,High,Low,Medium,FXAA,Off,0,56.7
Cyberpunk2077,14200,9000,2500,29000,9000,2500,2560,1440,Ultra,High,Medium,Off,On,0,26.6
RedDeadRedemption2,17800,11000,3500,25200,26500,7500,3840,2160,High,Ultra,Ultra,Off,On,0,19.2
ApexLegends,14200,9000,2500,19700,14000,2500,2560,1440,Low,Low,Medium,TAA,On,1,113.9
Warzone,17800,13000,3500,25200,17500,7500,2560,1440,Medium,Low,Ultra,Off,On,-1,49.6
ApexLegends,14200,9000,2500,29000,14000,2500,1280,720,Medium,Ultra,Medium,Off,On,0,167.3
TheWitcher3,14200,9000,2500,14200,18100,2500,1280,720,Ultra,Ultra,Low,Off,On,1,84.9
RainbowSixSiege,14200,9000,2500,28200,17500,4000,2560,1440,Low,Medium,Ultra,TAA,Off,0,148.5
CS_GO,9000,5500,2500,22500,14000,6000,2560,1440,Medium,Ultra,High,Off,On,1,285.4
Warzone,17800,13000,3500,17800,17500,5500,1280,720,Medium,Medium,Low,Off,Off,-1,94.7
LeagueOfLegends,8000,4500,2500,25200,11000,3500,2560,1440,Medium,High,Medium,TAA,Off,0,231.1
TheWitcher3,14200,9000,2500,29000,11000,6000,1280,720,High,Ultra,Low,FXAA,On,0,112.7
PUBG,14200,9000,2500,29000,38500,7500,2560,1440,Ultra,Low,Ultra,TAA,On,-1,76.7
RainbowSixSiege,14200,9000,2500,19700,9000,2500,3840,2160,Low,High,Low,Off,On,0,50.7
GTA_V,10000,6500,2500,28200,14000,2500,3840,2160,Ultra,Ultra,Ultra,Off,On,1,35.5
RainbowSixSiege,14200,9000,2500,19700,38500,3500,2560,1440,Medium,Low,High,Off,On,1,224.3
Minecraft,8000,4000,2500,19700,14000,2500,1920,1080,Medium,Ultra,High,TAA,On,-1,272.2
Fortnite,12000,7500,2500,19700,17500,2500,1920,1080,Ultra,Ultra,Ultra,Off,Off,0,95.9
SpiderMan,17800,11000,3500,19700,24500,3500,1920,1080,Low,Medium,Medium,FXAA,Off,1,134.5668878467939
Cyberpunk2077,14200,9000,2500,34900,26500,5500,1920,1080,Low,Ultra,Low,FXAA,Off,-1,117.2
Cyberpunk2077,14200,9000,2500,25200,9000,3500,1920,1080,Low,Low,Medium,Off,On,-1,70.2
GenshinImpact,12000,7800,2500,19700,18100,5500,1920,1080,Low,Ultra,High,Off,On,1,118.90549838393838
CS_GO,9000,5500,2500,28200,26500,5500,2560,1440,High,High,High,TAA,On,1,361.6
Fortnite,12000,7500,2500,14200,14000,3500,1280,720,High,Ultra,Low,Off,On,0,160.6
Overwatch,12000,8000,2500,19700,24500,4000,1920,1080,Medium,Medium,High,FXAA,On,1,285.0
Warzone,17800,13000,3500,22500,14000,3500,1920,1080,Ultra,Low,Medium,Off,On,0,43.1
RocketLeague,11000,7000,2500,28200,18100,4000,1920,1080,Ultra,Medium,Low,FXAA,Off,0,191.6
GenshinImpact,12000,7800,2500,19700,18100,6000,1920,1080,Medium,Ultra,Low,TAA,On,-1,117.6930635908096
Warzone,17800,13000,3500,19700,38500,2500,1280,720,Low,Medium,Medium,Off,On,0,176.96446006907047
GenshinImpact,12000,7800,2500,19700,17500,7500,2560,1440,Low,High,Low,Off,On,0,111.34826058385954
RedDeadRedemption2,17800,11000,3500,22500,17500,4000,1920,1080,Ultra,Ultra,High,Off,On,-1,24.8
EldenRing,14200,9000,3500,22500,18100,5500,1920,1080,High,High,Medium,TAA,On,-1,74.9
EldenRing,14200,9000,3500,29000,9000,2500,1920,1080,High,Low,Low,Off,On,-1,71.1
ApexLegends,14200,9000,2500,14200,17500,7500,1920,1080,High,High,Medium,TAA,Off,0,121.4
HorizonZeroDawn,17800,11000,3500,28200,14000,4000,1920,1080,High,Ultra,Low,FXAA,On,1,61.2
ApexLegends,14200,9000,2500,25200,17500,4000,1920,1080,Ultra,High,Ultra,Off,Off,1,108.4
RedDeadRedemption2,17800,11000,3500,22500,18100,2500,1920,1080,Ultra,Medium,High,Off,On,0,35.2
Overwatch,12000,8000,2500,19700,11000,4000,1920,1080,Medium,High,Medium,FXAA,Off,1,184.7
Cyberpunk2077,14200,9000,2500,17800,18100,2500,2560,1440,Medium,High,High,Off,On,0,46.6
LeagueOfLegends,8000,4500,2500,22500,9000,4000,2560,1440,Medium,Medium,Low,TAA,On,1,240.2
SpiderMan,17800,11000,3500,28200,11000,2500,1920,1080,Ultra,High,High,TAA,Off,1,44.4
SpiderMan,17800,11000,3500,19700,9000,4000,3840,2160,Ultra,High,High,TAA,Off,1,12.9
Valorant,8000,5000,2500,19700,14000,3500,1920,1080,Ultra,Ultra,Medium,FXAA,Off,0,270.8
ApexLegends,14200,9000,2500,17800,26500,5500,2560,1440,Ultra,Low,Medium,Off,Off,1,95.8
Cyberpunk2077,14200,9000,2500,22500,18100,2500,2560,1440,Medium,Low,Medium,Off,Off,0,57.7
Warzone,17800,13000,3500,29000,17500,3500,1920,1080,Ultra,High,Ultra,TAA,Off,1,43.3
PUBG,14200,9000,2500,19700,14000,6000,1920,1080,Low,Medium,Ultra,Off,On,0,147.8
CS_GO,9000,5500,2500,22500,18100,4000,1920,1080,High,Low,Medium,TAA,Off,0,369.9360450419748
GenshinImpact,12000,7800,2500,22500,24500,4000,1920,1080,High,Low,Medium,Off,On,0,117.0559245130012
AssassinsCreed,17800,11000,3500,22500,11000,4000,2560,1440,Ultra,High,Ultra,Off,Off,1,28.0
Fortnite,12000,7500,2500,19700,11000,3500,1920,1080,Medium,High,Medium,FXAA,Off,-1,120.0
TheWitcher3,14200,9000,2500,19700,18100,2500,2560,1440,Ultra,Low,Ultra,TAA,Off,0,41.5
EldenRing,14200,9000,3500,28200,24500,3500,1920,1080,Medium,Medium,Medium,TAA,Off,-1,115.23658318790235
GTA_V,10000,6500,2500,17800,11000,3500,1920,1080,Low,Medium,High,Off,On,0,165.4
Valorant,8000,5000,2500,29000,14000,5500,3840,2160,Low,Ultra,Medium,TAA,On,-1,174.2
Warzone,17800,13000,3500,29000,24500,5500,2560,1440,High,Low,High,FXAA,On,0,56.5
Warzone,17800,13000,3500,28200,11000,6000,2560,1440,Low,Medium,Ultra,FXAA,Off,-1,44.8
Overwatch,12000,8000,2500,22500,11000,2500,1920,1080,Low,Ultra,Ultra,Off,On,0,161.8
AssassinsCreed,17800,11000,3500,14200,9000,4000,1920,1080,High,Low,High,FXAA,Off,0,46.7
TheWitcher3,14200,9000,2500,34900,14000,2500,2560,1440,Medium,High,High,Off,Off,0,68.7
HorizonZeroDawn,17800,11000,3500,19700,18100,5500,1920,1080,Ultra,High,Medium,Off,On,0,52.5
EldenRing,14200,9000,3500,22500,38500,3500,1920,1080,Medium,Medium,High,Off,Off,0,117.61842106380284
Overwatch,12000,8000,2500,14200,14000,7500,1280,720,Ultra,Ultra,Low,TAA,On,0,154.6
SpiderMan,17800,11000,3500,22500,14000,3500,2560,1440,High,Low,Low,Off,Off,0,46.4
LeagueOfLegends,8000,4500,2500,25200,26500,5500,1920,1080,Medium,Medium,Ultra,Off,Off,0,336.79568928367786
Minecraft,8000,4000,2500,19700,26500,4000,1920,1080,Ultra,Ultra,Low,TAA,On,-1,285.6
Cyberpunk2077,14200,9000,2500,17800,11000,2500,1920,1080,Ultra,Medium,High,FXAA,Off,0,35.9
RainbowSixSiege,14200,9000,2500,19700,11000,4000,1280,720,Ultra,Ultra,Ultra,Off,On,1,117.2
TheWitcher3,14200,9000,2500,19700,11000,4000,1280,720,Low,Medium,High,FXAA,On,1,133.31853096604064
Minecraft,8000,4000,2500,17800,17500,6000,1920,1080,Medium,High,Low,FXAA,On,-1,298.98259791044427
PUBG,14200,9000,2500,29000,14000,2500,2560,1440,Ultra,Low,High,FXAA,Off,0,47.2
TheWitcher3,14200,9000,2500,19700,24500,4000,2560,1440,High,High,Ultra,TAA,Off,0,64.9
Overwatch,12000,8000,2500,19700,11000,5500,3840,2160,High,High,High,Off,Off,0,52.4
RainbowSixSiege,14200,9000,2500,19700,11000,4000,2560,1440,High,Ultra,Medium,FXAA,Off,1,75.2
Valorant,8000,5000,2500,17800,17500,5500,1920,1080,Low,Ultra,Medium,TAA,On,-1,370.40870868917233
HorizonZeroDawn,17800,11000,3500,25200,24500,5500,2560,1440,Medium,Low,Medium,Off,On,0,75.9
AssassinsCreed,17800,11000,3500,29000,38500,3500,2560,1440,Medium,Ultra,Medium,TAA,Off,0,80.1
SpiderMan,17800,11000,3500,14200,14000,2500,1280,720,High,High,Ultra,Off,Off,1,76.5
HorizonZeroDawn,17800,11000,3500,25200,18100,4000,2560,1440,Ultra,Ultra,High,Off,On,-1,24.5
AssassinsCreed,17800,11000,3500,19700,24500,4000,1920,1080,High,Low,High,Off,Off,0,93.9
TheWitcher3,14200,9000,2500,34900,26500,4000,2560,1440,Ultra,Ultra,High,TAA,On,0,51.6
CS_GO,9000,5500,2500,34900,14000,4000,1920,1080,Low,High,Low,FXAA,Off,0,398.0284436637178
RainbowSixSiege,14200,9000,2500,29000,14000,3500,1920,1080,Ultra,Low,Ultra,Off,On,0,106.0
Valorant,8000,5000,2500,14200,26500,6000,1280,720,Low,Medium,Medium,Off,On,1,376.59247158412137
RocketLeague,11000,7000,2500,14200,9000,3500,3840,2160,Ultra,Medium,Ultra,FXAA,On,0,30.4
Overwatch,12000,8000,2500,29000,9000,4000,1920,1080,Ultra,Medium,Low,TAA,On,-1,95.2
ApexLegends,14200,9000,2500,34900,18100,6000,2560,1440,Ultra,Ultra,Medium,Off,On,1,79.1
EldenRing,14200,9000,3500,25200,17500,7500,1920,1080,Low,Low,Medium,Off,Off,0,115.94620393166936
Cyberpunk2077,14200,9000,2500,25200,11000,6000,1920,1080,High,Medium,Low,Off,Off,-1,60.2
SpiderMan,17800,11000,3500,17800,18100,3500,1920,1080,Ultra,High,Low,TAA,Off,0,48.1
Warzone,17800,13000,3500,34900,24500,4000,2560,1440,Medium,High,Ultra,FXAA,Off,0,59.7
HorizonZeroDawn,17800,11000,3500,29000,14000,4000,2560,1440,Low,High,Medium,Off,Off,0,62.4
HorizonZeroDawn,17800,11000,3500,28200,17500,4000,1920,1080,High,Low,High,TAA,Off,-1,58.0
CS_GO,9000,5500,2500,25200,18100,5500,1920,1080,Medium,Ultra,Medium,FXAA,Off,0,393.29800739527707
Fortnite,12000,7500,2500,22500,26500,2500,1920,1080,Low,High,Ultra,Off,Off,0,224.6310594650882
AssassinsCreed,17800,11000,3500,34900,26500,2500,1920,1080,Ultra,Low,High,Off,On,-1,64.7
AssassinsCreed,17800,11000,3500,34900,18100,2500,1920,1080,Low,Ultra,Low,FXAA,Off,-1,85.7
CS_GO,9000,5500,2500,28200,18100,5500,3840,2160,Medium,High,Ultra,Off,On,0,178.3
Destiny2,14200,9000,2500,28200,24500,2500,1920,1080,Medium,Low,High,TAA,Off,1,190.2
LeagueOfLegends,8000,4500,2500,28200,17500,7500,1280,720,Low,Ultra,Medium,FXAA,On,0,347.77716109617694
CS_GO,9000,5500,2500,25200,38500,2500,1920,1080,Medium,Low,High,FXAA,On,0,387.7316009323533
RedDeadRedemption2,17800,11000,3500,28200,26500,3500,2560,1440,Low,High,Medium,TAA,On,1,58.5
GTA_V,10000,6500,2500,22500,17500,6000,1920,1080,Medium,High,Medium,TAA,Off,-1,148.7
AssassinsCreed,17800,11000,3500,19700,26500,3500,2560,1440,High,Low,Ultra,Off,On,0,58.0
RainbowSixSiege,14200,9000,2500,29000,11000,5500,1280,720,Low,Medium,Low,Off,Off,0,259.1237238428635
CS_GO,9000,5500,2500,19700,24500,2500,2560,1440,Medium,Low,Low,FXAA,Off,1,390.86682610218304
LeagueOfLegends,8000,4500,2500,19700,17500,3500,2560,1440,High,Low,Low,Off,On,0,288.5
CS_GO,9000,5500,2500,25200,24500,6000,1280,720,High,High,Ultra,FXAA,Off,0,374.12196906917205
HorizonZeroDawn,17800,11000,3500,22500,18100,4000,2560,1440,High,Ultra,High,TAA,Off,-1,29.8
RocketLeague,11000,7000,2500,34900,18100,5500,1920,1080,Medium,Medium,Medium,Off,Off,0,280.69997872733984
Minecraft,8000,4000,2500,19700,17500,4000,1920,1080,Ultra,Medium,High,Off,Off,0,288.7
RedDeadRedemption2,17800,11000,3500,14200,24500,5500,1920,1080,Low,Low,Low,FXAA,Off,0,90.1
EldenRing,14200,9000,3500,19700,24500,4000,1920,1080,Low,High,Low,TAA,Off,1,110.93884809542264
Cyberpunk2077,14200,9000,2500,22500,24500,6000,2560,1440,Ultra,Low,Ultra,Off,On,1,51.5
RedDeadRedemption2,17800,11000,3500,17800,14000,2500,2560,1440,Medium,Medium,Ultra,FXAA,On,0,24.9
Minecraft,8000,4000,2500,28200,11000,2500,2560,1440,Medium,High,Low,Off,Off,0,243.6
PUBG,14200,9000,2500,17800,11000,2500,2560,1440,High,Low,Medium,Off,Off,1,58.4
CS_GO,9000,5500,2500,22500,14000,4000,1920,1080,Low,Low,Medium,Off,On,0,389.2820728554437
SpiderMan,17800,11000,3500,25200,17500,4000,1920,1080,Medium,Medium,Medium,FXAA,Off,1,107.5
Minecraft,8000,4000,2500,29000,9000,3500,2560,1440,Low,Ultra,High,FXAA,Off,-1,201.2
Cyberpunk2077,14200,9000,2500,22500,14000,2500,1920,1080,High,High,High,TAA,On,0,52.2
EldenRing,14200,9000,3500,25200,24500,4000,1920,1080,Ultra,Low,Low,FXAA,On,0,96.8
Overwatch,12000,8000,2500,22500,9000,2500,1920,1080,Medium,Medium,High,Off,On,0,156.2
EldenRing,14200,9000,3500,34900,17500,6000,3840,2160,Low,Low,Low,Off,On,1,74.4
Destiny2,14200,9000,2500,28200,38500,4000,1920,1080,Medium,Low,High,TAA,On,0,196.19770135425912
LeagueOfLegends,8000,4500,2500,25200,18100,3500,1920,1080,High,Low,Ultra,TAA,Off,1,344.20454641833453
Valorant,8000,5000,2500,22500,38500,6000,1920,1080,Medium,High,Low,TAA,On,-1,375.91468391977287
RainbowSixSiege,14200,9000,2500,17800,18100,4000,1920,1080,Ultra,Medium,Low,FXAA,On,0,115.0
CS_GO,9000,5500,2500,29000,26500,2500,1920,1080,Ultra,Ultra,Ultra,FXAA,On,0,312.1
TheWitcher3,14200,9000,2500,25200,26500,3500,2560,1440,Medium,High,Medium,TAA,On,1,98.3
Destiny2,14200,9000,2500,34900,11000,2500,2560,1440,Ultra,Ultra,High,TAA,Off,0,42.7
Destiny2,14200,9000,2500,28200,26500,2500,2560,1440,Medium,Ultra,Medium,Off,Off,1,120.6
TheWitcher3,14200,9000,2500,34900,14000,7500,1280,720,High,Low,Ultra,Off,On,1,137.8764409930836
EldenRing,14200,9000,3500,28200,24500,6000,2560,1440,Ultra,High,Low,FXAA,Off,0,60.0
ApexLegends,14200,9000,2500,22500,11000,5500,2560,1440,Low,Low,High,TAA,Off,0,108.1
Warzone,17800,13000,3500,19700,17500,2500,1920,1080,High,High,Ultra,FXAA,On,0,45.5
GenshinImpact,12000,7800,2500,22500,14000,4000,1280,720,High,Low,High,Off,On,-1,117.4328129914373
Warzone,17800,13000,3500,25200,18100,2500,1920,1080,Ultra,Medium,Ultra,Off,Off,0,42.0
Minecraft,8000,4000,2500,19700,17500,3500,2560,1440,High,High,Low,Off,On,-1,222.7
PUBG,14200,9000,2500,19700,24500,2500,1920,1080,Medium,Low,Ultra,Off,Off,0,145.2
RainbowSixSiege,14200,9000,2500,25200,26500,4000,2560,1440,Low,High,Low,FXAA,Off,1,206.2
Cyberpunk2077,14200,9000,2500,29000,24500,4000,1920,1080,Low,High,Low,Off,On,0,110.74678544570156
CS_GO,9000,5500,2500,17800,24500,4000,1920,1080,Medium,Ultra,High,Off,On,0,395.887590235508
RocketLeague,11000,7000,2500,14200,26500,2500,2560,1440,High,Medium,Ultra,Off,On,1,174.1
Valorant,8000,5000,2500,25200,18100,3500,1920,1080,High,Ultra,Medium,Off,Off,1,397.02972043771007
ApexLegends,14200,9000,2500,22500,11000,2500,1920,1080,High,Low,Medium,FXAA,On,0,93.3
Valorant,8000,5000,2500,29000,9000,5500,1920,1080,Medium,Ultra,Ultra,Off,On,1,397.9356177462923
Cyberpunk2077,14200,9000,2500,22500,24500,5500,3840,2160,High,Medium,Low,FXAA,On,0,31.5
GenshinImpact,12000,7800,2500,14200,14000,5500,1920,1080,Low,Medium,Ultra,TAA,On,0,117.03728763292438
CS_GO,9000,5500,2500,25200,24500,4000,1920,1080,Ultra,Ultra,High,Off,On,1,356.9
RocketLeague,11000,7000,2500,17800,38500,6000,1920,1080,Ultra,Medium,High,TAA,Off,-1,217.7
RocketLeague,11000,7000,2500,25200,26500,5500,1920,1080,High,Low,Low,TAA,On,0,290.9825003099912
HorizonZeroDawn,17800,11000,3500,22500,24500,4000,2560,1440,Medium,Medium,Low,FXAA,On,0,61.1
Cyberpunk2077,14200,9000,2500,34900,18100,3500,3840,2160,Medium,Low,Medium,FXAA,Off,1,39.8
Overwatch,12000,8000,2500,22500,18100,6000,2560,1440,Ultra,Low,Low,TAA,On,0,102.4
CS_GO,9000,5500,2500,19700,38500,7500,3840,2160,Low,Ultra,High,Off,On,1,341.7
PUBG,14200,9000,2500,34900,14000,5500,1920,1080,Low,High,High,Off,Off,1,185.1
Minecraft,8000,4000,2500,28200,17500,3500,2560,1440,High,Ultra,Ultra,FXAA,Off,1,252.6
Valorant,8000,5000,2500,22500,26500,3500,1280,720,Medium,Ultra,Ultra,FXAA,On,1,382.6056119045284
Fortnite,12000,7500,2500,29000,9000,6000,1920,1080,High,Medium,High,Off,Off,0,152.1
HorizonZeroDawn,17800,11000,3500,28200,26500,7500,1920,1080,Low,Medium,Low,Off,Off,0,137.74653292452405
Cyberpunk2077,14200,9000,2500,19700,26500,2500,2560,1440,Low,Low,Low,FXAA,On,-1,72.4
Valorant,8000,5000,2500,25200,17500,4000,1920,1080,High,High,Low,TAA,On,1,385.285817226056
RedDeadRedemption2,17800,11000,3500,28200,17500,4000,1920,1080,Ultra,Low,Ultra,TAA,Off,1,37.1
Valorant,8000,5000,2500,19700,26500,4000,2560,1440,Ultra,High,Low,FXAA,On,1,311.1
LeagueOfLegends,8000,4500,2500,25200,14000,3500,1920,1080,Low,Medium,Low,Off,On,0,324.6094036605286
Warzone,17800,13000,3500,19700,14000,2500,1920,1080,High,Medium,High,FXAA,On,0,47.6
PUBG,14200,9000,2500,29000,24500,3500,1920,1080,Medium,Ultra,High,TAA,Off,0,134.9
SpiderMan,17800,11000,3500,17800,17500,3500,2560,1440,High,Medium,High,FXAA,On,0,43.6
LeagueOfLegends,8000,4500,2500,25200,14000,5500,1920,1080,Low,Low,High,Off,On,0,330.3568059331126
Minecraft,8000,4000,2500,19700,11000,5500,2560,1440,High,Low,Medium,Off,On,-1,177.7
AssassinsCreed,17800,11000,3500,22500,38500,6000,2560,1440,Ultra,High,Low,TAA,Off,0,55.0
Valorant,8000,5000,2500,22500,9000,5500,2560,1440,Medium,Medium,Low,TAA,Off,0,287.5
Cyberpunk2077,14200,9000,2500,34900,11000,4000,1920,1080,Ultra,Low,Ultra,FXAA,On,1,55.3
HorizonZeroDawn,17800,11000,3500,25200,18100,3500,2560,1440,Low,Ultra,High,FXAA,Off,1,64.6
RainbowSixSiege,14200,9000,2500,14200,18100,2500,1280,720,Low,High,Low,TAA,Off,0,265.0
RedDeadRedemption2,17800,11000,3500,25200,14000,3500,1920,1080,High,Medium,Low,TAA,Off,0,43.7
HorizonZeroDawn,17800,11000,3500,25200,18100,2500,2560,1440,Low,Ultra,Ultra,Off,Off,0,56.1
Warzone,17800,13000,3500,19700,38500,2500,1920,1080,Medium,Medium,Ultra,Off,On,0,103.5
Warzone,17800,13000,3500,25200,24500,4000,2560,1440,Medium,High,High,TAA,On,-1,42.7
HorizonZeroDawn,17800,11000,3500,25200,18100,4000,2560,1440,Medium,High,Medium,TAA,On,0,48.9
CS_GO,9000,5500,2500,25200,14000,2500,3840,2160,Medium,Low,Medium,Off,On,0,147.4
Valorant,8000,5000,2500,28200,18100,3500,1920,1080,High,Low,Low,TAA,On,0,392.6240557900345
AssassinsCreed,17800,11000,3500,34900,11000,2500,1920,1080,Ultra,High,Low,TAA,On,0,42.5
CS_GO,9000,5500,2500,22500,38500,3500,2560,1440,Medium,Medium,Ultra,Off,Off,0,376.25444897894863
HorizonZeroDawn,17800,11000,3500,14200,14000,3500,1280,720,Medium,Ultra,High,Off,Off,1,84.1
PUBG,14200,9000,2500,22500,17500,6000,2560,1440,High,High,Low,FXAA,On,0,74.8
RedDeadRedemption2,17800,11000,3500,19700,24500,3500,1920,1080,Low,High,Low,Off,Off,1,96.8
GTA_V,10000,6500,2500,25200,14000,5500,1920,1080,Medium,Ultra,High,Off,On,-1,132.2
ApexLegends,14200,9000,2500,25200,14000,4000,1280,720,Medium,Ultra,Ultra,TAA,On,1,169.2
Cyberpunk2077,14200,9000,2500,29000,11000,4000,1920,1080,Low,Medium,High,TAA,On,1,97.2
Cyberpunk2077,14200,9000,2500,22500,14000,4000,1920,1080,Low,High,Medium,Off,On,0,97.6
Valorant,8000,5000,2500,25200,17500,3500,1920,1080,Low,Low,Medium,TAA,On,0,391.0353152148954
Warzone,17800,13000,3500,29000,17500,4000,1920,1080,Medium,Low,Low,TAA,On,0,78.4
Destiny2,14200,9000,2500,17800,14000,2500,1920,1080,Ultra,Medium,Medium,FXAA,Off,-1,56.3
Warzone,17800,13000,3500,29000,11000,4000,1920,1080,Low,Medium,Ultra,TAA,Off,-1,59.5
TheWitcher3,14200,9000,2500,28200,18100,7500,1920,1080,Medium,Low,High,TAA,Off,0,135.3
GTA_V,10000,6500,2500,22500,26500,4000,1920,1080,Low,Low,Ultra,Off,On,0,171.0709455607434
Overwatch,12000,8000,2500,22500,26500,3500,3840,2160,Low,Low,Medium,Off,On,-1,114.0
SpiderMan,17800,11000,3500,19700,24500,6000,2560,1440,Ultra,Ultra,Low,Off,On,1,45.2
CS_GO,9000,5500,2500,25200,18100,5500,2560,1440,High,High,Low,FXAA,Off,0,270.7
GTA_V,10000,6500,2500,17800,26500,3500,2560,1440,High,Ultra,Ultra,Off,On,-1,89.8
TheWitcher3,14200,9000,2500,19700,26500,2500,1920,1080,Medium,Medium,Ultra,TAA,On,0,120.2
ApexLegends,14200,9000,2500,29000,17500,5500,1920,1080,High,Ultra,Medium,Off,Off,0,138.5
EldenRing,14200,9000,3500,25200,17500,4000,1920,1080,Low,High,Ultra,Off,On,-1,119.9
LeagueOfLegends,8000,4500,2500,19700,18100,3500,2560,1440,Low,Low,Medium,FXAA,Off,0,323.81531345035967
Destiny2,14200,9000,2500,19700,17500,3500,2560,1440,Medium,Ultra,Medium,TAA,On,0,67.7
RainbowSixSiege,14200,9000,2500,28200,18100,5500,2560,1440,High,High,Medium,TAA,Off,0,109.0
SpiderMan,17800,11000,3500,25200,14000,4000,1280,720,Low,High,High,TAA,On,-1,110.4
RocketLeague,11000,7000,2500,19700,14000,4000,1280,720,Low,Ultra,High,TAA,On,0,276.69485315694754
RedDeadRedemption2,17800,11000,3500,29000,17500,6000,2560,1440,Medium,Ultra,High,Off,Off,1,42.8
RocketLeague,11000,7000,2500,22500,24500,5500,1280,720,High,High,High,TAA,Off,0,285.7212462674735
SpiderMan,17800,11000,3500,28200,18100,3500,1920,1080,Medium,High,Medium,FXAA,On,1,103.0
ApexLegends,14200,9000,2500,14200,26500,3500,1920,1080,Low,Ultra,Low,Off,On,1,219.4
HorizonZeroDawn,17800,11000,3500,25200,26500,3500,1920,1080,Low,High,High,Off,On,0,128.7
Warzone,17800,13000,3500,28200,18100,2500,2560,1440,High,High,Medium,FXAA,Off,1,42.3
CS_GO,9000,5500,2500,25200,38500,2500,1920,1080,Ultra,High,Ultra,Off,On,0,385.1380749194816
LeagueOfLegends,8000,4500,2500,28200,14000,2500,2560,1440,High,High,Ultra,FXAA,Off,1,240.5
Overwatch,12000,8000,2500,19700,18100,3500,1280,720,High,Ultra,Ultra,TAA,Off,1,204.9
LeagueOfLegends,8000,4500,2500,25200,26500,6000,1920,1080,Ultra,Low,High,TAA,Off,-1,341.7985072064068
CS_GO,9000,5500,2500,34900,9000,6000,2560,1440,Low,Ultra,High,TAA,On,-1,227.2
RocketLeague,11000,7000,2500,28200,26500,6000,1920,1080,Medium,Medium,High,FXAA,Off,0,282.2475008372071
HorizonZeroDawn,17800,11000,3500,22500,18100,7500,3840,2160,Ultra,Ultra,Ultra,TAA,Off,0,14.9
Warzone,17800,13000,3500,19700,17500,4000,1920,1080,Medium,Ultra,High,FXAA,Off,-1,48.8
GTA_V,10000,6500,2500,28200,24500,4000,1920,1080,Medium,Medium,Ultra,FXAA,Off,0,179.92479911326836
LeagueOfLegends,8000,4500,2500,22500,38500,3500,1280,720,Ultra,Medium,Low,FXAA,On,0,335.71170221647884
LeagueOfLegends,8000,4500,2500,29000,17500,4000,1920,1080,Ultra,Low,Ultra,FXAA,On,0,329.5
RocketLeague,11000,7000,2500,22500,24500,3500,2560,1440,Ultra,High,High,TAA,On,0,118.1
LeagueOfLegends,8000,4500,2500,19700,18100,4000,2560,1440,Medium,Ultra,Ultra,TAA,Off,0,236.9
AssassinsCreed,17800,11000,3500,29000,14000,6000,1920,1080,Medium,Ultra,Medium,Off,Off,1,84.9
RedDeadRedemption2,17800,11000,3500,19700,26500,6000,1920,1080,High,Low,High,Off,Off,1,73.2
SpiderMan,17800,11000,3500,29000,14000,3500,2560,1440,Medium,Medium,Low,Off,On,-1,49.4
LeagueOfLegends,8000,4500,2500,19700,14000,6000,1920,1080,Ultra,High,Medium,TAA,On,0,256.4
Destiny2,14200,9000,2500,25200,24500,4000,3840,2160,Ultra,Medium,Low,FXAA,Off,0,41.4
Destiny2,14200,9000,2500,22500,18100,4000,1920,1080,Ultra,High,Low,TAA,Off,-1,71.9
TheWitcher3,14200,9000,2500,19700,9000,3500,1920,1080,Ultra,Low,Low,FXAA,On,0,49.5
Cyberpunk2077,14200,9000,2500,25200,14000,2500,1920,1080,Low,Low,Ultra,FXAA,On,1,100.6
PUBG,14200,9000,2500,22500,24500,3500,1920,1080,High,High,Ultra,Off,On,1,134.3
LeagueOfLegends,8000,4500,2500,25200,14000,3500,3840,2160,High,Ultra,Ultra,FXAA,Off,1,114.8
LeagueOfLegends,8000,4500,2500,28200,18100,7500,1920,1080,Medium,Ultra,Ultra,TAA,Off,0,334.63978152753407
RocketLeague,11000,7000,2500,19700,17500,6000,1920,1080,High,Ultra,Ultra,TAA,Off,0,181.7
Fortnite,12000,7500,2500,19700,17500,4000,2560,1440,Ultra,Medium,High,TAA,Off,1,76.7
TheWitcher3,14200,9000,2500,22500,26500,3500,1920,1080,High,Medium,Ultra,TAA,Off,0,104.2
GTA_V,10000,6500,2500,19700,17500,3500,2560,1440,Low,Medium,Low,Off,Off,0,154.2
HorizonZeroDawn,17800,11000,3500,28200,18100,4000,1920,1080,Low,High,Ultra,TAA,On,0,92.4
Minecraft,8000,4000,2500,25200,26500,3500,3840,2160,Ultra,High,High,Off,Off,-1,119.8
Overwatch,12000,8000,2500,25200,14000,6000,2560,1440,Ultra,High,Medium,TAA,Off,0,85.3
Minecraft,8000,4000,2500,19700,26500,5500,2560,1440,High,High,Medium,Off,Off,0,283.03720574033866
RocketLeague,11000,7000,2500,25200,14000,7500,1920,1080,High,Medium,Medium,FXAA,On,1,259.4
Destiny2,14200,9000,2500,22500,24500,3500,1920,1080,Medium,Low,Ultra,FXAA,On,1,178.1
TheWitcher3,14200,9000,2500,28200,17500,4000,1920,1080,Ultra,Medium,Low,FXAA,Off,0,75.0
EldenRing,14200,9000,3500,22500,14000,4000,3840,2160,Low,Low,Medium,FXAA,On,0,45.9
ApexLegends,14200,9000,2500,14200,18100,4000,1920,1080,Ultra,Medium,Ultra,Off,On,0,83.1
Valorant,8000,5000,2500,22500,18100,4000,1920,1080,Ultra,Ultra,High,FXAA,Off,0,328.1
Fortnite,12000,7500,2500,19700,18100,5500,1920,1080,Medium,Ultra,High,TAA,On,0,161.4
Warzone,17800,13000,3500,22500,9000,5500,2560,1440,High,Medium,Low,TAA,On,-1,25.4
RocketLeague,11000,7000,2500,22500,26500,3500,1920,1080,Medium,Ultra,Low,Off,Off,0,298.4
Fortnite,12000,7500,2500,28200,24500,4000,1920,1080,Low,High,Low,FXAA,Off,1,235.0104435204301
Destiny2,14200,9000,2500,25200,17500,5500,2560,1440,High,Medium,Low,FXAA,On,0,82.3
TheWitcher3,14200,9000,2500,22500,17500,6000,1920,1080,Low,Ultra,Ultra,TAA,On,1,130.4
CS_GO,9000,5500,2500,17800,14000,3500,1920,1080,High,Low,Low,FXAA,On,0,329.3
GTA_V,10000,6500,2500,29000,17500,2500,1920,1080,High,Medium,High,Off,On,0,168.8
TheWitcher3,14200,9000,2500,19700,18100,3500,3840,2160,Medium,Medium,High,TAA,On,0,34.0
RedDeadRedemption2,17800,11000,3500,19700,11000,3500,2560,1440,Low,Low,Ultra,Off,Off,1,38.0
TheWitcher3,14200,9000,2500,29000,11000,3500,2560,1440,Ultra,Ultra,Low,Off,On,0,36.0
RainbowSixSiege,14200,9000,2500,19700,14000,3500,1920,1080,Ultra,Low,Medium,TAA,Off,0,93.6
Valorant,8000,5000,2500,25200,17500,5500,2560,1440,Low,Ultra,Medium,TAA,Off,-1,363.1
HorizonZeroDawn,17800,11000,3500,25200,24500,4000,1920,1080,Low,Ultra,High,FXAA,On,0,100.7
GTA_V,10000,6500,2500,14200,17500,4000,3840,2160,Medium,High,Ultra,TAA,On,0,51.5
GTA_V,10000,6500,2500,22500,17500,4000,1920,1080,Ultra,Medium,High,Off,On,0,119.9
Valorant,8000,5000,2500,25200,18100,3500,2560,1440,Ultra,Ultra,Low,TAA,Off,1,233.1
Valorant,8000,5000,2500,17800,11000,7500,3840,2160,High,Ultra,High,FXAA,On,0,117.2
HorizonZeroDawn,17800,11000,3500,19700,24500,3500,3840,2160,Low,Low,Ultra,Off,Off,0,40.2
HorizonZeroDawn,17800,11000,3500,28200,11000,7500,1920,1080,Ultra,Ultra,Low,FXAA,On,0,44.5
GenshinImpact,12000,7800,2500,25200,17500,4000,1920,1080,High,Low,Medium,FXAA,On,1,110.82159759689074
GenshinImpact,12000,7800,2500,25200,11000,2500,1920,1080,Medium,Ultra,Medium,FXAA,Off,1,119.9
Destiny2,14200,9000,2500,34900,18100,3500,2560,1440,Medium,Medium,High,TAA,Off,1,114.0
SpiderMan,17800,11000,3500,25200,18100,2500,2560,1440,Low,Low,High,FXAA,On,0,70.7
CS_GO,9000,5500,2500,22500,17500,3500,1920,1080,Ultra,Ultra,High,FXAA,On,1,259.6
RainbowSixSiege,14200,9000,2500,17800,11000,5500,3840,2160,High,Low,Low,Off,Off,1,55.4
EldenRing,14200,9000,3500,22500,14000,2500,1920,1080,Ultra,High,High,TAA,Off,0,55.4
Fortnite,12000,7500,2500,29000,17500,3500,1920,1080,Low,Medium,Low,FXAA,Off,0,222.78615127191105
Fortnite,12000,7500,2500,25200,11000,4000,2560,1440,Ultra,High,Medium,TAA,Off,-1,52.1
HorizonZeroDawn,17800,11000,3500,22500,24500,3500,1920,1080,Medium,Ultra,High,FXAA,On,0,75.7
RainbowSixSiege,14200,9000,2500,28200,38500,4000,1920,1080,Medium,Medium,High,TAA,Off,0,268.7690947149472
HorizonZeroDawn,17800,11000,3500,22500,18100,6000,1920,1080,High,Ultra,High,TAA,On,0,58.4
RedDeadRedemption2,17800,11000,3500,22500,26500,4000,1920,1080,Low,Low,Low,Off,Off,0,104.9
LeagueOfLegends,8000,4500,2500,25200,17500,3500,1920,1080,High,Medium,Ultra,TAA,On,0,330.3855042986247
Cyberpunk2077,14200,9000,2500,25200,14000,4000,1920,1080,Medium,Medium,Ultra,Off,On,-1,63.8
Warzone,17800,13000,3500,25200,18100,4000,1280,720,High,Low,Medium,TAA,Off,-1,73.3
GenshinImpact,12000,7800,2500,25200,11000,6000,1920,1080,Low,Ultra,Medium,Off,Off,0,115.949763757671
PUBG,14200,9000,2500,29000,18100,3500,1920,1080,Ultra,High,High,TAA,Off,1,82.8
Destiny2,14200,9000,2500,25200,26500,3500,1280,720,Ultra,Medium,Medium,TAA,On,1,165.8
RocketLeague,11000,7000,2500,29000,17500,3500,3840,2160,Low,High,Medium,FXAA,On,0,116.3
RainbowSixSiege,14200,9000,2500,25200,18100,6000,2560,1440,Medium,Low,Ultra,FXAA,Off,-1,109.8
Cyberpunk2077,14200,9000,2500,25200,17500,4000,1920,1080,Medium,Medium,High,TAA,On,0,84.4
RocketLeague,11000,7000,2500,14200,24500,5500,1920,1080,Medium,Low,Ultra,FXAA,Off,1,298.1382866012508
SpiderMan,17800,11000,3500,22500,38500,4000,1920,1080,High,High,Low,Off,Off,-1,112.3
Warzone,17800,13000,3500,19700,24500,4000,1280,720,Low,High,High,TAA,On,1,144.3
RocketLeague,11000,7000,2500,22500,18100,4000,1920,1080,High,Ultra,High,Off,On,-1,166.3
Destiny2,14200,9000,2500,19700,14000,2500,1280,720,Medium,Medium,Low,FXAA,Off,0,159.9
Destiny2,14200,9000,2500,28200,14000,2500,3840,2160,Ultra,Medium,Medium,FXAA,On,-1,23.7
EldenRing,14200,9000,3500,29000,11000,3500,1920,1080,High,Ultra,High,Off,Off,0,71.8
Minecraft,8000,4000,2500,25200,18100,2500,1280,720,High,Medium,Ultra,FXAA,Off,1,298.2796875149455
EldenRing,14200,9000,3500,17800,14000,5500,1920,1080,Low,Medium,High,TAA,Off,-1,98.7
ApexLegends,14200,9000,2500,28200,17500,4000,2560,1440,Ultra,Ultra,Low,Off,On,1,64.8
RainbowSixSiege,14200,9000,2500,22500,24500,3500,1920,1080,Ultra,High,Ultra,Off,Off,-1,106.0
Fortnite,12000,7500,2500,22500,18100,4000,3840,2160,Ultra,Ultra,Ultra,TAA,Off,1,38.0
SpiderMan,17800,11000,3500,22500,11000,3500,1920,1080,Ultra,High,High,TAA,On,0,37.5
TheWitcher3,14200,9000,2500,19700,17500,4000,1920,1080,Ultra,High,High,TAA,Off,0,62.7
CS_GO,9000,5500,2500,28200,17500,2500,1920,1080,High,Ultra,Low,FXAA,On,-1,288.5
PUBG,14200,9000,2500,22500,26500,3500,1280,720,Medium,Medium,Ultra,TAA,On,0,188.3
LeagueOfLegends,8000,4500,2500,22500,11000,3500,1920,1080,Low,Low,Ultra,FXAA,On,0,338.19088119163166
RainbowSixSiege,14200,9000,2500,25200,14000,3500,1920,1080,Medium,Ultra,Ultra,TAA,Off,0,128.4
AssassinsCreed,17800,11000,3500,25200,11000,2500,2560,1440,Low,Ultra,Medium,Off,On,0,48.0
Overwatch,12000,8000,2500,28200,26500,2500,1920,1080,Low,High,Low,TAA,Off,1,291.5799220559384
Overwatch,12000,8000,2500,28200,14000,6000,1920,1080,Low,Medium,Low,TAA,On,1,299.5
Overwatch,12000,8000,2500,25200,14000,5500,1920,1080,Medium,Ultra,Ultra,TAA,On,1,188.6
RedDeadRedemption2,17800,11000,3500,22500,26500,2500,3840,2160,Ultra,High,Low,Off,Off,1,17.5
AssassinsCreed,17800,11000,3500,22500,11000,3500,2560,1440,High,Medium,High,TAA,Off,-1,29.3
Valorant,8000,5000,2500,28200,17500,5500,1920,1080,Medium,Ultra,High,FXAA,On,1,378.4634275630553
RainbowSixSiege,14200,9000,2500,19700,17500,5500,1920,1080,Low,Low,High,TAA,Off,1,263.8
AssassinsCreed,17800,11000,3500,25200,17500,4000,1920,1080,High,Medium,Medium,TAA,On,1,78.7
SpiderMan,17800,11000,3500,25200,14000,6000,3840,2160,Ultra,Medium,High,TAA,On,1,19.2
Valorant,8000,5000,2500,25200,18100,3500,2560,1440,High,Ultra,Medium,TAA,Off,-1,235.0
Cyberpunk2077,14200,9000,2500,19700,24500,4000,1920,1080,Ultra,Low,Ultra,TAA,Off,1,64.9
Destiny2,14200,9000,2500,25200,17500,6000,1920,1080,Medium,Medium,Medium,FXAA,On,-1,138.7
Minecraft,8000,4000,2500,25200,18100,6000,2560,1440,Ultra,Low,Ultra,FXAA,Off,0,210.2
RocketLeague,11000,7000,2500,25200,14000,2500,2560,1440,High,Ultra,Low,Off,Off,-1,97.3
EldenRing,14200,9000,3500,25200,18100,3500,1920,1080,Medium,High,Low,FXAA,Off,0,114.6
GTA_V,10000,6500,2500,29000,18100,5500,3840,2160,Low,Low,Ultra,TAA,On,0,90.3
GTA_V,10000,6500,2500,14200,26500,5500,2560,1440,Low,Medium,High,FXAA,On,1,172.35533688632083
Valorant,8000,5000,2500,25200,17500,3500,2560,1440,Low,High,Ultra,FXAA,Off,0,371.36756671676017
LeagueOfLegends,8000,4500,2500,22500,24500,3500,2560,1440,Low,Medium,Low,TAA,Off,1,340.95131221095926
Valorant,8000,5000,2500,34900,17500,7500,1920,1080,Low,Ultra,Medium,Off,Off,1,393.9397116596666
CS_GO,9000,5500,2500,14200,17500,3500,1280,720,Ultra,Ultra,High,FXAA,Off,0,298.9
TheWitcher3,14200,9000,2500,19700,17500,2500,1920,1080,Medium,Low,Medium,TAA,Off,1,113.3
Cyberpunk2077,14200,9000,2500,34900,11000,3500,1920,1080,High,Low,High,FXAA,Off,-1,55.4
RocketLeague,11000,7000,2500,14200,24500,2500,1920,1080,Low,Low,High,Off,On,1,281.7747766420628
Minecraft,8000,4000,2500,19700,11000,5500,1280,720,High,High,High,Off,On,0,282.76043936385264
RedDeadRedemption2,17800,11000,3500,25200,14000,4000,1920,1080,Low,Low,Ultra,FXAA,Off,1,67.6
SpiderMan,17800,11000,3500,22500,24500,3500,1280,720,Medium,Low,High,TAA,Off,1,137.75311384428124
EldenRing,14200,9000,3500,17800,24500,2500,2560,1440,Ultra,Medium,Low,FXAA,On,0,51.2
CS_GO,9000,5500,2500,25200,24500,5500,2560,1440,High,Low,Low,Off,Off,0,386.9
GTA_V,10000,6500,2500,25200,18100,3500,1920,1080,High,High,Medium,TAA,Off,1,163.9
LeagueOfLegends,8000,4500,2500,19700,17500,4000,1920,1080,High,Low,High,Off,On,0,329.43414629212833
ApexLegends,14200,9000,2500,17800,18100,3500,1920,1080,Ultra,Ultra,Medium,Off,On,0,80.6
CS_GO,9000,5500,2500,22500,11000,4000,1920,1080,High,Low,Low,FXAA,On,0,337.0
Warzone,17800,13000,3500,19700,26500,3500,2560,1440,Low,High,Ultra,FXAA,On,1,70.9
CS_GO,9000,5500,2500,22500,17500,3500,2560,1440,Ultra,Medium,Low,FXAA,Off,0,201.7
Fortnite,12000,7500,2500,22500,26500,4000,1920,1080,Ultra,High,High,TAA,On,1,158.7
SpiderMan,17800,11000,3500,25200,17500,4000,2560,1440,Low,Low,Low,FXAA,Off,0,84.3
AssassinsCreed,17800,11000,3500,25200,14000,5500,1920,1080,Medium,High,Low,FXAA,On,0,84.0
ApexLegends,14200,9000,2500,25200,24500,3500,1920,1080,Low,Medium,Ultra,FXAA,Off,0,223.8
Minecraft,8000,4000,2500,14200,38500,3500,1920,1080,Ultra,Ultra,Medium,TAA,Off,0,296.14284450405233
Valorant,8000,5000,2500,22500,17500,6000,1280,720,Ultra,Ultra,Medium,FXAA,Off,1,374.5556274842726
Minecraft,8000,4000,2500,22500,26500,3500,2560,1440,Low,Ultra,High,TAA,On,-1,279.5459514968361
SpiderMan,17800,11000,3500,25200,18100,2500,1920,1080,Ultra,Low,Low,TAA,Off,1,63.2
RedDeadRedemption2,17800,11000,3500,19700,18100,2500,1920,1080,Low,Medium,Medium,Off,On,1,74.0
GenshinImpact,12000,7800,2500,25200,14000,3500,2560,1440,Medium,Low,High,FXAA,Off,1,104.2
RainbowSixSiege,14200,9000,2500,22500,9000,3500,1920,1080,High,Ultra,Low,FXAA,On,1,100.4
RocketLeague,11000,7000,2500,25200,26500,5500,1920,1080,Medium,Medium,High,TAA,On,0,299.2663470688889
RocketLeague,11000,7000,2500,22500,26500,2500,1920,1080,Medium,Medium,Ultra,TAA,Off,0,282.2
GenshinImpact,12000,7800,2500,22500,17500,2500,1920,1080,Ultra,Ultra,Medium,TAA,Off,0,74.4
ApexLegends,14200,9000,2500,28200,17500,3500,1920,1080,Ultra,High,Ultra,Off,On,0,92.7
HorizonZeroDawn,17800,11000,3500,22500,18100,4000,1920,1080,Ultra,Low,Medium,Off,Off,0,57.7
Valorant,8000,5000,2500,25200,14000,4000,2560,1440,Low,Medium,High,FXAA,On,0,377.9537855152323
GTA_V,10000,6500,2500,17800,17500,6000,1920,1080,Medium,Low,High,Off,On,1,169.56734546369984
RocketLeague,11000,7000,2500,29000,24500,4000,2560,1440,Medium,High,Low,TAA,Off,1,221.2
CS_GO,9000,5500,2500,22500,26500,4000,2560,1440,Low,Low,Medium,FXAA,On,0,368.7992155826711
Fortnite,12000,7500,2500,22500,14000,5500,1920,1080,Ultra,Medium,Low,Off,On,0,119.9
GenshinImpact,12000,7800,2500,19700,11000,3500,3840,2160,Ultra,Ultra,High,Off,Off,-1,20.2
Destiny2,14200,9000,2500,14200,18100,3500,1920,1080,Ultra,High,Low,FXAA,Off,-1,66.8
RedDeadRedemption2,17800,11000,3500,17800,17500,4000,2560,1440,Ultra,Low,Ultra,TAA,Off,-1,16.9
RainbowSixSiege,14200,9000,2500,19700,14000,7500,2560,1440,Ultra,Ultra,Low,TAA,Off,0,65.4
SpiderMan,17800,11000,3500,19700,26500,3500,1920,1080,Medium,Ultra,Low,Off,On,0,99.1
RocketLeague,11000,7000,2500,19700,14000,3500,1920,1080,High,High,Ultra,TAA,Off,1,172.6
AssassinsCreed,17800,11000,3500,28200,11000,3500,1920,1080,Medium,Low,Ultra,TAA,Off,-1,59.1
RainbowSixSiege,14200,9000,2500,25200,26500,4000,1920,1080,High,Low,High,TAA,Off,1,218.9
Fortnite,12000,7500,2500,25200,11000,6000,1920,1080,Ultra,High,Low,TAA,Off,0,105.1
TheWitcher3,14200,9000,2500,28200,17500,3500,1920,1080,Low,High,Medium,Off,Off,-1,129.6
RainbowSixSiege,14200,9000,2500,22500,14000,2500,1920,1080,Medium,Low,High,FXAA,Off,0,163.2
Warzone,17800,13000,3500,19700,17500,5500,1280,720,Ultra,Low,High,FXAA,On,1,69.2
HorizonZeroDawn,17800,11000,3500,25200,17500,2500,1920,1080,Low,Medium,Ultra,Off,Off,0,94.0
Warzone,17800,13000,3500,25200,26500,5500,2560,1440,High,Ultra,Ultra,FXAA,On,-1,37.3
EldenRing,14200,9000,3500,17800,18100,3500,2560,1440,Low,Low,Low,TAA,Off,0,87.7
Overwatch,12000,8000,2500,25200,14000,3500,2560,1440,Ultra,High,Ultra,TAA,Off,0,72.3
LeagueOfLegends,8000,4500,2500,25200,26500,4000,1920,1080,Medium,High,Ultra,Off,On,-1,322.24244490624613
RainbowSixSiege,14200,9000,2500,28200,38500,3500,1920,1080,High,Ultra,Ultra,Off,Off,1,243.2
CS_GO,9000,5500,2500,19700,11000,3500,3840,2160,Ultra,Medium,Low,FXAA,Off,1,88.8
CS_GO,9000,5500,2500,28200,17500,5500,2560,1440,Low,Ultra,Ultra,Off,On,0,344.0
GenshinImpact,12000,7800,2500,25200,17500,7500,2560,1440,High,High,Low,Off,Off,1,119.1
GenshinImpact,12000,7800,2500,22500,11000,3500,2560,1440,Medium,Ultra,High,TAA,On,0,65.1
GenshinImpact,12000,7800,2500,34900,17500,3500,1920,1080,High,High,Ultra,Off,Off,-1,116.8
GenshinImpact,12000,7800,2500,22500,17500,3500,1280,720,Ultra,Ultra,High,FXAA,Off,0,114.38503398035392
Valorant,8000,5000,2500,22500,9000,5500,1280,720,High,Medium,Medium,FXAA,Off,1,370.13989008194864
TheWitcher3,14200,9000,2500,14200,24500,4000,3840,2160,Medium,Medium,High,TAA,On,-1,35.4
GTA_V,10000,6500,2500,17800,14000,3500,2560,1440,Ultra,Medium,Low,TAA,On,0,62.6
Fortnite,12000,7500,2500,28200,14000,2500,1920,1080,Ultra,Ultra,Low,Off,Off,1,115.2
Valorant,8000,5000,2500,22500,11000,5500,2560,1440,Medium,Ultra,Ultra,TAA,On,1,265.1
Fortnite,12000,7500,2500,28200,38500,6000,3840,2160,Low,Low,Low,Off,Off,0,178.3
Destiny2,14200,9000,2500,25200,9000,3500,1920,1080,High,Low,Ultra,FXAA,Off,1,90.5
Overwatch,12000,8000,2500,22500,17500,2500,1920,1080,Medium,Ultra,Low,TAA,On,1,194.6
RedDeadRedemption2,17800,11000,3500,28200,24500,5500,1920,1080,Low,Low,Ultra,Off,On,0,96.8
GenshinImpact,12000,7800,2500,28200,11000,6000,1920,1080,Medium,High,Medium,TAA,Off,1,111.30315319942856
AssassinsCreed,17800,11000,3500,17800,26500,4000,1920,1080,Low,High,Ultra,Off,On,1,126.2
Overwatch,12000,8000,2500,14200,14000,2500,1920,1080,Low,High,Ultra,FXAA,On,1,186.2
CS_GO,9000,5500,2500,29000,26500,2500,3840,2160,High,Ultra,Ultra,Off,Off,0,148.8
Cyberpunk2077,14200,9000,2500,28200,38500,7500,1280,720,High,Medium,High,Off,On,-1,111.40068800803844
ApexLegends,14200,9000,2500,22500,9000,3500,1280,720,Low,Ultra,Medium,Off,On,0,179.6
Warzone,17800,13000,3500,19700,17500,6000,3840,2160,Low,High,Medium,Off,Off,1,37.4
RocketLeague,11000,7000,2500,17800,17500,4000,1280,720,High,Ultra,High,TAA,On,0,218.8
AssassinsCreed,17800,11000,3500,25200,18100,2500,2560,1440,Ultra,Low,Low,TAA,Off,0,35.7
SpiderMan,17800,11000,3500,28200,9000,5500,2560,1440,Low,Ultra,Low,TAA,Off,1,56.5
HorizonZeroDawn,17800,11000,3500,19700,17500,6000,2560,1440,Ultra,Medium,Ultra,FXAA,On,1,33.5
Overwatch,12000,8000,2500,14200,24500,4000,2560,1440,Low,Low,Medium,TAA,Off,0,195.2
CS_GO,9000,5500,2500,29000,38500,4000,1920,1080,Low,High,Medium,Off,Off,0,372.34122251378096
GTA_V,10000,6500,2500,17800,24500,6000,2560,1440,Low,High,Low,Off,Off,1,169.85590233938552
ApexLegends,14200,9000,2500,19700,18100,2500,1920,1080,High,Medium,High,TAA,On,0,111.0
GTA_V,10000,6500,2500,25200,24500,3500,3840,2160,Low,Medium,High,FXAA,Off,0,102.1
GenshinImpact,12000,7800,2500,29000,14000,6000,3840,2160,Medium,Low,High,TAA,Off,1,67.0
Overwatch,12000,8000,2500,22500,14000,3500,1920,1080,High,Low,Ultra,FXAA,On,1,164.3
ApexLegends,14200,9000,2500,28200,24500,4000,3840,2160,Low,Medium,Medium,Off,Off,0,94.6
GenshinImpact,12000,7800,2500,14200,11000,2500,2560,1440,High,High,Low,TAA,Off,0,49.1
RedDeadRedemption2,17800,11000,3500,34900,38500,4000,2560,1440,Medium,High,Low,TAA,On,1,68.9
GenshinImpact,12000,7800,2500,19700,11000,4000,3840,2160,Medium,High,Low,Off,On,0,43.2
PUBG,14200,9000,2500,19700,26500,4000,1920,1080,Medium,Ultra,Medium,Off,On,0,136.6
RocketLeague,11000,7000,2500,29000,26500,7500,1920,1080,Ultra,Medium,Low,FXAA,Off,1,268.3
AssassinsCreed,17800,11000,3500,17800,17500,4000,3840,2160,Ultra,Medium,Ultra,Off,Off,1,18.0
Cyberpunk2077,14200,9000,2500,19700,11000,3500,1920,1080,Low,Medium,Low,FXAA,Off,1,89.1
Overwatch,12000,8000,2500,29000,11000,2500,1280,720,Low,Ultra,Ultra,TAA,Off,1,262.3
EldenRing,14200,9000,3500,22500,24500,5500,1920,1080,Medium,Low,Medium,TAA,On,0,114.73696271005667
SpiderMan,17800,11000,3500,22500,17500,6000,1920,1080,Medium,High,High,FXAA,Off,-1,74.3
RocketLeague,11000,7000,2500,29000,14000,3500,1920,1080,Medium,Ultra,Medium,Off,On,1,252.3
EldenRing,14200,9000,3500,22500,9000,4000,1280,720,Medium,High,Medium,TAA,Off,-1,91.6
Cyberpunk2077,14200,9000,2500,22500,24500,3500,1920,1080,Ultra,Ultra,Ultra,Off,Off,0,53.3
TheWitcher3,14200,9000,2500,29000,18100,3500,2560,1440,Low,Medium,Medium,Off,On,0,98.8
GTA_V,10000,6500,2500,29000,24500,4000,1920,1080,Ultra,Ultra,Medium,Off,On,0,141.5
AssassinsCreed,17800,11000,3500,22500,26500,4000,1920,1080,High,Ultra,Medium,Off,On,0,79.1
CS_GO,9000,5500,2500,19700,17500,6000,3840,2160,High,Medium,High,TAA,Off,1,142.4
LeagueOfLegends,8000,4500,2500,28200,17500,3500,2560,1440,High,Low,Medium,Off,On,0,321.8
Overwatch,12000,8000,2500,25200,9000,3500,1920,1080,High,High,Medium,FXAA,On,0,128.7
Warzone,17800,13000,3500,29000,17500,2500,1920,1080,High,Medium,Medium,TAA,On,0,58.4
Destiny2,14200,9000,2500,14200,18100,3500,2560,1440,Low,Low,Low,Off,On,1,130.5
Valorant,8000,5000,2500,17800,18100,4000,3840,2160,Ultra,High,Ultra,FXAA,Off,0,106.0
SpiderMan,17800,11000,3500,34900,9000,2500,1920,1080,Medium,Medium,Low,TAA,Off,0,70.7
Minecraft,8000,4000,2500,25200,26500,4000,1920,1080,Ultra,Low,Low,Off,Off,0,279.69667665051594
GTA_V,10000,6500,2500,28200,14000,3500,2560,1440,High,Low,Low,TAA,Off,0,100.7
EldenRing,14200,9000,3500,25200,14000,2500,2560,1440,Low,Ultra,High,Off,Off,1,78.8
HorizonZeroDawn,17800,11000,3500,25200,11000,3500,1280,720,Low,Medium,Ultra,FXAA,Off,-1,84.8
PUBG,14200,9000,2500,25200,17500,5500,1280,720,Low,Medium,Ultra,Off,Off,1,196.0161792774877
EldenRing,14200,9000,3500,17800,17500,2500,1920,1080,Low,Medium,High,Off,On,1,116.9334077957708
LeagueOfLegends,8000,4500,2500,22500,18100,4000,1920,1080,Low,Medium,High,FXAA,Off,-1,330.71912466697444
LeagueOfLegends,8000,4500,2500,29000,26500,4000,1920,1080,Ultra,Medium,Medium,Off,On,0,345.3153283387839
LeagueOfLegends,8000,4500,2500,14200,17500,4000,1920,1080,Low,Low,Medium,TAA,Off,0,324.8271720515113
HorizonZeroDawn,17800,11000,3500,28200,11000,4000,1920,1080,Medium,High,Low,TAA,On,1,69.3
Overwatch,12000,8000,2500,29000,14000,6000,2560,1440,High,Ultra,High,TAA,On,-1,85.1
Destiny2,14200,9000,2500,17800,18100,5500,3840,2160,Medium,Medium,Medium,Off,Off,0,51.6
Warzone,17800,13000,3500,25200,14000,2500,3840,2160,High,Low,Ultra,TAA,Off,1,18.9
ApexLegends,14200,9000,2500,22500,24500,4000,1920,1080,Ultra,High,Ultra,FXAA,Off,-1,90.8
GTA_V,10000,6500,2500,17800,26500,5500,1280,720,Medium,Medium,Medium,TAA,On,1,169.7384485615463
SpiderMan,17800,11000,3500,28200,18100,4000,2560,1440,High,High,High,FXAA,On,-1,40.6
Overwatch,12000,8000,2500,29000,11000,4000,3840,2160,Low,Low,Medium,FXAA,On,0,87.1
GTA_V,10000,6500,2500,29000,9000,6000,1920,1080,Medium,High,High,Off,On,0,156.8
LeagueOfLegends,8000,4500,2500,14200,17500,2500,1920,1080,Low,Ultra,Ultra,FXAA,Off,1,330.47522751713086
Cyberpunk2077,14200,9000,2500,29000,11000,7500,1280,720,Low,Medium,High,FXAA,Off,-1,118.5317329356883
PUBG,14200,9000,2500,22500,24500,4000,1920,1080,Ultra,Ultra,High,Off,On,1,92.0
TheWitcher3,14200,9000,2500,14200,24500,3500,2560,1440,High,Ultra,High,FXAA,On,-1,49.0
Destiny2,14200,9000,2500,25200,17500,2500,1920,1080,Medium,Medium,Ultra,TAA,Off,0,121.1
GenshinImpact,12000,7800,2500,17800,18100,5500,2560,1440,Ultra,Low,Medium,Off,Off,-1,65.2
TheWitcher3,14200,9000,2500,22500,9000,3500,1280,720,Ultra,Low,High,TAA,Off,0,72.0
Fortnite,12000,7500,2500,19700,17500,6000,3840,2160,High,High,Ultra,Off,On,0,52.8
Cyberpunk2077,14200,9000,2500,28200,38500,5500,1920,1080,High,Medium,Ultra,TAA,Off,1,119.9
HorizonZeroDawn,17800,11000,3500,19700,18100,6000,1920,1080,Medium,Medium,Low,TAA,On,1,94.1
PUBG,14200,9000,2500,29000,17500,2500,1920,1080,High,Ultra,Ultra,TAA,On,0,81.3
EldenRing,14200,9000,3500,22500,17500,4000,2560,1440,Low,High,Medium,FXAA,Off,0,86.5
Overwatch,12000,8000,2500,25200,18100,2500,1920,1080,Low,Ultra,Low,TAA,Off,0,229.2
ApexLegends,14200,9000,2500,22500,11000,2500,1920,1080,Ultra,High,Low,FXAA,Off,1,74.8
Valorant,8000,5000,2500,29000,18100,2500,2560,1440,High,High,Ultra,TAA,Off,0,280.3
GenshinImpact,12000,7800,2500,25200,9000,4000,1920,1080,Medium,Ultra,Low,Off,Off,1,112.34091752153483
RocketLeague,11000,7000,2500,19700,17500,4000,2560,1440,High,High,Ultra,TAA,On,1,124.2
Minecraft,8000,4000,2500,25200,18100,4000,2560,1440,High,Low,Ultra,FXAA,On,-1,230.6
RainbowSixSiege,14200,9000,2500,19700,17500,4000,3840,2160,High,Low,High,FXAA,Off,-1,46.9
RedDeadRedemption2,17800,11000,3500,17800,17500,4000,1920,1080,High,Ultra,Medium,Off,On,0,39.6
Destiny2,14200,9000,2500,17800,26500,3500,1920,1080,Low,Low,Ultra,FXAA,On,0,194.2162291484155
CS_GO,9000,5500,2500,22500,26500,5500,2560,1440,Ultra,Medium,Medium,TAA,Off,-1,209.5
EldenRing,14200,9000,3500,29000,24500,3500,1920,1080,High,High,Medium,Off,Off,-1,107.5
CS_GO,9000,5500,2500,34900,26500,5500,1280,720,High,Ultra,High,FXAA,On,-1,375.8985500718621
Cyberpunk2077,14200,9000,2500,17800,18100,5500,1280,720,Medium,Medium,High,FXAA,Off,-1,102.3
AssassinsCreed,17800,11000,3500,25200,38500,4000,3840,2160,Medium,High,Ultra,FXAA,On,0,46.3
Valorant,8000,5000,2500,28200,14000,3500,3840,2160,Medium,High,Medium,Off,On,-1,155.2
RainbowSixSiege,14200,9000,2500,25200,17500,3500,1920,1080,Ultra,Ultra,Medium,TAA,On,-1,76.4
GenshinImpact,12000,7800,2500,22500,14000,7500,2560,1440,High,Low,High,TAA,Off,1,93.1
ApexLegends,14200,9000,2500,14200,18100,3500,3840,2160,High,High,Medium,Off,On,0,38.4
ApexLegends,14200,9000,2500,25200,14000,5500,1920,1080,Low,High,Medium,TAA,Off,0,171.2
Overwatch,12000,8000,2500,29000,24500,5500,1920,1080,Low,Low,Medium,Off,Off,-1,287.5089611901876
GenshinImpact,12000,7800,2500,29000,17500,2500,2560,1440,Medium,Medium,Low,Off,On,0,119.3
Cyberpunk2077,14200,9000,2500,25200,18100,2500,2560,1440,Low,Low,Low,Off,Off,0,75.8
LeagueOfLegends,8000,4500,2500,17800,24500,7500,1920,1080,Low,Low,Medium,TAA,Off,-1,328.17929360398193
Overwatch,12000,8000,2500,25200,17500,5500,1280,720,Medium,Ultra,Ultra,Off,On,1,296.0
Minecraft,8000,4000,2500,25200,26500,6000,2560,1440,Medium,Medium,Medium,FXAA,On,0,279.326041778699
RedDeadRedemption2,17800,11000,3500,22500,17500,6000,1920,1080,High,Medium,Ultra,Off,On,0,49.4
HorizonZeroDawn,17800,11000,3500,19700,18100,4000,1920,1080,Medium,Ultra,Ultra,TAA,On,1,62.6
AssassinsCreed,17800,11000,3500,25200,18100,4000,1920,1080,Medium,Ultra,High,FXAA,On,0,75.8
RedDeadRedemption2,17800,11000,3500,19700,24500,4000,2560,1440,High,High,Ultra,TAA,On,1,32.0
CS_GO,9000,5500,2500,29000,18100,2500,2560,1440,High,High,High,TAA,Off,1,263.0
HorizonZeroDawn,17800,11000,3500,28200,14000,6000,1280,720,Medium,Medium,Ultra,Off,Off,0,112.8
GenshinImpact,12000,7800,2500,22500,11000,3500,1920,1080,High,Medium,Low,Off,On,0,115.1
HorizonZeroDawn,17800,11000,3500,19700,11000,3500,2560,1440,High,Ultra,Ultra,TAA,On,1,25.3
GTA_V,10000,6500,2500,25200,18100,3500,1280,720,Low,Low,Low,FXAA,Off,0,167.68996882812806
HorizonZeroDawn,17800,11000,3500,28200,24500,3500,2560,1440,Ultra,Medium,Ultra,FXAA,On,0,37.2
LeagueOfLegends,8000,4500,2500,25200,24500,3500,1920,1080,Medium,Low,Low,Off,Off,0,346.72002463839016
Valorant,8000,5000,2500,22500,17500,3500,2560,1440,Low,Medium,High,FXAA,On,0,393.39100569567006
EldenRing,14200,9000,3500,29000,24500,2500,2560,1440,Ultra,Low,Low,Off,Off,1,71.5
Warzone,17800,13000,3500,22500,14000,4000,1920,1080,Low,High,Ultra,FXAA,Off,-1,61.7
GenshinImpact,12000,7800,2500,22500,38500,4000,2560,1440,High,Low,Low,Off,Off,0,114.60496334337678
RocketLeague,11000,7000,2500,22500,24500,4000,1920,1080,Low,Low,Low,TAA,Off,-1,285.9184555474403
RedDeadRedemption2,17800,11000,3500,25200,18100,3500,1920,1080,Ultra,Ultra,Medium,FXAA,Off,0,32.1
PUBG,14200,9000,2500,25200,11000,3500,1920,1080,Ultra,Ultra,Low,FXAA,On,1,63.8
GTA_V,10000,6500,2500,22500,17500,2500,1920,1080,Ultra,High,Low,TAA,On,0,103.1
Overwatch,12000,8000,2500,25200,18100,3500,1920,1080,High,Low,High,Off,Off,1,220.9
AssassinsCreed,17800,11000,3500,17800,9000,5500,1920,1080,Low,Ultra,Ultra,FXAA,Off,1,68.1
Warzone,17800,13000,3500,29000,24500,5500,2560,1440,Medium,Ultra,Medium,Off,On,0,55.9
RocketLeague,11000,7000,2500,29000,26500,2500,1920,1080,High,Low,High,Off,Off,-1,255.9
CS_GO,9000,5500,2500,22500,24500,3500,1920,1080,Medium,Ultra,Medium,TAA,Off,0,379.6171398208757
AssassinsCreed,17800,11000,3500,22500,18100,3500,2560,1440,Medium,Ultra,Medium,Off,On,1,52.0
TheWitcher3,14200,9000,2500,22500,14000,4000,1920,1080,Low,Low,High,Off,Off,0,136.2
GTA_V,10000,6500,2500,19700,17500,5500,2560,1440,Low,Medium,High,TAA,Off,1,155.9
Overwatch,12000,8000,2500,28200,17500,4000,3840,2160,Medium,Ultra,High,FXAA,Off,0,67.9
PUBG,14200,9000,2500,22500,14000,2500,2560,1440,High,High,Ultra,TAA,Off,0,50.2
SpiderMan,17800,11000,3500,17800,11000,6000,1920,1080,High,Ultra,Ultra,TAA,Off,0,48.9
Destiny2,14200,9000,2500,19700,26500,6000,1280,720,Low,Ultra,Ultra,Off,On,1,193.6713584574177
GenshinImpact,12000,7800,2500,22500,11000,6000,1280,720,Ultra,Low,Medium,FXAA,Off,0,110.73808237994722
Destiny2,14200,9000,2500,14200,18100,5500,1920,1080,Medium,High,High,FXAA,On,0,123.0
RocketLeague,11000,7000,2500,29000,18100,3500,2560,1440,High,Low,High,FXAA,On,1,178.6
RedDeadRedemption2,17800,11000,3500,29000,26500,3500,1920,1080,Medium,Ultra,Medium,FXAA,Off,1,69.9
HorizonZeroDawn,17800,11000,3500,28200,9000,2500,2560,1440,Low,Medium,Low,FXAA,On,0,47.6
Destiny2,14200,9000,2500,22500,26500,5500,1920,1080,Medium,Medium,Medium,FXAA,On,0,186.5
TheWitcher3,14200,9000,2500,19700,18100,3500,2560,1440,Low,Ultra,Low,TAA,On,1,82.6
EldenRing,14200,9000,3500,19700,24500,3500,2560,1440,High,Low,Ultra,Off,On,-1,64.3
AssassinsCreed,17800,11000,3500,28200,17500,6000,2560,1440,Low,High,High,FXAA,Off,0,75.6
Warzone,17800,13000,3500,19700,18100,4000,2560,1440,Medium,Medium,Ultra,Off,On,0,43.8
CS_GO,9000,5500,2500,19700,26500,3500,2560,1440,Medium,Low,Low,Off,On,1,369.6632604958795
CS_GO,9000,5500,2500,22500,11000,5500,1920,1080,Medium,Medium,Low,TAA,Off,0,387.6
TheWitcher3,14200,9000,2500,25200,9000,4000,3840,2160,High,Low,Ultra,TAA,Off,1,26.9
Valorant,8000,5000,2500,25200,18100,4000,1280,720,Ultra,Ultra,Ultra,TAA,On,0,386.3
ApexLegends,14200,9000,2500,25200,17500,2500,1920,1080,Ultra,Ultra,Low,Off,On,0,88.8
PUBG,14200,9000,2500,25200,14000,7500,1920,1080,Ultra,High,Medium,FXAA,Off,0,84.2
Warzone,17800,13000,3500,29000,17500,5500,1920,1080,High,High,Low,Off,Off,0,68.1
Overwatch,12000,8000,2500,17800,18100,6000,1280,720,Low,Ultra,Medium,Off,On,0,290.3420787246623
Minecraft,8000,4000,2500,25200,14000,4000,3840,2160,Low,Low,High,TAA,On,-1,150.9
HorizonZeroDawn,17800,11000,3500,14200,18100,4000,1920,1080,Low,Low,Ultra,TAA,On,0,85.9
TheWitcher3,14200,9000,2500,28200,18100,4000,1920,1080,Ultra,Medium,Medium,FXAA,Off,0,79.4
SpiderMan,17800,11000,3500,29000,17500,3500,1920,1080,Ultra,High,High,Off,On,0,60.3
RedDeadRedemption2,17800,11000,3500,28200,14000,4000,3840,2160,Low,Low,High,Off,Off,0,25.8
LeagueOfLegends,8000,4500,2500,19700,26500,2500,1920,1080,Low,Ultra,High,TAA,On,0,343.470163728542
AssassinsCreed,17800,11000,3500,29000,17500,2500,1280,720,Low,Low,High,FXAA,On,0,133.02096970134764
GenshinImpact,12000,7800,2500,22500,14000,3500,1920,1080,Ultra,High,High,Off,On,-1,72.1
TheWitcher3,14200,9000,2500,19700,11000,3500,1920,1080,Low,Low,Medium,Off,Off,0,111.2
GenshinImpact,12000,7800,2500,14200,18100,3500,1920,1080,Medium,High,Medium,FXAA,On,0,118.32547100733444
GenshinImpact,12000,7800,2500,25200,18100,5500,2560,1440,High,High,Medium,Off,Off,0,100.8
RedDeadRedemption2,17800,11000,3500,29000,17500,4000,3840,2160,Medium,Ultra,Low,Off,On,0,19.7
Overwatch,12000,8000,2500,22500,24500,2500,1920,1080,Medium,Ultra,High,FXAA,On,-1,175.6
Warzone,17800,13000,3500,22500,26500,3500,2560,1440,Low,High,Low,FXAA,On,-1,60.9
CS_GO,9000,5500,2500,25200,18100,3500,1920,1080,Ultra,Low,Ultra,FXAA,On,-1,252.4
Fortnite,12000,7500,2500,19700,17500,3500,2560,1440,Low,Ultra,Medium,Off,On,0,131.4
ApexLegends,14200,9000,2500,19700,24500,2500,1920,1080,Low,Ultra,High,TAA,Off,-1,142.9
GTA_V,10000,6500,2500,22500,26500,3500,2560,1440,Ultra,Low,High,FXAA,On,-1,86.2
RocketLeague,11000,7000,2500,25200,14000,6000,1280,720,Low,Medium,Low,FXAA,Off,-1,297.7316562314932
ApexLegends,14200,9000,2500,29000,17500,4000,1920,1080,High,Medium,High,Off,Off,0,151.6
EldenRing,14200,9000,3500,25200,9000,2500,1920,1080,Ultra,High,Medium,Off,On,1,52.9
Cyberpunk2077,14200,9000,2500,25200,17500,2500,1920,1080,Low,Low,High,Off,Off,1,113.30047962512256
ApexLegends,14200,9000,2500,22500,14000,3500,1920,1080,Low,High,High,Off,On,0,171.6
GTA_V,10000,6500,2500,25200,17500,2500,1920,1080,Ultra,High,Ultra,TAA,On,-1,82.5
SpiderMan,17800,11000,3500,17800,14000,6000,2560,1440,Low,Medium,Low,TAA,Off,0,65.1
Valorant,8000,5000,2500,25200,17500,3500,1920,1080,Medium,Ultra,High,Off,Off,0,398.1324599892384
ApexLegends,14200,9000,2500,22500,14000,2500,2560,1440,High,Low,Ultra,FXAA,Off,0,67.5
LeagueOfLegends,8000,4500,2500,28200,11000,6000,1920,1080,High,Ultra,Low,FXAA,On,1,339.16051841952213
RainbowSixSiege,14200,9000,2500,19700,14000,2500,2560,1440,Low,Medium,Medium,TAA,On,0,111.9
Valorant,8000,5000,2500,25200,11000,4000,1920,1080,Medium,Ultra,High,Off,On,1,376.3180600796056
RainbowSixSiege,14200,9000,2500,34900,24500,4000,1920,1080,Ultra,Low,Low,FXAA,On,1,188.6
Cyberpunk2077,14200,9000,2500,28200,9000,6000,1920,1080,Low,Low,Ultra,FXAA,Off,-1,78.9
PUBG,14200,9000,2500,17800,24500,2500,1920,1080,Low,Medium,Low,Off,Off,0,182.9
Overwatch,12000,8000,2500,22500,18100,6000,1280,720,Low,Low,Ultra,Off,Off,0,277.55327250953826
EldenRing,14200,9000,3500,28200,14000,4000,1920,1080,Medium,Low,Low,Off,On,-1,104.9
HorizonZeroDawn,17800,11000,3500,25200,24500,5500,1920,1080,Low,Medium,High,FXAA,Off,1,138.3
CS_GO,9000,5500,2500,25200,14000,2500,2560,1440,Medium,High,Low,Off,On,-1,236.7
Cyberpunk2077,14200,9000,2500,17800,18100,7500,3840,2160,Low,Ultra,Low,FXAA,Off,1,42.7
Valorant,8000,5000,2500,29000,18100,3500,1920,1080,Low,Ultra,Medium,FXAA,Off,1,377.98794620311855
Cyberpunk2077,14200,9000,2500,19700,17500,3500,2560,1440,Medium,Medium,High,FXAA,On,1,53.8
ApexLegends,14200,9000,2500,29000,24500,4000,2560,1440,Low,Low,High,Off,Off,0,182.7
Cyberpunk2077,14200,9000,2500,17800,14000,5500,2560,1440,Low,Medium,Low,TAA,Off,0,64.7
EldenRing,14200,9000,3500,22500,14000,5500,3840,2160,Medium,Low,Low,TAA,Off,1,44.0
RedDeadRedemption2,17800,11000,3500,22500,14000,6000,1920,1080,Ultra,Ultra,Low,Off,On,1,35.5
EldenRing,14200,9000,3500,17800,24500,3500,2560,1440,Ultra,Low,Low,FXAA,Off,-1,47.4
GTA_V,10000,6500,2500,29000,24500,6000,1920,1080,Low,Low,High,TAA,Off,1,173.72174333515724
EldenRing,14200,9000,3500,19700,18100,4000,1920,1080,Ultra,Medium,Ultra,FXAA,On,1,73.5
Cyberpunk2077,14200,9000,2500,28200,24500,4000,1920,1080,Medium,High,High,TAA,On,0,98.0
RainbowSixSiege,14200,9000,2500,25200,18100,6000,2560,1440,Ultra,Low,High,FXAA,Off,0,89.3
Cyberpunk2077,14200,9000,2500,34900,11000,2500,1920,1080,Ultra,High,High,TAA,On,0,39.6
AssassinsCreed,17800,11000,3500,28200,18100,5500,1920,1080,Ultra,High,High,Off,On,0,61.0
Cyberpunk2077,14200,9000,2500,19700,38500,5500,1920,1080,Ultra,Ultra,High,TAA,On,-1,57.7
CS_GO,9000,5500,2500,14200,17500,3500,1920,1080,High,Low,High,TAA,Off,1,392.6
PUBG,14200,9000,2500,22500,14000,2500,3840,2160,Medium,Ultra,High,TAA,On,1,32.1
Valorant,8000,5000,2500,34900,17500,3500,2560,1440,Low,Medium,High,TAA,Off,0,383.956375845246
RainbowSixSiege,14200,9000,2500,22500,18100,2500,1280,720,Medium,Low,Ultra,Off,Off,0,251.3
Cyberpunk2077,14200,9000,2500,25200,18100,7500,2560,1440,Ultra,Ultra,High,Off,On,1,42.0
PUBG,14200,9000,2500,19700,17500,2500,1920,1080,Medium,Low,Medium,Off,On,0,118.6
RainbowSixSiege,14200,9000,2500,25200,24500,3500,1920,1080,Ultra,Ultra,Low,TAA,Off,0,124.4
Overwatch,12000,8000,2500,14200,18100,4000,3840,2160,Medium,High,High,Off,On,-1,59.4
Cyberpunk2077,14200,9000,2500,14200,11000,7500,1920,1080,Low,Low,High,FXAA,Off,0,91.6
LeagueOfLegends,8000,4500,2500,25200,17500,4000,1920,1080,Ultra,Medium,Low,TAA,On,-1,277.3
GTA_V,10000,6500,2500,22500,24500,4000,3840,2160,High,Low,Ultra,Off,Off,-1,58.6
Valorant,8000,5000,2500,14200,18100,4000,2560,1440,Medium,Ultra,Low,FXAA,Off,0,316.2
ApexLegends,14200,9000,2500,22500,24500,4000,2560,1440,Medium,High,Low,Off,Off,0,132.5
RainbowSixSiege,14200,9000,2500,22500,17500,3500,2560,1440,High,High,High,FXAA,On,-1,77.6
AssassinsCreed,17800,11000,3500,22500,14000,3500,1920,1080,High,Medium,Ultra,TAA,On,1,59.0
RedDeadRedemption2,17800,11000,3500,14200,17500,3500,1280,720,Medium,Medium,High,FXAA,On,0,67.2
Fortnite,12000,7500,2500,19700,17500,3500,1920,1080,Low,High,High,TAA,Off,1,239.5
AssassinsCreed,17800,11000,3500,22500,14000,6000,1920,1080,High,High,High,Off,On,-1,53.9
TheWitcher3,14200,9000,2500,28200,18100,5500,1280,720,Low,Low,Ultra,Off,On,0,135.8694418044976
AssassinsCreed,17800,11000,3500,25200,24500,2500,1920,1080,Low,Ultra,High,Off,Off,1,119.5
RedDeadRedemption2,17800,11000,3500,28200,17500,7500,1920,1080,High,High,High,Off,On,1,57.7
Destiny2,14200,9000,2500,25200,26500,2500,3840,2160,Low,Medium,Ultra,FXAA,Off,1,83.6
GenshinImpact,12000,7800,2500,17800,18100,5500,1920,1080,Medium,High,Ultra,TAA,Off,0,112.23312864833844
HorizonZeroDawn,17800,11000,3500,34900,26500,2500,1920,1080,Medium,Low,Medium,TAA,Off,0,106.8
Fortnite,12000,7500,2500,29000,18100,2500,1920,1080,Low,Medium,Low,TAA,Off,0,231.70545798863668
Minecraft,8000,4000,2500,22500,17500,3500,1920,1080,Medium,Ultra,Low,TAA,On,0,298.21692198994947
PUBG,14200,9000,2500,17800,14000,3500,1920,1080,Medium,Ultra,Low,FXAA,Off,0,96.1
HorizonZeroDawn,17800,11000,3500,28200,14000,4000,1280,720,Medium,Ultra,Low,Off,Off,0,101.0
GTA_V,10000,6500,2500,28200,14000,5500,1920,1080,High,Ultra,Ultra,FXAA,On,0,121.2
HorizonZeroDawn,17800,11000,3500,19700,18100,5500,2560,1440,Medium,Low,Low,Off,On,1,64.4
AssassinsCreed,17800,11000,3500,22500,38500,7500,1280,720,High,High,Ultra,Off,Off,1,134.16736398705896
RocketLeague,11000,7000,2500,17800,11000,2500,2560,1440,Low,Ultra,Low,TAA,Off,-1,101.9
GenshinImpact,12000,7800,2500,25200,14000,6000,3840,2160,Ultra,Low,Medium,TAA,On,0,35.0
GTA_V,10000,6500,2500,17800,24500,2500,2560,1440,Medium,Medium,Medium,TAA,Off,0,128.8
LeagueOfLegends,8000,4500,2500,28200,24500,6000,2560,1440,Low,High,High,FXAA,Off,0,324.87327380932965
HorizonZeroDawn,17800,11000,3500,25200,38500,4000,3840,2160,Medium,Low,Ultra,FXAA,On,0,47.8
RedDeadRedemption2,17800,11000,3500,22500,38500,6000,1920,1080,Medium,Ultra,Medium,FXAA,On,0,86.5
Warzone,17800,13000,3500,25200,17500,3500,1920,1080,High,Ultra,Medium,Off,Off,0,52.9
CS_GO,9000,5500,2500,14200,17500,2500,3840,2160,Low,Ultra,High,FXAA,On,0,145.0
HorizonZeroDawn,17800,11000,3500,25200,11000,3500,2560,1440,High,Medium,Ultra,FXAA,On,1,34.2
LeagueOfLegends,8000,4500,2500,28200,11000,3500,1920,1080,Low,High,High,FXAA,On,-1,347.59694175258016
RainbowSixSiege,14200,9000,2500,19700,24500,3500,2560,1440,High,Low,High,FXAA,On,0,116.6
GenshinImpact,12000,7800,2500,14200,24500,2500,1920,1080,Ultra,Ultra,Medium,FXAA,Off,0,96.0
Cyberpunk2077,14200,9000,2500,19700,24500,2500,2560,1440,Ultra,Low,High,TAA,On,1,39.7
GenshinImpact,12000,7800,2500,19700,17500,3500,2560,1440,Low,Medium,Low,FXAA,Off,0,112.41253369460212
Overwatch,12000,8000,2500,19700,18100,2500,1280,720,Low,Medium,Low,Off,Off,0,291.23726916026203
GTA_V,10000,6500,2500,29000,24500,7500,2560,1440,Ultra,Low,Ultra,FXAA,Off,0,110.1
GTA_V,10000,6500,2500,17800,26500,3500,1920,1080,High,High,High,FXAA,On,0,175.3
SpiderMan,17800,11000,3500,28200,24500,4000,1280,720,Medium,Medium,Ultra,FXAA,On,0,137.6778585306437
EldenRing,14200,9000,3500,25200,26500,5500,2560,1440,Medium,Medium,Medium,Off,Off,1,115.69792736744554
Minecraft,8000,4000,2500,28200,11000,2500,3840,2160,High,Ultra,High,TAA,Off,0,90.6
GenshinImpact,12000,7800,2500,17800,24500,4000,1920,1080,Low,Ultra,Ultra,FXAA,On,-1,117.85242974374792
GTA_V,10000,6500,2500,22500,38500,6000,2560,1440,High,High,Low,Off,Off,0,171.49265118681993
HorizonZeroDawn,17800,11000,3500,25200,11000,2500,2560,1440,Medium,High,Low,FXAA,Off,0,38.5
TheWitcher3,14200,9000,2500,17800,18100,5500,1920,1080,High,High,High,TAA,Off,1,99.6
Fortnite,12000,7500,2500,22500,14000,6000,1920,1080,High,High,Ultra,TAA,On,0,131.7
SpiderMan,17800,11000,3500,28200,11000,6000,3840,2160,High,Medium,Medium,FXAA,On,1,27.6
Valorant,8000,5000,2500,29000,17500,4000,1920,1080,Ultra,Ultra,Low,TAA,Off,0,344.2
TheWitcher3,14200,9000,2500,28200,26500,2500,2560,1440,High,Ultra,Low,FXAA,Off,1,76.1
CS_GO,9000,5500,2500,25200,11000,2500,1920,1080,Ultra,Medium,Low,Off,Off,1,277.2
RedDeadRedemption2,17800,11000,3500,22500,11000,4000,1920,1080,High,Medium,High,FXAA,Off,0,36.6
GenshinImpact,12000,7800,2500,22500,18100,2500,1280,720,Low,Medium,High,FXAA,Off,1,111.426690455871
RedDeadRedemption2,17800,11000,3500,25200,11000,7500,1920,1080,Ultra,High,Ultra,FXAA,Off,0,31.8
SpiderMan,17800,11000,3500,22500,24500,5500,1920,1080,Ultra,Medium,High,Off,On,-1,62.7
Valorant,8000,5000,2500,34900,17500,4000,3840,2160,High,Ultra,Ultra,TAA,Off,1,166.4
TheWitcher3,14200,9000,2500,22500,24500,3500,3840,2160,Ultra,Ultra,Low,Off,On,1,29.2
RedDeadRedemption2,17800,11000,3500,19700,17500,5500,1920,1080,Medium,High,Low,Off,On,0,59.3
Cyberpunk2077,14200,9000,2500,25200,26500,2500,2560,1440,Ultra,Low,High,TAA,On,1,47.0
Fortnite,12000,7500,2500,28200,14000,5500,3840,2160,Low,Medium,High,FXAA,On,1,91.6
TheWitcher3,14200,9000,2500,19700,9000,3500,1280,720,Ultra,Low,Ultra,TAA,On,0,63.5
GenshinImpact,12000,7800,2500,34900,9000,3500,1920,1080,Ultra,Low,High,Off,On,1,105.9
Valorant,8000,5000,2500,28200,11000,4000,2560,1440,Low,Ultra,Medium,Off,On,-1,302.5
TheWitcher3,14200,9000,2500,25200,26500,4000,2560,1440,Low,Low,Low,FXAA,Off,0,133.9
GenshinImpact,12000,7800,2500,25200,17500,3500,1920,1080,High,Ultra,High,Off,On,0,114.2
AssassinsCreed,17800,11000,3500,17800,17500,4000,2560,1440,High,Low,Ultra,Off,On,-1,36.7
EldenRing,14200,9000,3500,25200,17500,2500,3840,2160,Medium,Ultra,Low,Off,Off,1,39.9
AssassinsCreed,17800,11000,3500,28200,24500,5500,1280,720,High,Low,Low,TAA,Off,-1,123.5
Destiny2,14200,9000,2500,17800,18100,5500,2560,1440,Ultra,High,Low,Off,On,1,66.6
Warzone,17800,13000,3500,22500,17500,3500,1920,1080,Medium,Medium,Ultra,TAA,Off,0,61.5
SpiderMan,17800,11000,3500,19700,17500,2500,1920,1080,High,Low,Ultra,TAA,On,1,70.6
CS_GO,9000,5500,2500,25200,18100,5500,2560,1440,Ultra,High,Low,TAA,On,0,190.8
Cyberpunk2077,14200,9000,2500,25200,17500,5500,2560,1440,Ultra,Ultra,Low,FXAA,On,-1,27.2
CS_GO,9000,5500,2500,22500,26500,7500,3840,2160,Medium,Ultra,Medium,FXAA,On,0,189.0
ApexLegends,14200,9000,2500,25200,38500,4000,2560,1440,Low,Low,Ultra,FXAA,On,0,201.6
Cyberpunk2077,14200,9000,2500,25200,38500,5500,3840,2160,High,High,High,TAA,Off,1,42.2
Overwatch,12000,8000,2500,25200,17500,3500,1920,1080,Medium,Ultra,Low,TAA,Off,0,192.5
GTA_V,10000,6500,2500,22500,17500,6000,1920,1080,Low,Medium,High,TAA,Off,-1,170.10766249719987
RedDeadRedemption2,17800,11000,3500,25200,24500,2500,1280,720,High,Ultra,Medium,FXAA,On,0,63.8
Destiny2,14200,9000,2500,22500,18100,2500,1920,1080,Ultra,Low,Low,TAA,On,1,95.9
RainbowSixSiege,14200,9000,2500,22500,11000,3500,1920,1080,Medium,Ultra,Low,FXAA,On,0,122.8
GenshinImpact,12000,7800,2500,25200,17500,4000,1920,1080,Medium,Ultra,Medium,Off,On,0,113.63668933575214
TheWitcher3,14200,9000,2500,25200,14000,4000,1920,1080,Medium,Ultra,Low,TAA,Off,1,93.0
EldenRing,14200,9000,3500,29000,24500,4000,1920,1080,Low,Medium,Ultra,TAA,On,0,115.25627578214348
ApexLegends,14200,9000,2500,19700,24500,3500,1920,1080,High,Medium,Ultra,FXAA,On,-1,115.9
Fortnite,12000,7500,2500,22500,17500,2500,1280,720,Low,Ultra,Ultra,TAA,On,-1,210.0
EldenRing,14200,9000,3500,19700,24500,5500,2560,1440,Ultra,Medium,Ultra,TAA,On,0,48.9
HorizonZeroDawn,17800,11000,3500,19700,24500,5500,1920,1080,Low,Low,High,Off,On,0,130.3
AssassinsCreed,17800,11000,3500,17800,38500,3500,1920,1080,Medium,Medium,Ultra,FXAA,On,0,124.4
SpiderMan,17800,11000,3500,17800,14000,2500,2560,1440,Low,Ultra,Medium,FXAA,Off,0,46.4
HorizonZeroDawn,17800,11000,3500,25200,11000,4000,1920,1080,Medium,Ultra,High,FXAA,Off,0,54.5
EldenRing,14200,9000,3500,25200,14000,4000,1920,1080,High,Medium,Medium,Off,On,1,98.2
Destiny2,14200,9000,2500,22500,11000,7500,2560,1440,Medium,Ultra,High,Off,On,0,75.4
RocketLeague,11000,7000,2500,25200,9000,5500,1280,720,High,Low,Low,FXAA,On,-1,233.3
GTA_V,10000,6500,2500,14200,24500,6000,3840,2160,Ultra,Low,Medium,Off,On,0,54.2
RocketLeague,11000,7000,2500,22500,38500,3500,1920,1080,Low,Medium,High,TAA,Off,1,276.6213600761822
ApexLegends,14200,9000,2500,25200,17500,4000,2560,1440,Medium,High,High,Off,Off,0,107.7
ApexLegends,14200,9000,2500,17800,17500,3500,2560,1440,Low,Medium,Low,Off,On,0,126.9
AssassinsCreed,17800,11000,3500,17800,17500,3500,1920,1080,High,High,Ultra,TAA,Off,-1,47.4
SpiderMan,17800,11000,3500,29000,17500,6000,1280,720,Medium,High,Ultra,TAA,Off,0,125.3
PUBG,14200,9000,2500,28200,24500,6000,1280,720,Medium,High,Low,Off,On,1,196.528645539554
Destiny2,14200,9000,2500,29000,24500,4000,1920,1080,Low,Medium,High,FXAA,Off,1,196.41488483360868
Overwatch,12000,8000,2500,19700,14000,4000,2560,1440,Ultra,Ultra,Low,Off,Off,1,76.0
RedDeadRedemption2,17800,11000,3500,29000,17500,6000,2560,1440,Low,Ultra,Medium,Off,Off,0,49.3
AssassinsCreed,17800,11000,3500,22500,17500,4000,1920,1080,Medium,High,Medium,TAA,On,0,79.2
LeagueOfLegends,8000,4500,2500,25200,24500,4000,1920,1080,Ultra,Low,High,Off,Off,-1,343.18102225461456
Valorant,8000,5000,2500,25200,18100,3500,2560,1440,Low,Ultra,Ultra,FXAA,On,0,398.4
RainbowSixSiege,14200,9000,2500,29000,24500,4000,2560,1440,Ultra,Low,Ultra,TAA,Off,0,88.1
LeagueOfLegends,8000,4500,2500,22500,18100,2500,1920,1080,Low,Low,Low,TAA,Off,0,348.35602971064424
CS_GO,9000,5500,2500,22500,18100,3500,1920,1080,High,Low,Low,Off,Off,-1,393.3
RedDeadRedemption2,17800,11000,3500,19700,18100,5500,1920,1080,Ultra,High,Medium,TAA,On,0,32.6
Destiny2,14200,9000,2500,22500,17500,5500,1920,1080,Low,Ultra,Medium,Off,Off,-1,149.3
Warzone,17800,13000,3500,34900,11000,3500,1920,1080,Ultra,Low,High,FXAA,Off,0,46.2
Minecraft,8000,4000,2500,28200,18100,2500,3840,2160,High,Low,Low,FXAA,Off,0,156.5
GenshinImpact,12000,7800,2500,29000,24500,5500,2560,1440,Medium,Low,Ultra,TAA,On,-1,114.2
EldenRing,14200,9000,3500,17800,18100,5500,2560,1440,High,High,High,Off,On,1,68.6
Fortnite,12000,7500,2500,28200,17500,2500,2560,1440,Ultra,Ultra,High,Off,Off,0,71.9
Minecraft,8000,4000,2500,25200,26500,3500,2560,1440,Medium,Ultra,Medium,FXAA,Off,-1,277.6558742113761
Destiny2,14200,9000,2500,19700,11000,5500,1920,1080,Ultra,High,Medium,Off,Off,0,72.8
Destiny2,14200,9000,2500,25200,17500,4000,2560,1440,Medium,Low,Medium,FXAA,On,1,112.7
ApexLegends,14200,9000,2500,22500,18100,5500,1920,1080,Ultra,Low,Ultra,TAA,Off,0,99.9
PUBG,14200,9000,2500,28200,17500,6000,1920,1080,Low,Medium,Medium,Off,Off,0,195.6
EldenRing,14200,9000,3500,22500,18100,4000,2560,1440,Ultra,Low,Ultra,Off,Off,-1,42.0
LeagueOfLegends,8000,4500,2500,19700,18100,2500,2560,1440,Ultra,Low,Ultra,TAA,On,0,174.0
Overwatch,12000,8000,2500,19700,14000,6000,2560,1440,Low,Low,Ultra,TAA,On,0,155.9
Destiny2,14200,9000,2500,14200,14000,2500,2560,1440,Medium,Low,Medium,TAA,On,-1,57.6
TheWitcher3,14200,9000,2500,22500,18100,5500,2560,1440,High,Ultra,Ultra,FXAA,Off,-1,45.3
TheWitcher3,14200,9000,2500,22500,18100,4000,1920,1080,Medium,Medium,High,FXAA,Off,1,130.9
CS_GO,9000,5500,2500,28200,9000,4000,1920,1080,Ultra,High,High,FXAA,Off,1,238.4
Valorant,8000,5000,2500,25200,14000,6000,1920,1080,High,Medium,Ultra,TAA,On,-1,361.2
Destiny2,14200,9000,2500,17800,24500,2500,1920,1080,Ultra,High,Low,FXAA,On,1,99.9
RedDeadRedemption2,17800,11000,3500,29000,17500,4000,1920,1080,High,Ultra,Ultra,TAA,On,1,43.1
HorizonZeroDawn,17800,11000,3500,22500,38500,3500,1920,1080,High,High,High,FXAA,On,-1,88.0
Destiny2,14200,9000,2500,19700,11000,3500,2560,1440,High,High,Ultra,TAA,Off,1,52.2
LeagueOfLegends,8000,4500,2500,14200,11000,3500,2560,1440,Medium,Low,Ultra,FXAA,On,1,232.5
Warzone,17800,13000,3500,25200,24500,7500,1920,1080,Low,Ultra,High,FXAA,On,0,105.2
RocketLeague,11000,7000,2500,17800,14000,4000,1920,1080,Ultra,Low,Medium,FXAA,Off,1,155.6
EldenRing,14200,9000,3500,22500,24500,3500,2560,1440,High,Ultra,High,Off,Off,0,64.9
Destiny2,14200,9000,2500,25200,17500,2500,3840,2160,High,High,Medium,FXAA,Off,1,43.3
ApexLegends,14200,9000,2500,25200,11000,3500,2560,1440,Low,Medium,Medium,FXAA,Off,0,107.0
CS_GO,9000,5500,2500,28200,11000,7500,2560,1440,Low,Low,Medium,TAA,Off,0,378.6
SpiderMan,17800,11000,3500,28200,24500,2500,2560,1440,High,High,High,Off,Off,1,62.6
PUBG,14200,9000,2500,25200,24500,5500,2560,1440,Ultra,Medium,High,Off,Off,-1,61.5
RedDeadRedemption2,17800,11000,3500,29000,11000,2500,1920,1080,High,High,Low,TAA,Off,-1,31.2
Overwatch,12000,8000,2500,22500,18100,6000,2560,1440,Low,High,Ultra,FXAA,On,-1,147.3
Destiny2,14200,9000,2500,22500,14000,5500,1920,1080,Medium,Low,Medium,FXAA,Off,0,145.0
RocketLeague,11000,7000,2500,19700,18100,5500,1920,1080,Ultra,Low,Low,TAA,Off,0,177.3
EldenRing,14200,9000,3500,19700,18100,3500,3840,2160,Low,Ultra,High,Off,Off,0,42.0
GenshinImpact,12000,7800,2500,22500,18100,7500,1920,1080,Ultra,Ultra,Ultra,FXAA,Off,1,99.1
RedDeadRedemption2,17800,11000,3500,17800,38500,2500,3840,2160,Medium,Medium,Low,FXAA,Off,1,34.4
Destiny2,14200,9000,2500,19700,26500,3500,2560,1440,High,Low,Low,TAA,Off,0,100.0
Valorant,8000,5000,2500,22500,14000,5500,3840,2160,Low,Low,High,FXAA,On,0,232.2
AssassinsCreed,17800,11000,3500,25200,18100,3500,1920,1080,Low,Medium,High,TAA,Off,-1,89.4
TheWitcher3,14200,9000,2500,14200,14000,2500,1920,1080,Ultra,High,Low,Off,Off,1,58.9
AssassinsCreed,17800,11000,3500,22500,38500,3500,1280,720,Medium,Ultra,Medium,Off,On,1,138.03372406635307
Cyberpunk2077,14200,9000,2500,19700,14000,4000,1920,1080,Medium,High,Low,Off,On,-1,64.3
LeagueOfLegends,8000,4500,2500,19700,14000,4000,3840,2160,High,Medium,Low,FXAA,Off,0,122.9
GTA_V,10000,6500,2500,17800,26500,3500,1920,1080,Low,High,High,Off,Off,1,169.5796984320886
RainbowSixSiege,14200,9000,2500,19700,14000,5500,1920,1080,High,Low,High,TAA,Off,0,134.6
Cyberpunk2077,14200,9000,2500,29000,24500,4000,1920,1080,Low,Medium,Ultra,FXAA,Off,0,113.7798731069294
Minecraft,8000,4000,2500,25200,14000,4000,1920,1080,Low,Medium,Medium,Off,On,0,280.1285650360461
Cyberpunk2077,14200,9000,2500,17800,17500,3500,1920,1080,Medium,Medium,High,FXAA,Off,0,74.8
SpiderMan,17800,11000,3500,19700,17500,2500,1920,1080,Medium,Ultra,Ultra,Off,Off,0,70.4
AssassinsCreed,17800,11000,3500,19700,17500,4000,1280,720,High,Low,Ultra,Off,Off,1,103.1
CS_GO,9000,5500,2500,28200,24500,4000,1920,1080,Ultra,Low,Low,Off,Off,0,385.8178056859648
EldenRing,14200,9000,3500,25200,26500,5500,1920,1080,Medium,High,High,Off,On,0,114.4278772296548
Destiny2,14200,9000,2500,29000,9000,3500,2560,1440,Medium,High,Medium,TAA,On,0,68.0
Overwatch,12000,8000,2500,25200,24500,5500,2560,1440,Medium,Ultra,High,FXAA,Off,0,161.6
GenshinImpact,12000,7800,2500,22500,18100,4000,1920,1080,Medium,High,Low,FXAA,On,1,113.11449652882432
GTA_V,10000,6500,2500,19700,17500,6000,1280,720,Medium,Low,Medium,FXAA,On,0,165.95813468238097
RainbowSixSiege,14200,9000,2500,22500,18100,3500,1920,1080,Ultra,Ultra,Medium,TAA,Off,-1,79.0
Overwatch,12000,8000,2500,14200,17500,5500,3840,2160,Medium,Medium,Ultra,FXAA,On,0,71.6
RedDeadRedemption2,17800,11000,3500,25200,17500,5500,1920,1080,Ultra,Ultra,Ultra,TAA,On,0,28.1
HorizonZeroDawn,17800,11000,3500,28200,24500,3500,3840,2160,Ultra,Low,Medium,FXAA,Off,0,24.1
AssassinsCreed,17800,11000,3500,22500,11000,4000,1920,1080,Ultra,High,Ultra,Off,On,1,42.2
Destiny2,14200,9000,2500,28200,11000,7500,1920,1080,Ultra,Ultra,Ultra,TAA,On,1,77.5
RainbowSixSiege,14200,9000,2500,25200,18100,2500,1920,1080,High,Ultra,Medium,TAA,On,1,132.1
RedDeadRedemption2,17800,11000,3500,22500,9000,6000,2560,1440,Medium,High,Medium,TAA,Off,1,28.5
LeagueOfLegends,8000,4500,2500,19700,18100,6000,2560,1440,High,Low,High,FXAA,On,0,292.6
HorizonZeroDawn,17800,11000,3500,19700,17500,5500,1920,1080,High,Ultra,High,TAA,On,0,50.9
Valorant,8000,5000,2500,22500,17500,4000,1280,720,Medium,Ultra,Low,Off,On,-1,390.158480105282
HorizonZeroDawn,17800,11000,3500,25200,9000,3500,2560,1440,Ultra,Low,Ultra,Off,On,0,24.5
Valorant,8000,5000,2500,22500,17500,3500,2560,1440,Medium,Low,Ultra,FXAA,On,0,344.6
Warzone,17800,13000,3500,29000,24500,2500,1920,1080,Ultra,High,Ultra,Off,Off,1,59.8
HorizonZeroDawn,17800,11000,3500,29000,18100,3500,2560,1440,Ultra,High,High,Off,On,1,34.9
Cyberpunk2077,14200,9000,2500,28200,17500,2500,2560,1440,Medium,Ultra,Medium,Off,On,-1,43.2
RainbowSixSiege,14200,9000,2500,14200,9000,6000,1280,720,High,Medium,High,TAA,Off,1,158.8
AssassinsCreed,17800,11000,3500,22500,17500,4000,2560,1440,Medium,High,Low,Off,Off,0,55.7
ApexLegends,14200,9000,2500,19700,18100,3500,1920,1080,Low,High,Low,FXAA,On,1,198.7
GTA_V,10000,6500,2500,25200,38500,3500,2560,1440,Medium,High,Ultra,TAA,On,0,169.0
PUBG,14200,9000,2500,28200,24500,5500,2560,1440,Low,Medium,Ultra,Off,On,1,148.9
RocketLeague,11000,7000,2500,25200,26500,3500,3840,2160,Ultra,Ultra,Medium,TAA,On,-1,51.5
GTA_V,10000,6500,2500,19700,26500,3500,1920,1080,Ultra,Low,Low,Off,Off,0,161.9
Destiny2,14200,9000,2500,22500,38500,5500,1920,1080,Low,Low,High,FXAA,On,1,185.41758518764232
Overwatch,12000,8000,2500,17800,24500,4000,1280,720,Ultra,Ultra,Ultra,Off,Off,-1,156.0
GenshinImpact,12000,7800,2500,28200,14000,5500,1920,1080,High,High,High,TAA,Off,0,110.9
RocketLeague,11000,7000,2500,29000,9000,7500,1920,1080,Medium,Low,Ultra,Off,On,0,236.2
Destiny2,14200,9000,2500,19700,11000,4000,1920,1080,Ultra,Low,High,Off,On,0,68.4
RedDeadRedemption2,17800,11000,3500,28200,17500,2500,1920,1080,Ultra,High,Ultra,Off,Off,-1,27.6
Minecraft,8000,4000,2500,28200,17500,3500,1920,1080,High,Medium,Medium,FXAA,Off,1,278.1
Minecraft,8000,4000,2500,28200,24500,4000,3840,2160,Ultra,Ultra,Low,Off,On,1,147.9
Cyberpunk2077,14200,9000,2500,19700,9000,5500,2560,1440,High,Low,High,Off,Off,0,39.8
Minecraft,8000,4000,2500,22500,11000,3500,1920,1080,High,Ultra,Ultra,FXAA,On,0,248.6
Fortnite,12000,7500,2500,28200,18100,5500,1280,720,High,High,Medium,FXAA,Off,-1,218.7
HorizonZeroDawn,17800,11000,3500,25200,18100,2500,1920,1080,High,Low,Ultra,Off,Off,0,69.7
Warzone,17800,13000,3500,28200,18100,6000,1920,1080,Ultra,Medium,Medium,TAA,Off,1,55.2
Cyberpunk2077,14200,9000,2500,19700,18100,2500,2560,1440,High,Medium,Ultra,TAA,On,0,36.2
TheWitcher3,14200,9000,2500,19700,14000,4000,1920,1080,Low,Medium,Ultra,FXAA,On,0,109.5
LeagueOfLegends,8000,4500,2500,19700,38500,3500,1920,1080,Low,Low,High,FXAA,Off,0,338.6
ApexLegends,14200,9000,2500,22500,14000,5500,2560,1440,Medium,Medium,High,TAA,Off,1,100.8
Destiny2,14200,9000,2500,14200,18100,4000,2560,1440,High,High,Ultra,TAA,Off,1,66.4
Minecraft,8000,4000,2500,17800,17500,2500,1920,1080,Medium,High,High,FXAA,Off,0,278.2
RocketLeague,11000,7000,2500,25200,26500,2500,1920,1080,Ultra,Ultra,High,FXAA,Off,1,203.6
Valorant,8000,5000,2500,29000,18100,2500,3840,2160,Low,Low,Medium,FXAA,Off,0,301.6
Valorant,8000,5000,2500,28200,14000,3500,1920,1080,Ultra,High,High,Off,Off,0,334.3
RedDeadRedemption2,17800,11000,3500,25200,38500,4000,1920,1080,Low,Medium,Low,TAA,Off,1,115.9
LeagueOfLegends,8000,4500,2500,14200,38500,4000,3840,2160,High,Ultra,Low,Off,Off,0,225.6
Cyberpunk2077,14200,9000,2500,17800,17500,2500,1920,1080,Ultra,Medium,Low,FXAA,On,1,49.9
PUBG,14200,9000,2500,25200,38500,2500,1920,1080,Medium,Low,Ultra,Off,On,1,196.9
Fortnite,12000,7500,2500,19700,18100,2500,1920,1080,Low,Ultra,Low,FXAA,Off,-1,164.8
GTA_V,10000,6500,2500,17800,18100,2500,1920,1080,Medium,Low,Medium,FXAA,Off,-1,158.3
ApexLegends,14200,9000,2500,17800,18100,5500,3840,2160,High,Ultra,Medium,Off,Off,0,43.1
HorizonZeroDawn,17800,11000,3500,17800,38500,5500,2560,1440,High,High,Ultra,FXAA,On,0,60.5
CS_GO,9000,5500,2500,25200,11000,6000,1920,1080,Medium,Medium,Ultra,Off,Off,1,389.0
EldenRing,14200,9000,3500,25200,17500,3500,2560,1440,Low,Low,Medium,Off,On,-1,88.9
RocketLeague,11000,7000,2500,14200,24500,5500,1920,1080,Medium,Low,High,FXAA,Off,1,276.4
RainbowSixSiege,14200,9000,2500,25200,26500,4000,2560,1440,Ultra,High,Medium,Off,Off,0,99.9
PUBG,14200,9000,2500,25200,11000,5500,3840,2160,High,Low,Low,FXAA,On,-1,29.0
GTA_V,10000,6500,2500,14200,18100,3500,1920,1080,Medium,Medium,Medium,FXAA,Off,0,173.2
PUBG,14200,9000,2500,25200,26500,5500,3840,2160,Ultra,Medium,Low,Off,Off,1,45.8
PUBG,14200,9000,2500,19700,18100,6000,1920,1080,High,Low,High,Off,On,-1,103.6
Destiny2,14200,9000,2500,22500,14000,2500,1280,720,Low,High,Ultra,Off,On,1,191.9
Destiny2,14200,9000,2500,22500,14000,3500,1920,1080,Low,High,Ultra,Off,On,-1,114.8
EldenRing,14200,9000,3500,28200,18100,5500,1920,1080,Medium,Medium,Ultra,Off,On,1,114.2
GTA_V,10000,6500,2500,17800,11000,7500,1920,1080,Ultra,Low,High,TAA,On,0,98.1
RainbowSixSiege,14200,9000,2500,28200,18100,3500,1920,1080,Medium,High,Low,Off,Off,0,195.6
CS_GO,9000,5500,2500,28200,18100,3500,1920,1080,Low,Low,Ultra,Off,Off,0,385.8
TheWitcher3,14200,9000,2500,29000,18100,7500,1920,1080,High,Ultra,Low,FXAA,On,0,103.1
SpiderMan,17800,11000,3500,25200,17500,5500,1920,1080,Ultra,Ultra,Ultra,FXAA,Off,-1,40.8
Valorant,8000,5000,2500,22500,17500,4000,1920,1080,Ultra,Ultra,High,FXAA,On,0,313.1
Destiny2,14200,9000,2500,19700,26500,5500,1920,1080,Low,High,Low,FXAA,Off,1,184.4
Cyberpunk2077,14200,9000,2500,28200,17500,7500,1920,1080,High,Low,Medium,TAA,On,0,81.8
Cyberpunk2077,14200,9000,2500,14200,11000,4000,3840,2160,Medium,High,Low,TAA,On,1,20.8
SpiderMan,17800,11000,3500,22500,11000,7500,1920,1080,Low,Low,Ultra,FXAA,Off,0,103.3
Fortnite,12000,7500,2500,25200,26500,4000,1280,720,High,Low,Low,TAA,On,0,236.3
GenshinImpact,12000,7800,2500,17800,9000,3500,2560,1440,High,High,High,TAA,Off,0,52.2
Warzone,17800,13000,3500,29000,26500,2500,1920,1080,Ultra,Ultra,Ultra,Off,Off,0,47.5
ApexLegends,14200,9000,2500,19700,11000,2500,1920,1080,High,Medium,Ultra,Off,On,1,100.3
RainbowSixSiege,14200,9000,2500,14200,14000,3500,1280,720,Medium,Low,Low,Off,Off,0,226.1
Overwatch,12000,8000,2500,22500,11000,4000,1280,720,Medium,High,High,Off,On,0,244.8
HorizonZeroDawn,17800,11000,3500,19700,17500,4000,2560,1440,Medium,Ultra,Medium,Off,Off,-1,38.9
TheWitcher3,14200,9000,2500,28200,24500,2500,1920,1080,High,High,High,Off,On,0,109.6
GenshinImpact,12000,7800,2500,17800,18100,3500,1920,1080,Ultra,Medium,High,Off,On,0,98.3
TheWitcher3,14200,9000,2500,28200,17500,2500,1920,1080,Ultra,Medium,Ultra,FXAA,On,0,66.0
Cyberpunk2077,14200,9000,2500,14200,14000,3500,2560,1440,Medium,Medium,Medium,TAA,Off,1,45.0
Minecraft,8000,4000,2500,25200,38500,6000,3840,2160,Ultra,High,Medium,FXAA,On,0,191.6
GTA_V,10000,6500,2500,25200,18100,3500,1920,1080,Medium,Medium,Ultra,TAA,Off,0,167.7
RedDeadRedemption2,17800,11000,3500,19700,18100,2500,1920,1080,High,Low,Medium,FXAA,Off,-1,40.9
Overwatch,12000,8000,2500,25200,11000,2500,2560,1440,High,High,Ultra,FXAA,On,1,92.2
RocketLeague,11000,7000,2500,22500,26500,7500,1920,1080,High,Low,Ultra,FXAA,Off,1,280.8
Fortnite,12000,7500,2500,19700,24500,4000,3840,2160,Low,Low,Medium,Off,Off,1,124.0
RainbowSixSiege,14200,9000,2500,25200,18100,3500,1920,1080,Low,High,High,FXAA,Off,-1,190.6
AssassinsCreed,17800,11000,3500,29000,18100,3500,2560,1440,Low,Low,Ultra,FXAA,On,0,73.1
EldenRing,14200,9000,3500,28200,11000,3500,2560,1440,High,Medium,Low,FXAA,Off,0,53.8
HorizonZeroDawn,17800,11000,3500,22500,24500,2500,1920,1080,Low,Medium,High,TAA,On,0,103.4
EldenRing,14200,9000,3500,28200,38500,3500,1920,1080,High,Medium,Medium,TAA,Off,1,112.9
Minecraft,8000,4000,2500,29000,26500,4000,2560,1440,Low,Ultra,High,FXAA,On,0,293.7
Minecraft,8000,4000,2500,28200,26500,2500,3840,2160,Medium,Ultra,Medium,TAA,On,0,181.4
TheWitcher3,14200,9000,2500,22500,11000,3500,2560,1440,Medium,Low,High,TAA,Off,0,55.4
PUBG,14200,9000,2500,22500,26500,4000,1920,1080,High,Medium,Ultra,Off,On,-1,109.8
ApexLegends,14200,9000,2500,25200,9000,4000,3840,2160,Low,Low,Ultra,FXAA,Off,-1,43.7
Cyberpunk2077,14200,9000,2500,22500,17500,3500,1920,1080,Medium,Low,Low,Off,On,0,88.9
RedDeadRedemption2,17800,11000,3500,28200,18100,4000,1920,1080,Medium,High,High,Off,Off,1,65.7
Warzone,17800,13000,3500,29000,18100,5500,1920,1080,Medium,High,Low,Off,On,0,87.0
Minecraft,8000,4000,2500,17800,24500,2500,1920,1080,Ultra,Medium,High,FXAA,Off,1,292.0
SpiderMan,17800,11000,3500,22500,17500,2500,1280,720,High,Low,High,Off,On,0,109.1
TheWitcher3,14200,9000,2500,25200,17500,5500,1920,1080,Ultra,Ultra,Low,Off,Off,1,82.9
Fortnite,12000,7500,2500,29000,24500,2500,1920,1080,High,Medium,High,Off,Off,-1,181.6
Overwatch,12000,8000,2500,22500,14000,4000,3840,2160,Medium,Low,Low,FXAA,On,0,73.9
Warzone,17800,13000,3500,25200,14000,4000,1920,1080,Ultra,High,Low,FXAA,Off,-1,36.5
Minecraft,8000,4000,2500,19700,18100,4000,3840,2160,Medium,Low,Ultra,FXAA,Off,0,172.9
Cyberpunk2077,14200,9000,2500,17800,18100,3500,2560,1440,High,Ultra,Ultra,Off,On,0,35.8
TheWitcher3,14200,9000,2500,34900,11000,4000,1280,720,Ultra,High,High,TAA,On,0,81.0
GTA_V,10000,6500,2500,17800,11000,5500,2560,1440,Ultra,Medium,Low,TAA,On,1,64.5
AssassinsCreed,17800,11000,3500,25200,17500,2500,3840,2160,Low,Medium,Low,TAA,On,-1,30.7
Minecraft,8000,4000,2500,25200,24500,5500,3840,2160,Medium,Low,Ultra,TAA,On,1,216.8
Warzone,17800,13000,3500,25200,38500,4000,3840,2160,Medium,High,Low,TAA,On,-1,32.7
PUBG,14200,9000,2500,28200,11000,4000,2560,1440,Low,Medium,High,TAA,Off,-1,73.2
Minecraft,8000,4000,2500,22500,17500,4000,1920,1080,Medium,Low,Low,FXAA,On,1,276.6
Warzone,17800,13000,3500,34900,9000,2500,3840,2160,High,High,High,FXAA,Off,-1,13.5
RocketLeague,11000,7000,2500,25200,26500,7500,1280,720,High,High,Ultra,Off,On,0,282.9
Valorant,8000,5000,2500,28200,18100,3500,3840,2160,Low,High,Low,Off,Off,-1,250.6
EldenRing,14200,9000,3500,17800,17500,6000,2560,1440,Medium,Low,Medium,Off,On,1,93.5
SpiderMan,17800,11000,3500,28200,11000,2500,1920,1080,Low,Medium,High,FXAA,On,-1,76.8
Fortnite,12000,7500,2500,25200,18100,3500,2560,1440,Medium,Low,Ultra,TAA,Off,0,127.3
CS_GO,9000,5500,2500,29000,26500,4000,1920,1080,Low,Low,High,Off,Off,1,385.6
GTA_V,10000,6500,2500,22500,17500,3500,1280,720,Medium,Medium,Low,Off,Off,-1,172.5
RainbowSixSiege,14200,9000,2500,28200,17500,4000,2560,1440,Low,Medium,Ultra,TAA,Off,0,148.5
CS_GO,9000,5500,2500,22500,14000,6000,2560,1440,Medium,Ultra,High,Off,On,1,285.4
Warzone,17800,13000,3500,17800,17500,5500,1280,720,Medium,Medium,Low,Off,Off,-1,94.7
LeagueOfLegends,8000,4500,2500,25200,11000,3500,2560,1440,Medium,High,Medium,TAA,Off,0,231.1
TheWitcher3,14200,9000,2500,29000,11000,6000,1280,720,High,Ultra,Low,FXAA,On,0,112.7
PUBG,14200,9000,2500,29000,38500,7500,2560,1440,Ultra,Low,Ultra,TAA,On,-1,76.7
RainbowSixSiege,14200,9000,2500,19700,9000,2500,3840,2160,Low,High,Low,Off,On,0,50.7
GTA_V,10000,6500,2500,28200,14000,2500,3840,2160,Ultra,Ultra,Ultra,Off,On,1,35.5
RainbowSixSiege,14200,9000,2500,19700,38500,3500,2560,1440,Medium,Low,High,Off,On,1,224.3
Minecraft,8000,4000,2500,19700,14000,2500,1920,1080,Medium,Ultra,High,TAA,On,-1,272.2
Fortnite,12000,7500,2500,19700,17500,2500,1920,1080,Ultra,Ultra,Ultra,Off,Off,0,95.9
SpiderMan,17800,11000,3500,19700,24500,3500,1920,1080,Low,Medium,Medium,FXAA,Off,1,141.2
AssassinsCreed,17800,11000,3500,29000,24500,5500,1920,1080,Low,Medium,Ultra,TAA,Off,0,127.1
Minecraft,8000,4000,2500,14200,17500,4000,2560,1440,Medium,Low,Low,FXAA,Off,0,292.6
TheWitcher3,14200,9000,2500,19700,14000,2500,1920,1080,High,Medium,Low,FXAA,On,-1,65.9
Minecraft,8000,4000,2500,29000,18100,5500,2560,1440,High,High,Ultra,FXAA,Off,1,278.5
Warzone,17800,13000,3500,22500,24500,4000,1920,1080,Low,High,Medium,TAA,On,0,101.2
SpiderMan,17800,11000,3500,25200,17500,4000,2560,1440,Low,Ultra,Ultra,Off,On,0,63.6
TheWitcher3,14200,9000,2500,19700,17500,6000,1920,1080,Ultra,Ultra,Low,FXAA,Off,0,66.8
CS_GO,9000,5500,2500,22500,24500,4000,1920,1080,Ultra,Medium,High,FXAA,On,0,342.5
Overwatch,12000,8000,2500,22500,24500,3500,2560,1440,Ultra,Medium,High,FXAA,Off,0,106.2
AssassinsCreed,17800,11000,3500,22500,14000,6000,1920,1080,High,Low,Ultra,FXAA,On,-1,58.5
GTA_V,10000,6500,2500,29000,9000,4000,1920,1080,Low,High,High,TAA,On,1,179.5
Warzone,17800,13000,3500,25200,11000,3500,3840,2160,Low,Ultra,Medium,Off,On,1,25.1
LeagueOfLegends,8000,4500,2500,28200,17500,6000,1920,1080,Low,Ultra,Medium,FXAA,Off,-1,339.9
Fortnite,12000,7500,2500,22500,26500,3500,1920,1080,Ultra,Medium,Ultra,Off,Off,1,177.7
PUBG,14200,9000,2500,34900,18100,3500,1920,1080,Ultra,Medium,Ultra,TAA,Off,-1,72.5
Minecraft,8000,4000,2500,34900,11000,4000,2560,1440,Medium,High,Medium,Off,On,1,291.3
PUBG,14200,9000,2500,25200,26500,4000,1920,1080,Low,Medium,Ultra,Off,On,0,194.4
GTA_V,10000,6500,2500,34900,9000,7500,3840,2160,Low,Low,Low,Off,On,1,100.0
RedDeadRedemption2,17800,11000,3500,29000,17500,6000,2560,1440,High,Low,High,Off,Off,0,37.7
Cyberpunk2077,14200,9000,2500,22500,17500,4000,1920,1080,Low,Low,Ultra,Off,On,0,108.6
RedDeadRedemption2,17800,11000,3500,25200,24500,4000,2560,1440,Ultra,Medium,Medium,Off,On,0,29.5
EldenRing,14200,9000,3500,19700,17500,3500,2560,1440,Medium,Ultra,High,TAA,On,1,63.7
SpiderMan,17800,11000,3500,29000,14000,6000,1920,1080,Low,Medium,High,FXAA,Off,0,114.0
TheWitcher3,14200,9000,2500,25200,18100,2500,2560,1440,Low,Low,Ultra,FXAA,On,0,90.6
GenshinImpact,12000,7800,2500,25200,24500,2500,1920,1080,Ultra,Ultra,Ultra,FXAA,On,1,104.8
TheWitcher3,14200,9000,2500,34900,18100,5500,1920,1080,Medium,Low,High,FXAA,Off,0,136.6
EldenRing,14200,9000,3500,22500,24500,6000,2560,1440,Medium,High,Ultra,FXAA,On,0,82.5
RocketLeague,11000,7000,2500,29000,14000,2500,2560,1440,Ultra,High,Ultra,TAA,Off,0,79.3
GTA_V,10000,6500,2500,19700,18100,4000,1920,1080,High,Low,Low,TAA,On,0,158.0
AssassinsCreed,17800,11000,3500,25200,14000,2500,2560,1440,High,Low,Ultra,Off,On,0,39.4
GTA_V,10000,6500,2500,25200,11000,4000,1920,1080,High,Medium,Ultra,Off,Off,0,132.8
GTA_V,10000,6500,2500,22500,38500,3500,1280,720,Ultra,Medium,Ultra,Off,On,0,171.5
Destiny2,14200,9000,2500,14200,17500,7500,3840,2160,Low,High,Ultra,TAA,Off,-1,48.9
Cyberpunk2077,14200,9000,2500,28200,18100,4000,2560,1440,Ultra,Low,Low,FXAA,Off,1,44.1
PUBG,14200,9000,2500,22500,17500,3500,1920,1080,High,High,Ultra,FXAA,On,1,96.9
ApexLegends,14200,9000,2500,25200,18100,3500,3840,2160,Medium,Medium,Medium,Off,On,0,59.5
Fortnite,12000,7500,2500,28200,17500,2500,1280,720,High,Medium,High,FXAA,Off,1,223.3
Cyberpunk2077,14200,9000,2500,29000,17500,4000,2560,1440,Ultra,High,High,Off,Off,-1,29.9
GTA_V,10000,6500,2500,25200,14000,2500,3840,2160,Ultra,Ultra,Low,TAA,Off,1,34.5
ApexLegends,14200,9000,2500,25200,18100,2500,1920,1080,Medium,Medium,Low,FXAA,Off,1,178.7
CS_GO,9000,5500,2500,22500,14000,2500,1920,1080,High,High,Ultra,Off,Off,0,298.4
HorizonZeroDawn,17800,11000,3500,19700,18100,5500,1920,1080,Ultra,High,Medium,Off,On,0,52.5
EldenRing,14200,9000,3500,22500,38500,3500,1920,1080,Medium,Medium,High,Off,Off,0,113.5
PUBG,14200,9000,2500,25200,14000,2500,1920,1080,Low,Ultra,High,TAA,On,1,118.5
Valorant,8000,5000,2500,29000,14000,4000,1920,1080,Ultra,Low,Medium,FXAA,On,1,385.2
CS_GO,9000,5500,2500,29000,24500,2500,2560,1440,Medium,Ultra,Ultra,Off,Off,0,341.6
Minecraft,8000,4000,2500,19700,26500,4000,1920,1080,Ultra,Ultra,Low,TAA,On,-1,285.6
Cyberpunk2077,14200,9000,2500,17800,11000,2500,1920,1080,Ultra,Medium,High,FXAA,Off,0,35.9
RainbowSixSiege,14200,9000,2500,19700,11000,4000,1280,720,Ultra,Ultra,Ultra,Off,On,1,117.2
TheWitcher3,14200,9000,2500,19700,11000,4000,1280,720,Low,Medium,High,FXAA,On,1,143.8
Overwatch,12000,8000,2500,25200,24500,5500,1920,1080,Medium,High,Low,FXAA,On,-1,242.0
PUBG,14200,9000,2500,29000,14000,2500,2560,1440,Ultra,Low,High,FXAA,Off,0,47.2
TheWitcher3,14200,9000,2500,19700,24500,4000,2560,1440,High,High,Ultra,TAA,Off,0,64.9
Overwatch,12000,8000,2500,19700,11000,5500,3840,2160,High,High,High,Off,Off,0,52.4
RainbowSixSiege,14200,9000,2500,19700,11000,4000,2560,1440,High,Ultra,Medium,FXAA,Off,1,75.2
Valorant,8000,5000,2500,17800,17500,5500,1920,1080,Low,Ultra,Medium,TAA,On,-1,385.7
Warzone,17800,13000,3500,28200,9000,5500,2560,1440,Low,Low,Ultra,TAA,Off,-1,42.9
EldenRing,14200,9000,3500,17800,17500,4000,2560,1440,High,Medium,Low,FXAA,On,-1,48.0
RedDeadRedemption2,17800,11000,3500,22500,24500,2500,2560,1440,Low,Medium,High,Off,Off,0,52.8
GTA_V,10000,6500,2500,25200,18100,2500,1920,1080,Medium,High,Medium,Off,Off,1,173.0
Destiny2,14200,9000,2500,22500,11000,5500,1280,720,Ultra,Low,High,TAA,On,1,115.7
LeagueOfLegends,8000,4500,2500,25200,17500,2500,1920,1080,Medium,Ultra,High,TAA,On,1,349.4
Fortnite,12000,7500,2500,14200,9000,5500,2560,1440,High,Low,High,Off,On,0,80.3
EldenRing,14200,9000,3500,22500,17500,6000,1920,1080,Ultra,Medium,High,TAA,Off,1,75.2
CS_GO,9000,5500,2500,19700,18100,2500,3840,2160,Low,Ultra,Low,FXAA,Off,-1,142.8
Fortnite,12000,7500,2500,19700,24500,7500,1920,1080,Low,Low,Medium,Off,On,1,231.6
SpiderMan,17800,11000,3500,25200,17500,3500,1920,1080,Ultra,Ultra,High,TAA,Off,1,50.2
RedDeadRedemption2,17800,11000,3500,28200,38500,3500,2560,1440,Low,Ultra,Low,TAA,On,1,71.2
CS_GO,9000,5500,2500,14200,24500,3500,2560,1440,High,Low,Low,Off,On,1,335.1
LeagueOfLegends,8000,4500,2500,25200,11000,4000,1920,1080,Low,Medium,Medium,Off,Off,-1,343.0
RocketLeague,11000,7000,2500,17800,18100,5500,3840,2160,High,High,Low,TAA,On,-1,62.7
TheWitcher3,14200,9000,2500,19700,26500,6000,1920,1080,Low,Low,Ultra,FXAA,Off,1,137.8
Minecraft,8000,4000,2500,19700,17500,5500,2560,1440,Low,High,Medium,TAA,On,0,278.3
CS_GO,9000,5500,2500,25200,18100,5500,1920,1080,Medium,Ultra,Medium,FXAA,Off,0,395.4
Fortnite,12000,7500,2500,29000,14000,4000,1920,1080,Ultra,Ultra,Low,TAA,On,0,94.8
CS_GO,9000,5500,2500,28200,18100,7500,1920,1080,Low,Low,Medium,Off,Off,-1,373.2
EldenRing,14200,9000,3500,25200,18100,5500,1920,1080,Medium,Low,High,Off,Off,1,117.2
RocketLeague,11000,7000,2500,34900,26500,4000,1920,1080,Medium,Medium,High,FXAA,Off,0,293.3
Fortnite,12000,7500,2500,17800,17500,4000,2560,1440,High,Ultra,Ultra,FXAA,On,1,91.7
Fortnite,12000,7500,2500,14200,24500,2500,2560,1440,Ultra,High,High,FXAA,On,0,75.7
Fortnite,12000,7500,2500,25200,18100,3500,1280,720,Low,Low,Low,FXAA,Off,1,235.9
Overwatch,12000,8000,2500,29000,18100,6000,1920,1080,High,Medium,Ultra,FXAA,Off,0,197.9
RainbowSixSiege,14200,9000,2500,34900,11000,3500,1920,1080,Medium,Medium,Medium,TAA,Off,1,186.9
Warzone,17800,13000,3500,25200,24500,7500,2560,1440,High,Ultra,High,Off,Off,0,47.2
SpiderMan,17800,11000,3500,25200,11000,3500,1920,1080,Low,Medium,High,Off,On,0,92.6
Valorant,8000,5000,2500,29000,26500,3500,2560,1440,High,High,High,Off,Off,1,399.9
PUBG,14200,9000,2500,25200,18100,3500,1920,1080,Low,Low,Low,Off,On,-1,149.1
Cyberpunk2077,14200,9000,2500,14200,18100,2500,1920,1080,High,High,Low,TAA,Off,-1,50.5
AssassinsCreed,17800,11000,3500,25200,24500,3500,1920,1080,Ultra,Medium,Ultra,Off,On,0,63.7
CS_GO,9000,5500,2500,25200,18100,2500,1280,720,Low,Ultra,Medium,FXAA,On,-1,378.6
LeagueOfLegends,8000,4500,2500,25200,17500,3500,1920,1080,Low,Low,Medium,Off,Off,-1,330.0
GenshinImpact,12000,7800,2500,28200,18100,4000,1280,720,Low,Low,Ultra,Off,On,0,115.3
CS_GO,9000,5500,2500,14200,18100,2500,1920,1080,Medium,Low,Low,TAA,Off,1,389.6
Cyberpunk2077,14200,9000,2500,28200,38500,5500,2560,1440,High,Medium,Low,TAA,On,-1,66.6
Valorant,8000,5000,2500,22500,17500,3500,1920,1080,Ultra,Ultra,Low,Off,Off,-1,298.3
CS_GO,9000,5500,2500,25200,26500,4000,2560,1440,Medium,Low,Low,TAA,Off,-1,369.5
AssassinsCreed,17800,11000,3500,28200,38500,5500,1920,1080,High,High,Low,TAA,On,0,121.2
AssassinsCreed,17800,11000,3500,28200,18100,3500,1280,720,Low,Low,Medium,FXAA,Off,0,142.4
TheWitcher3,14200,9000,2500,28200,11000,6000,1920,1080,Medium,Ultra,Ultra,Off,Off,0,90.7
Valorant,8000,5000,2500,14200,24500,6000,1280,720,Ultra,Medium,Ultra,TAA,On,0,371.2
EldenRing,14200,9000,3500,25200,24500,4000,1920,1080,Ultra,Low,Low,FXAA,On,0,96.8
Overwatch,12000,8000,2500,22500,9000,2500,1920,1080,Medium,Medium,High,Off,On,0,156.2
EldenRing,14200,9000,3500,34900,17500,6000,3840,2160,Low,Low,Low,Off,On,1,74.4
Destiny2,14200,9000,2500,28200,38500,4000,1920,1080,Medium,Low,High,TAA,On,0,186.8
SpiderMan,17800,11000,3500,22500,14000,7500,1920,1080,Low,Ultra,High,Off,On,-1,83.2
LeagueOfLegends,8000,4500,2500,28200,17500,3500,1920,1080,High,Low,Ultra,Off,On,1,338.6
GTA_V,10000,6500,2500,28200,18100,6000,2560,1440,High,Ultra,Low,Off,Off,0,115.1
LeagueOfLegends,8000,4500,2500,29000,18100,2500,2560,1440,High,High,Medium,FXAA,On,0,267.0
ApexLegends,14200,9000,2500,29000,17500,5500,3840,2160,Medium,Ultra,High,TAA,On,0,49.4
CS_GO,9000,5500,2500,17800,9000,4000,2560,1440,High,High,Medium,TAA,On,-1,122.7
Destiny2,14200,9000,2500,28200,26500,2500,2560,1440,Medium,Ultra,Medium,Off,Off,1,120.6
TheWitcher3,14200,9000,2500,34900,14000,7500,1280,720,High,Low,Ultra,Off,On,1,141.3
CS_GO,9000,5500,2500,28200,24500,4000,1920,1080,Medium,Medium,Ultra,FXAA,On,-1,393.9
Overwatch,12000,8000,2500,25200,9000,2500,1920,1080,Ultra,Low,High,FXAA,Off,0,97.7
Overwatch,12000,8000,2500,25200,14000,6000,2560,1440,Medium,Ultra,Medium,TAA,On,-1,102.9
LeagueOfLegends,8000,4500,2500,25200,38500,4000,1920,1080,Low,Medium,High,Off,On,0,339.5
HorizonZeroDawn,17800,11000,3500,25200,18100,4000,2560,1440,Ultra,High,Medium,FXAA,On,-1,27.6
RocketLeague,11000,7000,2500,22500,14000,2500,2560,1440,Low,Ultra,Low,TAA,On,-1,119.6
AssassinsCreed,17800,11000,3500,29000,18100,4000,1920,1080,Low,Ultra,Low,TAA,On,0,99.6
RocketLeague,11000,7000,2500,25200,26500,6000,3840,2160,Ultra,Ultra,Ultra,TAA,On,-1,51.8
Warzone,17800,13000,3500,17800,14000,6000,3840,2160,Ultra,High,Low,TAA,On,0,13.8
RocketLeague,11000,7000,2500,34900,11000,4000,1920,1080,Low,High,High,FXAA,Off,0,278.6
CS_GO,9000,5500,2500,19700,18100,3500,1920,1080,Low,Medium,High,FXAA,Off,0,369.2
CS_GO,9000,5500,2500,17800,18100,5500,3840,2160,Ultra,Low,Ultra,FXAA,Off,0,97.2
Overwatch,12000,8000,2500,17800,11000,4000,1280,720,Medium,Medium,Low,Off,Off,0,239.2
Warzone,17800,13000,3500,14200,24500,3500,1920,1080,Ultra,Low,High,Off,Off,-1,45.9
Destiny2,14200,9000,2500,28200,18100,7500,1920,1080,Medium,High,High,FXAA,On,-1,131.9
SpiderMan,17800,11000,3500,22500,24500,3500,1920,1080,Ultra,Ultra,High,Off,Off,0,61.4
ApexLegends,14200,9000,2500,28200,18100,3500,1920,1080,Ultra,Ultra,High,Off,On,1,99.1
RocketLeague,11000,7000,2500,17800,38500,6000,1920,1080,Ultra,Medium,High,TAA,Off,-1,217.7
RocketLeague,11000,7000,2500,25200,26500,5500,1920,1080,High,Low,Low,TAA,On,0,298.0
TheWitcher3,14200,9000,2500,17800,18100,4000,1280,720,Ultra,Low,High,FXAA,On,1,104.0
SpiderMan,17800,11000,3500,34900,18100,6000,1920,1080,Medium,Medium,Low,TAA,Off,0,111.2
Overwatch,12000,8000,2500,14200,24500,7500,1920,1080,High,Ultra,Ultra,FXAA,On,-1,163.9
RocketLeague,11000,7000,2500,19700,17500,4000,1920,1080,Medium,Medium,Medium,TAA,On,1,274.8
SpiderMan,17800,11000,3500,34900,38500,3500,1920,1080,Ultra,Ultra,High,FXAA,On,0,88.5
PUBG,14200,9000,2500,28200,17500,2500,2560,1440,Ultra,Ultra,Ultra,FXAA,On,0,40.2
GTA_V,10000,6500,2500,25200,24500,3500,1280,720,High,Ultra,Low,Off,Off,1,179.3
Cyberpunk2077,14200,9000,2500,14200,24500,3500,1280,720,Medium,High,High,Off,On,0,112.8
HorizonZeroDawn,17800,11000,3500,25200,17500,5500,1920,1080,Low,Ultra,Ultra,TAA,Off,1,88.5
Cyberpunk2077,14200,9000,2500,19700,26500,3500,1920,1080,Ultra,High,Ultra,TAA,On,0,53.3
GenshinImpact,12000,7800,2500,29000,26500,6000,2560,1440,High,Medium,Ultra,TAA,Off,0,109.4
RainbowSixSiege,14200,9000,2500,25200,9000,4000,1280,720,High,High,Low,Off,On,-1,135.7
Valorant,8000,5000,2500,25200,24500,4000,1920,1080,Low,High,Low,TAA,On,-1,368.0
AssassinsCreed,17800,11000,3500,17800,38500,3500,1280,720,Ultra,High,Ultra,TAA,Off,1,108.0
Valorant,8000,5000,2500,28200,24500,3500,2560,1440,Low,Low,Ultra,TAA,On,-1,393.8
GenshinImpact,12000,7800,2500,19700,24500,4000,1920,1080,High,High,Medium,FXAA,Off,-1,119.5
Warzone,17800,13000,3500,22500,17500,6000,2560,1440,Low,Low,Medium,Off,On,1,79.6
GTA_V,10000,6500,2500,25200,24500,4000,1920,1080,Medium,High,Low,FXAA,On,0,170.6
AssassinsCreed,17800,11000,3500,25200,14000,2500,2560,1440,High,Low,High,Off,On,0,43.0
Valorant,8000,5000,2500,22500,9000,5500,2560,1440,Medium,Medium,Low,TAA,Off,0,287.5
Cyberpunk2077,14200,9000,2500,34900,11000,4000,1920,1080,Ultra,Low,Ultra,FXAA,On,1,55.3
HorizonZeroDawn,17800,11000,3500,25200,18100,3500,2560,1440,Low,Ultra,High,FXAA,Off,1,64.6
RainbowSixSiege,14200,9000,2500,14200,18100,2500,1280,720,Low,High,Low,TAA,Off,0,265.0
RedDeadRedemption2,17800,11000,3500,25200,14000,3500,1920,1080,High,Medium,Low,TAA,Off,0,43.7
HorizonZeroDawn,17800,11000,3500,25200,18100,2500,2560,1440,Low,Ultra,Ultra,Off,Off,0,56.1
Warzone,17800,13000,3500,19700,38500,2500,1920,1080,Medium,Medium,Ultra,Off,On,0,103.5
Warzone,17800,13000,3500,25200,24500,4000,2560,1440,Medium,High,High,TAA,On,-1,42.7
HorizonZeroDawn,17800,11000,3500,25200,18100,4000,2560,1440,Medium,High,Medium,TAA,On,0,48.9
CS_GO,9000,5500,2500,25200,14000,2500,3840,2160,Medium,Low,Medium,Off,On,0,147.4
Valorant,8000,5000,2500,28200,18100,3500,1920,1080,High,Low,Low,TAA,On,0,391.7
AssassinsCreed,17800,11000,3500,34900,11000,2500,1920,1080,Ultra,High,Low,TAA,On,0,42.5
CS_GO,9000,5500,2500,22500,38500,3500,2560,1440,Medium,Medium,Ultra,Off,Off,0,397.2
Cyberpunk2077,14200,9000,2500,19700,14000,3500,1920,1080,High,Medium,Medium,Off,On,0,60.2
PUBG,14200,9000,2500,28200,24500,6000,2560,1440,High,Medium,Medium,Off,On,1,103.9
Warzone,17800,13000,3500,22500,14000,5500,1920,1080,Ultra,Low,Medium,Off,On,-1,39.5
ApexLegends,14200,9000,2500,25200,24500,4000,2560,1440,Low,High,Ultra,FXAA,Off,0,143.5
Overwatch,12000,8000,2500,22500,18100,2500,1280,720,Ultra,High,Low,TAA,On,0,167.8
AssassinsCreed,17800,11000,3500,17800,18100,5500,2560,1440,High,High,Low,TAA,Off,0,42.0
RocketLeague,11000,7000,2500,19700,18100,4000,2560,1440,Medium,Ultra,Ultra,Off,On,0,145.4
Valorant,8000,5000,2500,25200,17500,3500,1920,1080,Low,Low,Medium,TAA,On,0,389.7
LeagueOfLegends,8000,4500,2500,22500,17500,3500,2560,1440,Low,High,Low,TAA,On,1,334.0
Minecraft,8000,4000,2500,29000,18100,5500,1920,1080,Low,Medium,Low,FXAA,On,1,291.2
RainbowSixSiege,14200,9000,2500,19700,18100,4000,1920,1080,High,Medium,High,TAA,Off,0,144.3
CS_GO,9000,5500,2500,22500,17500,4000,1920,1080,Medium,Low,Low,FXAA,Off,0,385.0
Overwatch,12000,8000,2500,25200,17500,6000,1920,1080,Medium,Low,High,Off,On,1,297.7
GenshinImpact,12000,7800,2500,22500,9000,5500,2560,1440,High,High,Low,Off,On,0,66.3
CS_GO,9000,5500,2500,25200,24500,5500,1920,1080,High,Medium,Low,TAA,Off,0,383.5
ApexLegends,14200,9000,2500,17800,17500,5500,1920,1080,Medium,Ultra,Ultra,FXAA,Off,0,133.1
HorizonZeroDawn,17800,11000,3500,25200,11000,3500,3840,2160,Ultra,Ultra,Low,TAA,Off,0,11.5
Minecraft,8000,4000,2500,17800,17500,4000,1280,720,High,High,Ultra,TAA,Off,0,276.1
GTA_V,10000,6500,2500,28200,18100,2500,1920,1080,Low,Ultra,Low,FXAA,On,0,168.6
RocketLeague,11000,7000,2500,28200,14000,2500,1920,1080,Medium,Low,Ultra,TAA,On,0,226.3
EldenRing,14200,9000,3500,25200,24500,3500,2560,1440,Medium,Ultra,Ultra,TAA,On,0,69.3
RocketLeague,11000,7000,2500,28200,24500,4000,2560,1440,Ultra,High,Medium,TAA,Off,1,140.5
TheWitcher3,14200,9000,2500,25200,24500,3500,1920,1080,Ultra,Low,Medium,FXAA,On,0,86.4
SpiderMan,17800,11000,3500,28200,24500,5500,2560,1440,Medium,Low,Ultra,Off,Off,0,80.0
SpiderMan,17800,11000,3500,29000,24500,4000,2560,1440,Medium,Low,Ultra,FXAA,On,0,73.2
Overwatch,12000,8000,2500,28200,24500,3500,2560,1440,Medium,Ultra,High,TAA,On,1,165.7
Overwatch,12000,8000,2500,22500,18100,3500,1920,1080,Ultra,High,High,Off,On,0,128.4
SpiderMan,17800,11000,3500,19700,9000,5500,2560,1440,Ultra,Ultra,High,TAA,Off,0,22.5
SpiderMan,17800,11000,3500,22500,17500,2500,2560,1440,High,Medium,Medium,Off,On,0,49.2
ApexLegends,14200,9000,2500,29000,17500,4000,1920,1080,Low,Ultra,Medium,FXAA,On,0,178.2
ApexLegends,14200,9000,2500,28200,17500,6000,3840,2160,Ultra,Low,High,Off,On,0,41.1
RainbowSixSiege,14200,9000,2500,28200,24500,3500,1280,720,Medium,High,Low,Off,Off,-1,271.3
ApexLegends,14200,9000,2500,22500,17500,4000,1920,1080,Ultra,Medium,Medium,Off,On,0,102.5
ApexLegends,14200,9000,2500,25200,17500,2500,1920,1080,Medium,Low,Ultra,TAA,Off,0,141.1
TheWitcher3,14200,9000,2500,25200,17500,5500,1920,1080,High,Ultra,Low,FXAA,On,0,90.4
SpiderMan,17800,11000,3500,17800,17500,2500,1920,1080,Low,Ultra,Medium,FXAA,On,-1,68.5
RocketLeague,11000,7000,2500,19700,17500,2500,1280,720,High,Low,Ultra,TAA,On,1,280.4
Minecraft,8000,4000,2500,19700,18100,3500,2560,1440,Ultra,Low,Ultra,Off,On,-1,170.5
PUBG,14200,9000,2500,22500,26500,2500,1280,720,High,High,High,FXAA,Off,-1,149.0
RedDeadRedemption2,17800,11000,3500,22500,9000,2500,1280,720,High,High,High,FXAA,On,1,43.7
Overwatch,12000,8000,2500,22500,18100,7500,2560,1440,High,High,High,TAA,On,0,128.1
SpiderMan,17800,11000,3500,22500,24500,4000,2560,1440,Ultra,High,Low,TAA,Off,0,42.1
Minecraft,8000,4000,2500,19700,38500,2500,2560,1440,Ultra,Medium,Medium,TAA,Off,0,291.9
AssassinsCreed,17800,11000,3500,17800,26500,2500,1920,1080,Low,Medium,Medium,FXAA,Off,1,138.5
AssassinsCreed,17800,11000,3500,22500,24500,3500,1920,1080,High,High,Low,TAA,On,-1,64.8
SpiderMan,17800,11000,3500,29000,14000,3500,2560,1440,Medium,Medium,Low,Off,On,-1,49.4
LeagueOfLegends,8000,4500,2500,19700,14000,6000,1920,1080,Ultra,High,Medium,TAA,On,0,256.4
Destiny2,14200,9000,2500,25200,24500,4000,3840,2160,Ultra,Medium,Low,FXAA,Off,0,41.4
Destiny2,14200,9000,2500,22500,18100,4000,1920,1080,Ultra,High,Low,TAA,Off,-1,71.9
TheWitcher3,14200,9000,2500,19700,9000,3500,1920,1080,Ultra,Low,Low,FXAA,On,0,49.5
Cyberpunk2077,14200,9000,2500,25200,14000,2500,1920,1080,Low,Low,Ultra,FXAA,On,1,100.6
PUBG,14200,9000,2500,22500,24500,3500,1920,1080,High,High,Ultra,Off,On,1,134.3
LeagueOfLegends,8000,4500,2500,25200,14000,3500,3840,2160,High,Ultra,Ultra,FXAA,Off,1,114.8
LeagueOfLegends,8000,4500,2500,28200,18100,7500,1920,1080,Medium,Ultra,Ultra,TAA,Off,0,348.2
Minecraft,8000,4000,2500,29000,17500,2500,1280,720,Ultra,Ultra,Ultra,TAA,Off,0,280.5
Warzone,17800,13000,3500,29000,18100,3500,3840,2160,Low,High,Medium,TAA,Off,1,35.5
RocketLeague,11000,7000,2500,22500,17500,6000,2560,1440,Ultra,High,Ultra,TAA,Off,0,94.6
SpiderMan,17800,11000,3500,22500,24500,2500,1920,1080,Ultra,Medium,Low,TAA,Off,0,64.5
SpiderMan,17800,11000,3500,25200,17500,3500,1920,1080,High,High,Ultra,TAA,Off,-1,55.2
Fortnite,12000,7500,2500,22500,18100,6000,1920,1080,Ultra,Low,Medium,Off,On,0,154.0
EldenRing,14200,9000,3500,17800,18100,5500,2560,1440,High,Ultra,Ultra,TAA,Off,1,53.2
CS_GO,9000,5500,2500,14200,24500,3500,1280,720,Ultra,Low,Ultra,Off,On,0,372.4
Warzone,17800,13000,3500,22500,24500,5500,2560,1440,Ultra,Ultra,Medium,TAA,On,0,28.9
LeagueOfLegends,8000,4500,2500,22500,26500,4000,1920,1080,Low,High,Medium,Off,On,1,322.5
EldenRing,14200,9000,3500,29000,18100,4000,3840,2160,Medium,Ultra,Medium,FXAA,On,0,37.6
RedDeadRedemption2,17800,11000,3500,28200,14000,3500,2560,1440,High,High,Ultra,TAA,On,0,24.2
Destiny2,14200,9000,2500,14200,17500,3500,1920,1080,Low,High,Ultra,Off,Off,0,139.7
TheWitcher3,14200,9000,2500,19700,18100,2500,1920,1080,Medium,Ultra,Ultra,Off,Off,0,87.9
ApexLegends,14200,9000,2500,19700,17500,5500,3840,2160,High,High,Medium,Off,On,0,45.6
PUBG,14200,9000,2500,25200,17500,5500,2560,1440,High,Low,Medium,FXAA,Off,1,87.4
AssassinsCreed,17800,11000,3500,19700,24500,4000,1920,1080,Ultra,Medium,Ultra,TAA,On,0,57.9
Valorant,8000,5000,2500,22500,14000,3500,2560,1440,High,Medium,Low,FXAA,Off,0,292.8
CS_GO,9000,5500,2500,25200,18100,4000,1920,1080,Low,High,Medium,TAA,On,0,381.4
GTA_V,10000,6500,2500,19700,17500,5500,2560,1440,Medium,Medium,Medium,TAA,On,-1,100.3
GTA_V,10000,6500,2500,17800,14000,5500,3840,2160,High,Low,Ultra,FXAA,Off,0,49.3
ApexLegends,14200,9000,2500,22500,9000,6000,1920,1080,Medium,Low,Ultra,TAA,On,0,116.4
Valorant,8000,5000,2500,34900,18100,3500,1920,1080,Ultra,High,High,TAA,On,0,371.9
ApexLegends,14200,9000,2500,28200,14000,3500,1280,720,Medium,Ultra,Ultra,FXAA,On,0,157.8
RedDeadRedemption2,17800,11000,3500,28200,11000,4000,2560,1440,High,Ultra,High,FXAA,Off,-1,19.4
HorizonZeroDawn,17800,11000,3500,25200,24500,3500,1920,1080,Ultra,Medium,Low,FXAA,Off,0,65.3
ApexLegends,14200,9000,2500,25200,14000,6000,1920,1080,Low,High,High,TAA,Off,0,183.0
CS_GO,9000,5500,2500,25200,11000,2500,2560,1440,Low,Medium,Medium,Off,Off,-1,253.9
GenshinImpact,12000,7800,2500,17800,14000,3500,1920,1080,Low,High,High,TAA,On,1,116.3
LeagueOfLegends,8000,4500,2500,25200,18100,2500,2560,1440,Low,High,High,Off,Off,0,335.2
ApexLegends,14200,9000,2500,34900,14000,3500,2560,1440,Medium,Ultra,Ultra,TAA,Off,0,82.7
Fortnite,12000,7500,2500,22500,18100,4000,2560,1440,Medium,Ultra,Medium,FXAA,Off,0,110.0
Warzone,17800,13000,3500,19700,18100,5500,1920,1080,Medium,Ultra,Low,FXAA,On,1,74.1
GTA_V,10000,6500,2500,19700,18100,3500,1920,1080,Low,Medium,Ultra,Off,Off,1,175.3
Valorant,8000,5000,2500,19700,14000,4000,1920,1080,High,Ultra,Low,Off,On,0,360.3
PUBG,14200,9000,2500,17800,24500,6000,1920,1080,Ultra,Low,Ultra,FXAA,Off,1,109.5
Cyberpunk2077,14200,9000,2500,28200,18100,4000,1280,720,High,Ultra,High,Off,Off,0,95.3
RedDeadRedemption2,17800,11000,3500,28200,17500,4000,1920,1080,Medium,Ultra,High,Off,On,0,51.4
HorizonZeroDawn,17800,11000,3500,25200,14000,3500,1280,720,High,High,Low,TAA,Off,-1,68.5
HorizonZeroDawn,17800,11000,3500,25200,18100,2500,1920,1080,Medium,Low,Low,TAA,On,0,76.4
ApexLegends,14200,9000,2500,28200,38500,3500,2560,1440,High,Ultra,Medium,TAA,On,0,114.2
GTA_V,10000,6500,2500,25200,18100,3500,1920,1080,Ultra,High,Low,TAA,Off,0,117.6
Valorant,8000,5000,2500,22500,38500,2500,1920,1080,Ultra,Low,Medium,TAA,On,1,385.6
Destiny2,14200,9000,2500,19700,14000,3500,1280,720,High,Ultra,High,TAA,Off,0,106.4
Warzone,17800,13000,3500,28200,9000,4000,1920,1080,Medium,Low,Medium,Off,On,1,72.0
GenshinImpact,12000,7800,2500,25200,17500,2500,2560,1440,Ultra,High,High,Off,On,-1,50.0
HorizonZeroDawn,17800,11000,3500,25200,17500,5500,1920,1080,Ultra,Medium,Low,TAA,On,-1,46.5
RainbowSixSiege,14200,9000,2500,17800,14000,2500,3840,2160,Ultra,Medium,Medium,Off,On,-1,27.0
Warzone,17800,13000,3500,25200,18100,4000,1280,720,High,Low,Medium,TAA,Off,-1,73.3
GenshinImpact,12000,7800,2500,25200,11000,6000,1920,1080,Low,Ultra,Medium,Off,Off,0,116.1
CS_GO,9000,5500,2500,17800,11000,3500,1920,1080,High,High,High,FXAA,On,0,245.4
TheWitcher3,14200,9000,2500,29000,17500,4000,3840,2160,Medium,Ultra,High,Off,Off,0,39.1
RocketLeague,11000,7000,2500,28200,24500,3500,2560,1440,High,Medium,Medium,TAA,Off,-1,142.2
RainbowSixSiege,14200,9000,2500,25200,18100,6000,2560,1440,Medium,Low,Ultra,FXAA,Off,-1,109.8
Cyberpunk2077,14200,9000,2500,25200,17500,4000,1920,1080,Medium,Medium,High,TAA,On,0,84.4
RocketLeague,11000,7000,2500,14200,24500,5500,1920,1080,Medium,Low,Ultra,FXAA,Off,1,290.4
Destiny2,14200,9000,2500,29000,14000,3500,2560,1440,Low,Medium,Low,FXAA,Off,1,121.7
Warzone,17800,13000,3500,25200,17500,4000,1920,1080,High,Medium,Ultra,Off,On,0,62.0
RainbowSixSiege,14200,9000,2500,29000,14000,2500,1920,1080,Low,High,Low,TAA,Off,0,196.5
Overwatch,12000,8000,2500,17800,26500,5500,1920,1080,Ultra,Low,Low,Off,Off,1,219.2
PUBG,14200,9000,2500,19700,11000,2500,1920,1080,Low,High,High,FXAA,On,1,117.3
ApexLegends,14200,9000,2500,25200,11000,2500,1280,720,Ultra,High,Ultra,TAA,On,0,85.3
RedDeadRedemption2,17800,11000,3500,34900,9000,7500,2560,1440,Ultra,High,Medium,Off,On,-1,19.7
PUBG,14200,9000,2500,25200,18100,4000,2560,1440,Low,Medium,High,Off,On,1,118.6
RedDeadRedemption2,17800,11000,3500,34900,24500,4000,1920,1080,High,Medium,High,FXAA,On,0,62.1
Cyberpunk2077,14200,9000,2500,28200,24500,6000,3840,2160,High,Medium,High,TAA,Off,0,32.3
Destiny2,14200,9000,2500,25200,24500,7500,2560,1440,Medium,Low,Medium,Off,On,0,138.4
ApexLegends,14200,9000,2500,28200,18100,6000,1920,1080,Low,Low,Low,TAA,On,0,223.2
TheWitcher3,14200,9000,2500,14200,17500,5500,2560,1440,High,Low,Low,Off,On,1,74.0
Overwatch,12000,8000,2500,22500,17500,6000,1920,1080,Low,Medium,Low,FXAA,Off,0,278.2
ApexLegends,14200,9000,2500,25200,26500,2500,1280,720,High,Medium,Ultra,Off,Off,0,232.4
Valorant,8000,5000,2500,19700,17500,2500,2560,1440,Medium,Low,High,TAA,On,0,330.8
Warzone,17800,13000,3500,19700,14000,2500,1920,1080,Low,Low,Low,FXAA,On,0,72.7
GenshinImpact,12000,7800,2500,28200,24500,5500,1920,1080,Ultra,Low,Low,TAA,On,0,113.2
LeagueOfLegends,8000,4500,2500,14200,14000,6000,2560,1440,High,Medium,High,FXAA,On,1,243.3
CS_GO,9000,5500,2500,29000,9000,3500,1920,1080,High,High,Low,Off,Off,1,352.3
Warzone,17800,13000,3500,29000,9000,4000,1920,1080,High,High,Ultra,TAA,On,1,47.0
PUBG,14200,9000,2500,22500,11000,2500,2560,1440,High,Ultra,Medium,TAA,Off,0,40.2
HorizonZeroDawn,17800,11000,3500,28200,14000,3500,1920,1080,Medium,Ultra,Ultra,Off,Off,1,70.2
RedDeadRedemption2,17800,11000,3500,19700,38500,3500,2560,1440,Ultra,High,Medium,TAA,Off,-1,28.9
LeagueOfLegends,8000,4500,2500,22500,26500,6000,1920,1080,Medium,Ultra,Medium,TAA,Off,0,340.1
RainbowSixSiege,14200,9000,2500,22500,11000,2500,1920,1080,Medium,Ultra,Low,FXAA,Off,0,123.9
Destiny2,14200,9000,2500,22500,26500,2500,1920,1080,Ultra,Ultra,Medium,TAA,On,0,90.1
Cyberpunk2077,14200,9000,2500,22500,24500,3500,2560,1440,Medium,Low,Low,FXAA,On,1,78.5
Fortnite,12000,7500,2500,28200,38500,6000,1920,1080,Ultra,Medium,High,Off,On,0,234.5
PUBG,14200,9000,2500,22500,26500,2500,1920,1080,Medium,Ultra,High,TAA,On,0,118.2
Minecraft,8000,4000,2500,22500,11000,2500,1920,1080,Medium,Medium,High,FXAA,On,-1,286.8
AssassinsCreed,17800,11000,3500,17800,17500,4000,2560,1440,Ultra,Medium,Low,Off,On,1,39.2
LeagueOfLegends,8000,4500,2500,17800,14000,2500,1920,1080,Medium,Medium,Medium,Off,On,1,332.5
EldenRing,14200,9000,3500,19700,17500,3500,1920,1080,Medium,Ultra,Medium,FXAA,Off,-1,76.2
PUBG,14200,9000,2500,28200,14000,5500,1920,1080,Medium,High,High,TAA,Off,1,132.5
AssassinsCreed,17800,11000,3500,17800,14000,5500,1920,1080,Medium,Medium,Low,Off,On,0,83.3
PUBG,14200,9000,2500,29000,9000,5500,1280,720,High,Ultra,Medium,FXAA,On,1,122.4
RedDeadRedemption2,17800,11000,3500,22500,26500,3500,1920,1080,High,High,Ultra,FXAA,On,-1,46.3
AssassinsCreed,17800,11000,3500,34900,38500,2500,1920,1080,Medium,High,Low,TAA,Off,0,142.9
RainbowSixSiege,14200,9000,2500,22500,11000,7500,1920,1080,Low,Medium,Medium,TAA,On,1,232.8
RainbowSixSiege,14200,9000,2500,22500,9000,5500,2560,1440,Low,Medium,Low,Off,On,0,123.3
Minecraft,8000,4000,2500,19700,11000,5500,1280,720,High,High,High,Off,On,0,294.1
Destiny2,14200,9000,2500,19700,18100,2500,1920,1080,Ultra,Medium,Medium,Off,Off,0,85.1
RainbowSixSiege,14200,9000,2500,22500,17500,2500,1920,1080,High,Ultra,High,FXAA,On,-1,100.1
EldenRing,14200,9000,3500,17800,24500,2500,2560,1440,Ultra,Medium,Low,FXAA,On,0,51.2
CS_GO,9000,5500,2500,25200,24500,5500,2560,1440,High,Low,Low,Off,Off,0,386.9
GTA_V,10000,6500,2500,25200,18100,3500,1920,1080,High,High,Medium,TAA,Off,1,163.9
LeagueOfLegends,8000,4500,2500,19700,17500,4000,1920,1080,High,Low,High,Off,On,0,345.9
EldenRing,14200,9000,3500,22500,11000,3500,1920,1080,Low,Ultra,Low,Off,Off,0,105.5
Valorant,8000,5000,2500,29000,14000,7500,2560,1440,Low,Medium,High,Off,Off,-1,377.6
Overwatch,12000,8000,2500,22500,17500,5500,1280,720,High,Ultra,Ultra,TAA,On,-1,175.6
EldenRing,14200,9000,3500,29000,11000,4000,1920,1080,Ultra,Low,Medium,Off,On,0,67.7
Cyberpunk2077,14200,9000,2500,22500,17500,5500,2560,1440,High,Ultra,Ultra,Off,Off,0,42.8
Cyberpunk2077,14200,9000,2500,17800,17500,4000,1920,1080,High,Ultra,Medium,TAA,On,0,54.6
Cyberpunk2077,14200,9000,2500,28200,17500,3500,1920,1080,Medium,High,Medium,FXAA,Off,0,85.7
Overwatch,12000,8000,2500,25200,18100,4000,1920,1080,Ultra,Ultra,Medium,FXAA,On,0,122.5
Destiny2,14200,9000,2500,25200,14000,5500,1920,1080,Ultra,Medium,Ultra,FXAA,Off,0,82.6
Overwatch,12000,8000,2500,29000,11000,3500,2560,1440,Low,High,Ultra,TAA,Off,1,150.2
ApexLegends,14200,9000,2500,17800,17500,4000,1920,1080,Medium,Low,High,Off,On,-1,130.3
SpiderMan,17800,11000,3500,28200,24500,5500,2560,1440,High,High,Medium,TAA,Off,0,58.1
GTA_V,10000,6500,2500,17800,24500,2500,2560,1440,Low,Ultra,High,FXAA,On,1,162.3
PUBG,14200,9000,2500,28200,26500,5500,1920,1080,Low,High,High,TAA,On,0,199.7
ApexLegends,14200,9000,2500,17800,24500,5500,1280,720,Ultra,Low,Medium,FXAA,Off,0,175.0
GenshinImpact,12000,7800,2500,29000,17500,3500,2560,1440,Medium,Low,Ultra,FXAA,Off,1,114.7
RainbowSixSiege,14200,9000,2500,28200,17500,2500,1920,1080,Low,Low,Medium,TAA,Off,0,237.9
HorizonZeroDawn,17800,11000,3500,28200,14000,2500,2560,1440,Medium,Ultra,Medium,FXAA,On,-1,31.5
GenshinImpact,12000,7800,2500,22500,24500,3500,1920,1080,Ultra,High,High,FXAA,On,0,109.7
RocketLeague,11000,7000,2500,19700,17500,7500,3840,2160,Ultra,Low,High,Off,Off,0,69.5
RainbowSixSiege,14200,9000,2500,19700,14000,2500,3840,2160,Low,Low,Ultra,FXAA,On,0,58.7
RainbowSixSiege,14200,9000,2500,22500,26500,4000,2560,1440,Medium,High,Ultra,FXAA,On,1,141.1
GenshinImpact,12000,7800,2500,29000,18100,2500,2560,1440,Ultra,High,Low,Off,On,-1,57.3
RedDeadRedemption2,17800,11000,3500,22500,14000,6000,2560,1440,High,High,Ultra,Off,Off,0,28.0
EldenRing,14200,9000,3500,34900,17500,3500,3840,2160,Ultra,Low,High,TAA,Off,0,29.1
SpiderMan,17800,11000,3500,22500,9000,3500,1280,720,Ultra,Low,Medium,FXAA,Off,1,67.4
Overwatch,12000,8000,2500,22500,17500,5500,3840,2160,Ultra,Low,Low,TAA,Off,0,56.0
ApexLegends,14200,9000,2500,28200,24500,2500,1920,1080,Medium,Ultra,Medium,TAA,Off,-1,132.0
GTA_V,10000,6500,2500,28200,17500,6000,2560,1440,Medium,High,Low,TAA,Off,1,146.0
Overwatch,12000,8000,2500,19700,14000,6000,1920,1080,Medium,Low,High,FXAA,On,0,212.5
Warzone,17800,13000,3500,25200,9000,3500,1920,1080,Low,High,Low,TAA,On,-1,54.4
TheWitcher3,14200,9000,2500,22500,38500,3500,2560,1440,Low,Ultra,Medium,Off,On,1,135.9
Valorant,8000,5000,2500,28200,18100,6000,1920,1080,Low,Ultra,High,Off,Off,1,373.1
HorizonZeroDawn,17800,11000,3500,17800,38500,4000,1920,1080,Low,Low,High,FXAA,On,-1,135.3
HorizonZeroDawn,17800,11000,3500,34900,14000,2500,1920,1080,Medium,Medium,Low,TAA,Off,0,72.6
Warzone,17800,13000,3500,19700,17500,5500,1280,720,Ultra,Low,High,FXAA,On,1,69.2
HorizonZeroDawn,17800,11000,3500,25200,17500,2500,1920,1080,Low,Medium,Ultra,Off,Off,0,94.0
Warzone,17800,13000,3500,25200,26500,5500,2560,1440,High,Ultra,Ultra,FXAA,On,-1,37.3
EldenRing,14200,9000,3500,17800,18100,3500,2560,1440,Low,Low,Low,TAA,Off,0,87.7
Overwatch,12000,8000,2500,25200,14000,3500,2560,1440,Ultra,High,Ultra,TAA,Off,0,72.3
LeagueOfLegends,8000,4500,2500,25200,26500,4000,1920,1080,Medium,High,Ultra,Off,On,-1,343.0
EldenRing,14200,9000,3500,34900,14000,4000,2560,1440,Ultra,Low,Ultra,FXAA,On,1,51.8
CS_GO,9000,5500,2500,19700,11000,3500,3840,2160,Ultra,Medium,Low,FXAA,Off,1,88.8
CS_GO,9000,5500,2500,28200,17500,5500,2560,1440,Low,Ultra,Ultra,Off,On,0,344.0
GenshinImpact,12000,7800,2500,25200,17500,7500,2560,1440,High,High,Low,Off,Off,1,119.1
GenshinImpact,12000,7800,2500,22500,11000,3500,2560,1440,Medium,Ultra,High,TAA,On,0,65.1
GenshinImpact,12000,7800,2500,34900,17500,3500,1920,1080,High,High,Ultra,Off,Off,-1,116.8
GenshinImpact,12000,7800,2500,22500,17500,3500,1280,720,Ultra,Ultra,High,FXAA,Off,0,112.7
CS_GO,9000,5500,2500,28200,18100,2500,1280,720,Medium,Medium,Low,FXAA,On,0,395.0
PUBG,14200,9000,2500,22500,26500,4000,1280,720,Ultra,Low,Ultra,Off,On,0,138.9
LeagueOfLegends,8000,4500,2500,19700,24500,5500,1920,1080,High,Low,Ultra,FXAA,Off,1,330.5
Destiny2,14200,9000,2500,22500,14000,4000,2560,1440,Medium,Low,High,FXAA,On,-1,71.8
GTA_V,10000,6500,2500,14200,17500,3500,2560,1440,Medium,High,High,TAA,On,0,96.3
HorizonZeroDawn,17800,11000,3500,29000,11000,2500,2560,1440,Ultra,Medium,Low,Off,Off,0,26.7
EldenRing,14200,9000,3500,25200,24500,2500,2560,1440,Medium,High,Ultra,TAA,On,0,78.7
HorizonZeroDawn,17800,11000,3500,22500,14000,4000,1920,1080,Low,High,Medium,Off,On,-1,75.5
HorizonZeroDawn,17800,11000,3500,17800,18100,5500,2560,1440,Low,Medium,Medium,TAA,On,-1,50.3
RainbowSixSiege,14200,9000,2500,19700,18100,2500,2560,1440,Low,Ultra,Medium,FXAA,On,0,118.4
Destiny2,14200,9000,2500,17800,18100,6000,2560,1440,Low,High,Medium,FXAA,On,-1,93.6
SpiderMan,17800,11000,3500,17800,17500,5500,2560,1440,Medium,Ultra,High,TAA,On,1,49.5
GenshinImpact,12000,7800,2500,34900,14000,3500,2560,1440,Medium,Medium,High,TAA,On,1,113.8
Valorant,8000,5000,2500,28200,18100,4000,1920,1080,Ultra,High,Low,Off,On,0,394.4
RocketLeague,11000,7000,2500,25200,24500,6000,1920,1080,Low,High,Medium,FXAA,Off,0,297.9
Fortnite,12000,7500,2500,22500,17500,4000,2560,1440,High,Ultra,Medium,Off,Off,0,92.1
Fortnite,12000,7500,2500,29000,26500,3500,1920,1080,Medium,Medium,High,FXAA,Off,0,237.6
Minecraft,8000,4000,2500,22500,18100,3500,2560,1440,Low,Ultra,Ultra,FXAA,Off,0,278.2
Warzone,17800,13000,3500,25200,14000,2500,1920,1080,High,High,Low,Off,Off,0,52.1
SpiderMan,17800,11000,3500,22500,17500,4000,1280,720,High,Low,High,TAA,On,0,100.2
RedDeadRedemption2,17800,11000,3500,22500,24500,4000,2560,1440,Ultra,Low,Medium,Off,On,0,31.3
PUBG,14200,9000,2500,28200,11000,5500,3840,2160,Ultra,Low,Low,Off,On,1,32.2
TheWitcher3,14200,9000,2500,28200,24500,3500,1280,720,Low,Low,Ultra,TAA,Off,1,134.2
LeagueOfLegends,8000,4500,2500,19700,26500,4000,1920,1080,High,Medium,High,TAA,On,0,330.3
Warzone,17800,13000,3500,17800,24500,4000,1920,1080,Medium,Low,Low,TAA,Off,1,98.6
PUBG,14200,9000,2500,25200,14000,4000,1920,1080,Ultra,Medium,Medium,Off,On,-1,66.7
RainbowSixSiege,14200,9000,2500,17800,18100,2500,1920,1080,Ultra,Ultra,Ultra,Off,Off,0,87.3
SpiderMan,17800,11000,3500,19700,11000,2500,1280,720,Low,Low,Ultra,TAA,On,1,107.0
HorizonZeroDawn,17800,11000,3500,14200,17500,4000,2560,1440,High,High,Ultra,FXAA,On,0,34.8
Valorant,8000,5000,2500,25200,17500,3500,1920,1080,Medium,Medium,Ultra,FXAA,On,-1,376.1
Valorant,8000,5000,2500,29000,14000,2500,2560,1440,High,Medium,Ultra,FXAA,On,0,267.8
LeagueOfLegends,8000,4500,2500,28200,14000,4000,2560,1440,Medium,Ultra,Medium,Off,Off,1,314.7
AssassinsCreed,17800,11000,3500,17800,17500,4000,3840,2160,Ultra,Medium,Ultra,Off,Off,1,18.0
Cyberpunk2077,14200,9000,2500,19700,11000,3500,1920,1080,Low,Medium,Low,FXAA,Off,1,89.1
Overwatch,12000,8000,2500,29000,11000,2500,1280,720,Low,Ultra,Ultra,TAA,Off,1,262.3
EldenRing,14200,9000,3500,22500,24500,5500,1920,1080,Medium,Low,Medium,TAA,On,0,115.0
SpiderMan,17800,11000,3500,22500,17500,6000,1920,1080,Medium,High,High,FXAA,Off,-1,74.3
RocketLeague,11000,7000,2500,29000,14000,3500,1920,1080,Medium,Ultra,Medium,Off,On,1,252.3
EldenRing,14200,9000,3500,22500,9000,4000,1280,720,Medium,High,Medium,TAA,Off,-1,91.6
Cyberpunk2077,14200,9000,2500,22500,24500,3500,1920,1080,Ultra,Ultra,Ultra,Off,Off,0,53.3
TheWitcher3,14200,9000,2500,29000,18100,3500,2560,1440,Low,Medium,Medium,Off,On,0,98.8
GTA_V,10000,6500,2500,29000,24500,4000,1920,1080,Ultra,Ultra,Medium,Off,On,0,141.5
AssassinsCreed,17800,11000,3500,22500,26500,4000,1920,1080,High,Ultra,Medium,Off,On,0,79.1
CS_GO,9000,5500,2500,19700,17500,6000,3840,2160,High,Medium,High,TAA,Off,1,142.4
LeagueOfLegends,8000,4500,2500,28200,17500,3500,2560,1440,High,Low,Medium,Off,On,0,321.8
Overwatch,12000,8000,2500,25200,9000,3500,1920,1080,High,High,Medium,FXAA,On,0,128.7
Warzone,17800,13000,3500,29000,17500,2500,1920,1080,High,Medium,Medium,TAA,On,0,58.4
Destiny2,14200,9000,2500,14200,18100,3500,2560,1440,Low,Low,Low,Off,On,1,130.5
Valorant,8000,5000,2500,17800,18100,4000,3840,2160,Ultra,High,Ultra,FXAA,Off,0,106.0
SpiderMan,17800,11000,3500,34900,9000,2500,1920,1080,Medium,Medium,Low,TAA,Off,0,70.7
Minecraft,8000,4000,2500,25200,26500,4000,1920,1080,Ultra,Low,Low,Off,Off,0,288.1
AssassinsCreed,17800,11000,3500,22500,24500,4000,2560,1440,Ultra,Ultra,Low,Off,On,0,38.8
GenshinImpact,12000,7800,2500,19700,24500,5500,3840,2160,Low,Ultra,Ultra,FXAA,On,-1,59.2
PUBG,14200,9000,2500,19700,14000,2500,1280,720,Ultra,Medium,Ultra,TAA,Off,-1,64.3
Overwatch,12000,8000,2500,34900,26500,4000,2560,1440,Medium,Ultra,Low,FXAA,Off,1,202.1
EldenRing,14200,9000,3500,17800,17500,2500,1920,1080,Low,Medium,High,Off,On,1,119.5
RedDeadRedemption2,17800,11000,3500,25200,18100,5500,2560,1440,Medium,Medium,Low,TAA,Off,0,40.3
LeagueOfLegends,8000,4500,2500,29000,26500,4000,1920,1080,Ultra,Medium,Medium,Off,On,0,330.6
Destiny2,14200,9000,2500,25200,26500,3500,1920,1080,Low,Low,Medium,TAA,Off,0,188.4
GTA_V,10000,6500,2500,17800,18100,3500,2560,1440,Low,High,Low,Off,Off,1,163.4
RedDeadRedemption2,17800,11000,3500,25200,14000,5500,1920,1080,High,Low,Medium,Off,Off,0,49.4
Overwatch,12000,8000,2500,25200,24500,3500,1920,1080,Medium,Low,Medium,Off,Off,0,288.7
SpiderMan,17800,11000,3500,17800,17500,5500,2560,1440,Ultra,Medium,High,TAA,Off,0,33.6
PUBG,14200,9000,2500,19700,17500,4000,1920,1080,Medium,Medium,High,TAA,Off,0,121.8
Minecraft,8000,4000,2500,29000,24500,2500,1280,720,Medium,High,Low,TAA,On,0,277.5
ApexLegends,14200,9000,2500,14200,24500,5500,2560,1440,Low,Ultra,Ultra,FXAA,On,0,118.8
CS_GO,9000,5500,2500,19700,18100,4000,1280,720,High,Low,Ultra,Off,On,-1,396.2
RocketLeague,11000,7000,2500,19700,17500,4000,1920,1080,Medium,Ultra,Medium,FXAA,On,-1,175.2
PUBG,14200,9000,2500,17800,11000,2500,1280,720,Medium,Medium,Ultra,Off,Off,1,124.4
GenshinImpact,12000,7800,2500,22500,26500,4000,2560,1440,Medium,Ultra,High,FXAA,Off,0,114.1
Overwatch,12000,8000,2500,25200,14000,6000,2560,1440,Medium,Ultra,High,TAA,On,-1,96.2
Minecraft,8000,4000,2500,19700,17500,2500,1920,1080,Medium,Ultra,Medium,FXAA,Off,0,289.3
TheWitcher3,14200,9000,2500,22500,24500,4000,1920,1080,High,High,High,Off,On,-1,97.1
Destiny2,14200,9000,2500,22500,14000,2500,2560,1440,Ultra,Low,High,TAA,On,0,44.1
Valorant,8000,5000,2500,25200,18100,4000,3840,2160,Ultra,Medium,High,FXAA,Off,-1,117.4
GTA_V,10000,6500,2500,17800,26500,3500,2560,1440,Medium,Medium,Low,TAA,Off,0,154.0
Minecraft,8000,4000,2500,19700,17500,5500,1920,1080,Low,High,Ultra,TAA,On,1,296.8
Minecraft,8000,4000,2500,34900,17500,2500,3840,2160,High,Low,Medium,FXAA,On,0,164.6
GTA_V,10000,6500,2500,22500,24500,3500,2560,1440,Medium,Medium,Ultra,FXAA,On,0,136.8
RocketLeague,11000,7000,2500,28200,26500,4000,1920,1080,Low,Low,Ultra,Off,On,0,292.4
RainbowSixSiege,14200,9000,2500,25200,18100,3500,1920,1080,Low,Low,Low,TAA,On,0,229.6
ApexLegends,14200,9000,2500,22500,14000,3500,2560,1440,Ultra,Low,Ultra,FXAA,Off,1,57.2
HorizonZeroDawn,17800,11000,3500,25200,24500,3500,1920,1080,High,Ultra,Low,FXAA,On,1,74.3
GenshinImpact,12000,7800,2500,29000,38500,4000,3840,2160,Low,High,High,Off,Off,1,112.9
TheWitcher3,14200,9000,2500,19700,18100,5500,2560,1440,High,Ultra,Ultra,FXAA,On,0,51.5
EldenRing,14200,9000,3500,34900,26500,4000,2560,1440,High,High,High,TAA,On,0,81.1
EldenRing,14200,9000,3500,28200,17500,4000,2560,1440,Medium,Low,Medium,FXAA,Off,1,96.5
LeagueOfLegends,8000,4500,2500,25200,24500,4000,2560,1440,Ultra,Ultra,Ultra,FXAA,Off,0,199.9
RocketLeague,11000,7000,2500,19700,14000,2500,1920,1080,Ultra,Ultra,Low,TAA,Off,1,126.6
HorizonZeroDawn,17800,11000,3500,17800,14000,3500,2560,1440,Ultra,Ultra,Low,FXAA,Off,-1,19.1
RocketLeague,11000,7000,2500,17800,18100,4000,1920,1080,High,Low,Ultra,FXAA,Off,1,231.5
RedDeadRedemption2,17800,11000,3500,25200,18100,7500,1280,720,Medium,Ultra,Medium,FXAA,On,-1,67.8
GenshinImpact,12000,7800,2500,17800,24500,3500,1920,1080,Ultra,Ultra,Ultra,FXAA,On,1,102.0
Overwatch,12000,8000,2500,25200,11000,6000,2560,1440,Ultra,Medium,High,FXAA,Off,1,93.1
EldenRing,14200,9000,3500,25200,18100,5500,2560,1440,Low,High,Ultra,TAA,On,-1,76.2
Destiny2,14200,9000,2500,28200,14000,3500,1920,1080,Medium,High,Low,Off,Off,0,136.3
GenshinImpact,12000,7800,2500,19700,24500,3500,3840,2160,Ultra,High,Low,TAA,On,0,37.1
RainbowSixSiege,14200,9000,2500,25200,11000,5500,1280,720,High,High,Low,FXAA,On,1,206.3
GTA_V,10000,6500,2500,19700,14000,5500,1280,720,Low,Low,Ultra,TAA,On,0,178.6
AssassinsCreed,17800,11000,3500,14200,11000,3500,1920,1080,High,High,Medium,TAA,Off,-1,38.4
GenshinImpact,12000,7800,2500,34900,18100,4000,1920,1080,Ultra,High,Low,Off,On,0,116.9
CS_GO,9000,5500,2500,28200,17500,2500,1920,1080,Medium,Low,Low,FXAA,On,-1,379.4
HorizonZeroDawn,17800,11000,3500,17800,18100,3500,1920,1080,Ultra,Low,Medium,Off,On,1,53.0
Minecraft,8000,4000,2500,25200,26500,6000,2560,1440,Medium,Medium,Medium,FXAA,On,0,295.0
RedDeadRedemption2,17800,11000,3500,22500,17500,6000,1920,1080,High,Medium,Ultra,Off,On,0,49.4
HorizonZeroDawn,17800,11000,3500,19700,18100,4000,1920,1080,Medium,Ultra,Ultra,TAA,On,1,62.6
AssassinsCreed,17800,11000,3500,25200,18100,4000,1920,1080,Medium,Ultra,High,FXAA,On,0,75.8
RedDeadRedemption2,17800,11000,3500,19700,24500,4000,2560,1440,High,High,Ultra,TAA,On,1,32.0
CS_GO,9000,5500,2500,29000,18100,2500,2560,1440,High,High,High,TAA,Off,1,263.0
HorizonZeroDawn,17800,11000,3500,28200,14000,6000,1280,720,Medium,Medium,Ultra,Off,Off,0,112.8
GenshinImpact,12000,7800,2500,22500,11000,3500,1920,1080,High,Medium,Low,Off,On,0,115.1
HorizonZeroDawn,17800,11000,3500,19700,11000,3500,2560,1440,High,Ultra,Ultra,TAA,On,1,25.3
GTA_V,10000,6500,2500,25200,18100,3500,1280,720,Low,Low,Low,FXAA,Off,0,166.6
Warzone,17800,13000,3500,19700,18100,5500,2560,1440,High,Low,Ultra,Off,Off,0,40.1
GenshinImpact,12000,7800,2500,22500,17500,4000,2560,1440,Ultra,Low,High,Off,Off,0,68.9
Warzone,17800,13000,3500,29000,17500,2500,1920,1080,Ultra,Low,Ultra,Off,On,-1,39.1
LeagueOfLegends,8000,4500,2500,25200,24500,2500,3840,2160,Medium,High,Ultra,FXAA,On,1,202.5
Valorant,8000,5000,2500,28200,14000,6000,1920,1080,Medium,High,Low,TAA,On,1,381.9
TheWitcher3,14200,9000,2500,34900,17500,3500,1920,1080,High,High,Ultra,TAA,Off,0,91.4
CS_GO,9000,5500,2500,19700,14000,2500,1280,720,Medium,Low,Medium,Off,Off,1,378.5
Destiny2,14200,9000,2500,25200,24500,2500,1920,1080,Ultra,Medium,Medium,Off,On,0,104.8
Cyberpunk2077,14200,9000,2500,22500,18100,3500,1920,1080,High,Low,Medium,FXAA,Off,0,73.4
HorizonZeroDawn,17800,11000,3500,22500,17500,4000,1920,1080,High,Ultra,Low,TAA,On,0,52.5
Warzone,17800,13000,3500,22500,18100,5500,2560,1440,Medium,Ultra,Low,Off,On,-1,37.7
ApexLegends,14200,9000,2500,28200,17500,2500,1920,1080,Medium,Low,High,Off,Off,0,177.5
AssassinsCreed,17800,11000,3500,19700,11000,4000,3840,2160,Ultra,Ultra,Medium,Off,On,0,12.9
PUBG,14200,9000,2500,22500,11000,4000,3840,2160,Low,Medium,Low,FXAA,Off,1,49.9
Warzone,17800,13000,3500,22500,18100,3500,1920,1080,Ultra,High,Low,TAA,On,0,41.4
Destiny2,14200,9000,2500,19700,26500,4000,1920,1080,Low,High,High,FXAA,Off,0,186.9
Destiny2,14200,9000,2500,19700,14000,3500,2560,1440,Medium,Medium,Ultra,TAA,On,0,67.3
EldenRing,14200,9000,3500,28200,14000,3500,2560,1440,High,High,Medium,FXAA,Off,0,55.9
CS_GO,9000,5500,2500,29000,26500,3500,1920,1080,High,Medium,Ultra,FXAA,Off,0,374.4
Minecraft,8000,4000,2500,25200,14000,2500,1920,1080,Medium,High,Low,FXAA,Off,0,281.2
TheWitcher3,14200,9000,2500,22500,24500,4000,2560,1440,High,Medium,Ultra,TAA,On,1,72.7
CS_GO,9000,5500,2500,22500,14000,5500,1920,1080,Low,High,Ultra,FXAA,On,-1,386.9
SpiderMan,17800,11000,3500,22500,24500,3500,2560,1440,Low,Ultra,Ultra,TAA,Off,0,65.3
TheWitcher3,14200,9000,2500,14200,24500,4000,1280,720,Ultra,Ultra,Ultra,FXAA,Off,0,88.5
LeagueOfLegends,8000,4500,2500,25200,17500,7500,2560,1440,Ultra,Medium,High,FXAA,Off,0,224.4
HorizonZeroDawn,17800,11000,3500,17800,18100,4000,1920,1080,High,Low,High,FXAA,On,0,65.3
HorizonZeroDawn,17800,11000,3500,28200,17500,3500,1920,1080,High,Low,Low,FXAA,Off,1,81.2
Fortnite,12000,7500,2500,17800,26500,4000,1920,1080,Medium,Low,High,TAA,On,-1,207.1
GenshinImpact,12000,7800,2500,25200,17500,3500,1280,720,Ultra,Medium,Ultra,Off,On,-1,118.2
SpiderMan,17800,11000,3500,14200,26500,2500,1920,1080,Ultra,Low,Medium,TAA,On,1,69.0
ApexLegends,14200,9000,2500,28200,18100,2500,2560,1440,Medium,Ultra,Ultra,FXAA,On,0,85.0
RocketLeague,11000,7000,2500,19700,26500,3500,1920,1080,Ultra,Low,Medium,FXAA,Off,-1,188.4
RedDeadRedemption2,17800,11000,3500,19700,17500,6000,1920,1080,High,High,Low,FXAA,Off,-1,40.3
Cyberpunk2077,14200,9000,2500,22500,17500,2500,2560,1440,Medium,Low,Ultra,TAA,On,0,46.2
Warzone,17800,13000,3500,19700,17500,3500,3840,2160,Low,Medium,Low,Off,Off,0,32.4
LeagueOfLegends,8000,4500,2500,14200,14000,3500,1920,1080,Ultra,High,Ultra,Off,Off,0,212.4
CS_GO,9000,5500,2500,29000,18100,2500,1920,1080,Low,Medium,Low,FXAA,On,0,374.4
RocketLeague,11000,7000,2500,34900,14000,3500,1280,720,Medium,Medium,Ultra,Off,On,1,292.5
SpiderMan,17800,11000,3500,25200,26500,5500,1280,720,Low,Ultra,High,TAA,On,-1,137.2
Cyberpunk2077,14200,9000,2500,17800,14000,3500,2560,1440,Medium,Medium,Ultra,FXAA,Off,-1,36.7
Overwatch,12000,8000,2500,25200,18100,2500,2560,1440,Low,Ultra,High,FXAA,Off,0,157.7
Overwatch,12000,8000,2500,17800,17500,4000,3840,2160,Medium,Medium,Ultra,TAA,Off,0,66.9
CS_GO,9000,5500,2500,25200,24500,3500,1920,1080,High,Low,Ultra,TAA,On,1,375.7
Overwatch,12000,8000,2500,28200,17500,5500,1280,720,Medium,Low,Ultra,FXAA,Off,0,299.6
Overwatch,12000,8000,2500,28200,24500,3500,1920,1080,Medium,Low,Low,Off,Off,0,288.1
Destiny2,14200,9000,2500,28200,18100,2500,1920,1080,Medium,Medium,High,TAA,Off,1,156.0
RainbowSixSiege,14200,9000,2500,19700,14000,3500,1920,1080,High,Ultra,Medium,Off,On,0,109.8
Valorant,8000,5000,2500,17800,11000,2500,3840,2160,Low,High,Medium,Off,On,0,166.2
CS_GO,9000,5500,2500,25200,18100,3500,1280,720,Low,High,Ultra,FXAA,On,1,390.3
RedDeadRedemption2,17800,11000,3500,25200,17500,5500,1920,1080,Ultra,High,Low,FXAA,Off,0,36.8
Valorant,8000,5000,2500,29000,26500,3500,2560,1440,High,Medium,Low,TAA,Off,1,374.1
AssassinsCreed,17800,11000,3500,14200,24500,2500,1280,720,Ultra,Medium,Ultra,TAA,Off,0,71.5
GenshinImpact,12000,7800,2500,14200,11000,4000,1280,720,Low,Low,High,Off,Off,-1,115.5
CS_GO,9000,5500,2500,25200,18100,3500,1920,1080,Ultra,Low,Ultra,FXAA,On,-1,252.4
Fortnite,12000,7500,2500,19700,17500,3500,2560,1440,Low,Ultra,Medium,Off,On,0,131.4
ApexLegends,14200,9000,2500,19700,24500,2500,1920,1080,Low,Ultra,High,TAA,Off,-1,142.9
GTA_V,10000,6500,2500,22500,26500,3500,2560,1440,Ultra,Low,High,FXAA,On,-1,86.2
RocketLeague,11000,7000,2500,25200,14000,6000,1280,720,Low,Medium,Low,FXAA,Off,-1,288.8
Destiny2,14200,9000,2500,25200,24500,3500,1920,1080,Medium,High,Low,FXAA,Off,0,173.5
RedDeadRedemption2,17800,11000,3500,14200,17500,4000,1280,720,High,Medium,Low,Off,Off,-1,55.8
Cyberpunk2077,14200,9000,2500,25200,17500,2500,1920,1080,Low,Low,High,Off,Off,1,111.4
Warzone,17800,13000,3500,19700,14000,2500,1920,1080,High,High,Low,TAA,On,0,45.3
GTA_V,10000,6500,2500,25200,17500,2500,1920,1080,Ultra,High,Ultra,TAA,On,-1,82.5
SpiderMan,17800,11000,3500,17800,14000,6000,2560,1440,Low,Medium,Low,TAA,Off,0,65.1
Valorant,8000,5000,2500,25200,17500,3500,1920,1080,Medium,Ultra,High,Off,Off,0,395.6
Fortnite,12000,7500,2500,19700,11000,5500,2560,1440,Medium,Ultra,Low,TAA,On,0,85.0
TheWitcher3,14200,9000,2500,29000,24500,3500,1920,1080,High,Ultra,Low,TAA,On,0,98.0
Valorant,8000,5000,2500,22500,24500,7500,2560,1440,Low,High,Ultra,Off,On,-1,376.6
ApexLegends,14200,9000,2500,29000,38500,4000,3840,2160,Medium,High,Medium,Off,Off,0,94.3
Destiny2,14200,9000,2500,25200,26500,5500,2560,1440,Low,Low,Low,Off,Off,0,183.2
Cyberpunk2077,14200,9000,2500,22500,18100,2500,1280,720,High,Medium,Ultra,FXAA,On,0,86.1
Cyberpunk2077,14200,9000,2500,29000,24500,7500,2560,1440,Ultra,High,Medium,Off,On,-1,41.0
SpiderMan,17800,11000,3500,17800,26500,3500,1920,1080,Medium,Low,Low,Off,On,1,136.9
GenshinImpact,12000,7800,2500,22500,18100,6000,1920,1080,Low,High,Ultra,TAA,Off,0,112.7
Warzone,17800,13000,3500,28200,17500,5500,1920,1080,Ultra,Medium,Medium,Off,On,1,60.5
GTA_V,10000,6500,2500,19700,11000,2500,1920,1080,Low,Ultra,Ultra,Off,On,-1,119.3
Cyberpunk2077,14200,9000,2500,17800,18100,7500,3840,2160,Low,Ultra,Low,FXAA,Off,1,42.7
Valorant,8000,5000,2500,29000,18100,3500,1920,1080,Low,Ultra,Medium,FXAA,Off,1,391.1
RocketLeague,11000,7000,2500,22500,24500,3500,1280,720,High,Ultra,Ultra,FXAA,On,1,289.9
ApexLegends,14200,9000,2500,29000,24500,4000,2560,1440,Low,Low,High,Off,Off,0,182.7
Cyberpunk2077,14200,9000,2500,17800,14000,5500,2560,1440,Low,Medium,Low,TAA,Off,0,64.7
EldenRing,14200,9000,3500,22500,14000,5500,3840,2160,Medium,Low,Low,TAA,Off,1,44.0
RedDeadRedemption2,17800,11000,3500,22500,14000,6000,1920,1080,Ultra,Ultra,Low,Off,On,1,35.5
EldenRing,14200,9000,3500,17800,24500,3500,2560,1440,Ultra,Low,Low,FXAA,Off,-1,47.4
GTA_V,10000,6500,2500,29000,24500,6000,1920,1080,Low,Low,High,TAA,Off,1,170.7
EldenRing,14200,9000,3500,19700,18100,4000,1920,1080,Ultra,Medium,Ultra,FXAA,On,1,73.5
Cyberpunk2077,14200,9000,2500,28200,24500,4000,1920,1080,Medium,High,High,TAA,On,0,98.0
RainbowSixSiege,14200,9000,2500,25200,18100,6000,2560,1440,Ultra,Low,High,FXAA,Off,0,89.3
Cyberpunk2077,14200,9000,2500,34900,11000,2500,1920,1080,Ultra,High,High,TAA,On,0,39.6
AssassinsCreed,17800,11000,3500,28200,18100,5500,1920,1080,Ultra,High,High,Off,On,0,61.0
Cyberpunk2077,14200,9000,2500,19700,38500,5500,1920,1080,Ultra,Ultra,High,TAA,On,-1,57.7
CS_GO,9000,5500,2500,14200,17500,3500,1920,1080,High,Low,High,TAA,Off,1,392.6
PUBG,14200,9000,2500,22500,14000,2500,3840,2160,Medium,Ultra,High,TAA,On,1,32.1
Valorant,8000,5000,2500,34900,17500,3500,2560,1440,Low,Medium,High,TAA,Off,0,372.3
RainbowSixSiege,14200,9000,2500,22500,18100,2500,1280,720,Medium,Low,Ultra,Off,Off,0,251.3
Cyberpunk2077,14200,9000,2500,25200,18100,7500,2560,1440,Ultra,Ultra,High,Off,On,1,42.0
PUBG,14200,9000,2500,19700,17500,2500,1920,1080,Medium,Low,Medium,Off,On,0,118.6
RainbowSixSiege,14200,9000,2500,25200,24500,3500,1920,1080,Ultra,Ultra,Low,TAA,Off,0,124.4
Overwatch,12000,8000,2500,14200,18100,4000,3840,2160,Medium,High,High,Off,On,-1,59.4
Cyberpunk2077,14200,9000,2500,14200,11000,7500,1920,1080,Low,Low,High,FXAA,Off,0,91.6
LeagueOfLegends,8000,4500,2500,25200,17500,4000,1920,1080,Ultra,Medium,Low,TAA,On,-1,277.3
GTA_V,10000,6500,2500,22500,24500,4000,3840,2160,High,Low,Ultra,Off,Off,-1,58.6
Valorant,8000,5000,2500,14200,18100,4000,2560,1440,Medium,Ultra,Low,FXAA,Off,0,316.2
ApexLegends,14200,9000,2500,22500,24500,4000,2560,1440,Medium,High,Low,Off,Off,0,132.5
RainbowSixSiege,14200,9000,2500,22500,17500,3500,2560,1440,High,High,High,FXAA,On,-1,77.6
AssassinsCreed,17800,11000,3500,22500,14000,3500,1920,1080,High,Medium,Ultra,TAA,On,1,59.0
RedDeadRedemption2,17800,11000,3500,14200,17500,3500,1280,720,Medium,Medium,High,FXAA,On,0,67.2
Fortnite,12000,7500,2500,19700,17500,3500,1920,1080,Low,High,High,TAA,Off,1,239.5
AssassinsCreed,17800,11000,3500,22500,14000,6000,1920,1080,High,High,High,Off,On,-1,53.9
TheWitcher3,14200,9000,2500,28200,18100,5500,1280,720,Low,Low,Ultra,Off,On,0,133.7
GenshinImpact,12000,7800,2500,28200,14000,2500,1920,1080,High,Low,Medium,TAA,On,1,117.8
Overwatch,12000,8000,2500,34900,9000,3500,1920,1080,Low,Low,Medium,TAA,Off,-1,209.1
CS_GO,9000,5500,2500,19700,17500,2500,3840,2160,Medium,High,High,Off,Off,1,165.9
AssassinsCreed,17800,11000,3500,29000,18100,4000,3840,2160,High,Medium,Medium,TAA,Off,0,25.9
RocketLeague,11000,7000,2500,14200,14000,2500,3840,2160,Low,High,Medium,TAA,On,-1,63.8
LeagueOfLegends,8000,4500,2500,29000,24500,5500,2560,1440,Low,Low,High,TAA,On,0,344.0
Fortnite,12000,7500,2500,19700,18100,2500,1920,1080,Ultra,High,Medium,FXAA,On,1,115.6
PUBG,14200,9000,2500,17800,24500,4000,3840,2160,Ultra,Low,High,Off,Off,0,36.5
Valorant,8000,5000,2500,28200,17500,4000,1920,1080,Medium,High,Medium,FXAA,Off,1,393.6
CS_GO,9000,5500,2500,19700,17500,5500,2560,1440,High,Medium,High,FXAA,On,0,256.5
RedDeadRedemption2,17800,11000,3500,28200,14000,5500,3840,2160,Low,Low,Ultra,FXAA,Off,1,27.8
EldenRing,14200,9000,3500,28200,9000,6000,1920,1080,High,Low,Low,TAA,Off,0,83.5
Minecraft,8000,4000,2500,19700,17500,4000,1920,1080,Ultra,Medium,High,TAA,On,1,297.1
LeagueOfLegends,8000,4500,2500,28200,14000,3500,1920,1080,Medium,Medium,Low,TAA,On,0,336.9
Warzone,17800,13000,3500,22500,17500,2500,2560,1440,Low,Ultra,Ultra,TAA,On,0,39.9
Overwatch,12000,8000,2500,22500,18100,7500,1920,1080,High,Ultra,Medium,Off,Off,0,200.7
RocketLeague,11000,7000,2500,22500,9000,5500,3840,2160,Low,Medium,Ultra,FXAA,Off,1,90.6
ApexLegends,14200,9000,2500,14200,17500,3500,2560,1440,Ultra,High,Ultra,FXAA,On,1,54.7
GenshinImpact,12000,7800,2500,25200,14000,2500,1920,1080,Low,Low,Ultra,TAA,Off,1,114.0
EldenRing,14200,9000,3500,22500,18100,4000,1920,1080,Medium,Low,Medium,Off,On,-1,109.8
AssassinsCreed,17800,11000,3500,22500,26500,3500,1920,1080,Medium,Low,Ultra,TAA,Off,-1,85.6
GTA_V,10000,6500,2500,22500,17500,5500,1920,1080,Low,High,Low,Off,On,0,175.5
Fortnite,12000,7500,2500,34900,18100,4000,1920,1080,High,High,Ultra,Off,Off,1,191.3
TheWitcher3,14200,9000,2500,14200,14000,2500,1920,1080,Ultra,Low,Ultra,TAA,On,1,51.1
AssassinsCreed,17800,11000,3500,22500,17500,3500,1920,1080,Ultra,Ultra,Low,Off,Off,0,46.7
Fortnite,12000,7500,2500,29000,11000,3500,1920,1080,Ultra,Low,High,Off,Off,1,131.0
Destiny2,14200,9000,2500,14200,18100,3500,1920,1080,High,Medium,High,Off,Off,1,116.8
Overwatch,12000,8000,2500,29000,17500,4000,3840,2160,High,Medium,High,FXAA,Off,0,71.4
SpiderMan,17800,11000,3500,28200,24500,4000,1280,720,Medium,Medium,Ultra,FXAA,On,0,140.2
Fortnite,12000,7500,2500,29000,24500,6000,2560,1440,Medium,Ultra,Ultra,Off,Off,1,172.8
Minecraft,8000,4000,2500,28200,11000,2500,3840,2160,High,Ultra,High,TAA,Off,0,90.6
GenshinImpact,12000,7800,2500,17800,24500,4000,1920,1080,Low,Ultra,Ultra,FXAA,On,-1,112.1
CS_GO,9000,5500,2500,14200,24500,5500,2560,1440,Ultra,Low,Medium,FXAA,On,1,255.0
Valorant,8000,5000,2500,17800,14000,5500,2560,1440,Low,Ultra,Medium,FXAA,Off,1,379.5
TheWitcher3,14200,9000,2500,17800,18100,5500,1920,1080,High,High,High,TAA,Off,1,99.6
Fortnite,12000,7500,2500,22500,14000,6000,1920,1080,High,High,Ultra,TAA,On,0,131.7
SpiderMan,17800,11000,3500,28200,11000,6000,3840,2160,High,Medium,Medium,FXAA,On,1,27.6
Valorant,8000,5000,2500,29000,17500,4000,1920,1080,Ultra,Ultra,Low,TAA,Off,0,344.2
TheWitcher3,14200,9000,2500,28200,26500,2500,2560,1440,High,Ultra,Low,FXAA,Off,1,76.1
CS_GO,9000,5500,2500,25200,11000,2500,1920,1080,Ultra,Medium,Low,Off,Off,1,277.2
RedDeadRedemption2,17800,11000,3500,22500,11000,4000,1920,1080,High,Medium,High,FXAA,Off,0,36.6
GenshinImpact,12000,7800,2500,22500,18100,2500,1280,720,Low,Medium,High,FXAA,Off,1,119.6
Overwatch,12000,8000,2500,17800,38500,5500,1280,720,Ultra,Medium,Ultra,TAA,On,1,298.4
Overwatch,12000,8000,2500,28200,17500,5500,1280,720,Low,Medium,High,FXAA,On,0,286.9
HorizonZeroDawn,17800,11000,3500,29000,17500,2500,1920,1080,Low,Ultra,Medium,FXAA,On,0,83.0
EldenRing,14200,9000,3500,14200,26500,2500,1920,1080,Ultra,Low,Ultra,FXAA,On,0,79.9
TheWitcher3,14200,9000,2500,17800,24500,2500,1920,1080,Low,Ultra,Medium,Off,Off,1,135.7
TheWitcher3,14200,9000,2500,17800,18100,3500,3840,2160,High,Low,Medium,TAA,Off,1,36.0
Minecraft,8000,4000,2500,19700,24500,7500,1920,1080,High,High,High,TAA,Off,-1,277.3
Minecraft,8000,4000,2500,28200,18100,4000,2560,1440,High,Low,Medium,Off,On,-1,257.9
RocketLeague,11000,7000,2500,17800,24500,2500,1920,1080,Ultra,Low,Ultra,Off,Off,1,203.5
GTA_V,10000,6500,2500,34900,18100,2500,2560,1440,High,High,High,FXAA,Off,1,121.7
LeagueOfLegends,8000,4500,2500,25200,26500,3500,2560,1440,High,Ultra,High,FXAA,On,0,314.9
PUBG,14200,9000,2500,19700,17500,2500,1920,1080,Low,Low,Medium,TAA,Off,0,144.8
SpiderMan,17800,11000,3500,25200,18100,6000,1920,1080,High,Low,Low,Off,Off,0,100.7
HorizonZeroDawn,17800,11000,3500,28200,18100,5500,2560,1440,High,Ultra,High,FXAA,Off,1,45.2
RocketLeague,11000,7000,2500,34900,38500,3500,1920,1080,Medium,Medium,Ultra,TAA,Off,0,280.1
CS_GO,9000,5500,2500,25200,26500,4000,1280,720,Ultra,Low,Low,TAA,On,0,377.2
GTA_V,10000,6500,2500,19700,38500,3500,1920,1080,Low,Low,Ultra,FXAA,Off,1,172.3
GTA_V,10000,6500,2500,28200,18100,4000,1920,1080,Medium,Ultra,Ultra,TAA,On,1,170.3
CS_GO,9000,5500,2500,22500,17500,2500,2560,1440,High,Medium,Medium,Off,Off,0,256.5
Warzone,17800,13000,3500,29000,17500,6000,1920,1080,High,Medium,Medium,FXAA,Off,1,79.3
Cyberpunk2077,14200,9000,2500,28200,18100,7500,1280,720,Medium,Ultra,Low,Off,Off,0,112.7
Cyberpunk2077,14200,9000,2500,25200,38500,5500,3840,2160,High,High,High,TAA,Off,1,42.2
Overwatch,12000,8000,2500,25200,17500,3500,1920,1080,Medium,Ultra,Low,TAA,Off,0,192.5
GTA_V,10000,6500,2500,22500,17500,6000,1920,1080,Low,Medium,High,TAA,Off,-1,179.4
Fortnite,12000,7500,2500,28200,14000,3500,1280,720,Medium,Medium,High,TAA,Off,-1,207.1
RainbowSixSiege,14200,9000,2500,28200,18100,2500,3840,2160,High,High,Ultra,TAA,On,0,44.9
EldenRing,14200,9000,3500,25200,18100,2500,1920,1080,High,Ultra,Medium,FXAA,On,0,84.3
RocketLeague,11000,7000,2500,25200,26500,5500,1920,1080,Medium,Ultra,Low,Off,On,1,291.3
RocketLeague,11000,7000,2500,19700,18100,3500,2560,1440,High,Low,Ultra,Off,Off,1,153.2
SpiderMan,17800,11000,3500,28200,24500,6000,2560,1440,Low,Low,Ultra,FXAA,Off,0,102.2
Minecraft,8000,4000,2500,22500,17500,7500,1920,1080,High,Ultra,Low,Off,On,0,277.3
RainbowSixSiege,14200,9000,2500,14200,18100,5500,1920,1080,High,High,Medium,Off,Off,0,159.8
Warzone,17800,13000,3500,19700,17500,5500,1920,1080,High,Medium,Low,FXAA,Off,0,64.7
SpiderMan,17800,11000,3500,28200,11000,3500,3840,2160,High,High,High,FXAA,Off,0,20.0
EldenRing,14200,9000,3500,19700,24500,3500,2560,1440,Ultra,Medium,Low,Off,On,0,58.4
Fortnite,12000,7500,2500,19700,11000,3500,1920,1080,Medium,Ultra,Ultra,FXAA,Off,0,116.5
RainbowSixSiege,14200,9000,2500,22500,17500,2500,2560,1440,Ultra,Ultra,Medium,FXAA,On,0,60.2
GenshinImpact,12000,7800,2500,22500,24500,3500,1920,1080,Ultra,Low,High,TAA,Off,0,113.3
Minecraft,8000,4000,2500,28200,11000,3500,1920,1080,Ultra,Low,Low,TAA,Off,0,260.9
Overwatch,12000,8000,2500,14200,18100,4000,2560,1440,Low,Ultra,Low,FXAA,Off,0,139.7
PUBG,14200,9000,2500,19700,18100,7500,1280,720,Low,Medium,Low,TAA,On,0,187.4
RainbowSixSiege,14200,9000,2500,25200,11000,4000,2560,1440,Ultra,Medium,Medium,FXAA,On,0,61.7
PUBG,14200,9000,2500,29000,11000,4000,3840,2160,Medium,High,High,TAA,On,0,33.3
LeagueOfLegends,8000,4500,2500,29000,26500,6000,2560,1440,Medium,Ultra,Medium,FXAA,Off,0,333.1
RocketLeague,11000,7000,2500,14200,11000,3500,3840,2160,Low,High,Ultra,Off,Off,1,80.9
RainbowSixSiege,14200,9000,2500,25200,26500,4000,1920,1080,Medium,Medium,Medium,TAA,Off,-1,188.6
LeagueOfLegends,8000,4500,2500,25200,24500,3500,1920,1080,Low,High,High,Off,On,1,338.6
AssassinsCreed,17800,11000,3500,28200,17500,2500,1920,1080,Medium,Medium,High,FXAA,Off,-1,68.4
Minecraft,8000,4000,2500,22500,17500,4000,1920,1080,Medium,Medium,High,Off,On,0,289.4
Cyberpunk2077,14200,9000,2500,19700,24500,2500,2560,1440,Low,Ultra,Medium,FXAA,Off,1,76.2
TheWitcher3,14200,9000,2500,25200,17500,2500,2560,1440,Low,Low,Low,TAA,Off,0,88.6
TheWitcher3,14200,9000,2500,19700,11000,3500,2560,1440,Ultra,Medium,Low,TAA,Off,0,34.2
Destiny2,14200,9000,2500,22500,18100,3500,1920,1080,Ultra,Ultra,Medium,Off,On,0,79.8
Valorant,8000,5000,2500,22500,14000,4000,2560,1440,Ultra,Low,Ultra,FXAA,Off,1,231.4
TheWitcher3,14200,9000,2500,25200,17500,3500,1920,1080,Low,High,Low,FXAA,Off,0,135.3
Overwatch,12000,8000,2500,17800,24500,4000,1280,720,High,Medium,High,TAA,On,-1,226.8
GTA_V,10000,6500,2500,25200,11000,7500,1280,720,Ultra,Medium,Medium,FXAA,On,1,171.9
Destiny2,14200,9000,2500,25200,24500,4000,1920,1080,Ultra,Low,Medium,FXAA,Off,0,117.2
SpiderMan,17800,11000,3500,25200,38500,4000,1920,1080,High,Medium,Medium,FXAA,Off,0,134.4
AssassinsCreed,17800,11000,3500,28200,14000,4000,2560,1440,Ultra,High,Ultra,TAA,Off,0,26.6
CS_GO,9000,5500,2500,29000,14000,4000,1920,1080,Ultra,Ultra,High,FXAA,Off,0,249.8
Overwatch,12000,8000,2500,22500,17500,3500,1920,1080,Low,Low,Low,Off,Off,1,286.4
PUBG,14200,9000,2500,17800,18100,6000,2560,1440,Ultra,Low,High,TAA,Off,0,55.5
Fortnite,12000,7500,2500,17800,14000,3500,2560,1440,Medium,Low,Low,Off,Off,1,130.7
Fortnite,12000,7500,2500,14200,18100,4000,3840,2160,Ultra,High,Ultra,TAA,Off,0,35.1
Cyberpunk2077,14200,9000,2500,29000,24500,4000,2560,1440,Ultra,Low,Low,Off,Off,0,52.6
Cyberpunk2077,14200,9000,2500,28200,17500,5500,2560,1440,Ultra,Medium,Medium,FXAA,On,-1,33.5
Minecraft,8000,4000,2500,22500,17500,3500,2560,1440,Medium,Ultra,Medium,FXAA,Off,0,258.8
Warzone,17800,13000,3500,19700,17500,3500,3840,2160,Medium,Medium,High,FXAA,Off,0,22.9
ApexLegends,14200,9000,2500,22500,11000,3500,2560,1440,Ultra,Medium,High,Off,On,0,50.2
Destiny2,14200,9000,2500,25200,9000,3500,1920,1080,Medium,Low,Ultra,FXAA,On,1,106.2
Overwatch,12000,8000,2500,34900,24500,4000,3840,2160,Ultra,Low,Medium,FXAA,On,1,73.6
RedDeadRedemption2,17800,11000,3500,25200,26500,3500,2560,1440,Medium,High,Low,Off,Off,0,50.9
RocketLeague,11000,7000,2500,19700,18100,5500,2560,1440,High,Ultra,Medium,TAA,On,0,121.1
Warzone,17800,13000,3500,25200,18100,3500,1920,1080,High,Ultra,High,FXAA,Off,0,52.3
Fortnite,12000,7500,2500,28200,14000,2500,1920,1080,Ultra,High,Ultra,TAA,On,0,95.6
TheWitcher3,14200,9000,2500,28200,17500,6000,1920,1080,Low,Low,Medium,Off,On,-1,136.0
TheWitcher3,14200,9000,2500,28200,24500,3500,2560,1440,Medium,Ultra,High,Off,On,0,78.6
LeagueOfLegends,8000,4500,2500,14200,14000,3500,1920,1080,Medium,Ultra,Low,TAA,On,0,325.6
Valorant,8000,5000,2500,19700,18100,2500,2560,1440,Ultra,Medium,Low,FXAA,On,1,254.4
Valorant,8000,5000,2500,28200,17500,3500,3840,2160,High,Medium,Low,Off,Off,1,224.4
AssassinsCreed,17800,11000,3500,25200,11000,2500,1920,1080,High,High,Ultra,Off,Off,-1,43.7
LeagueOfLegends,8000,4500,2500,22500,14000,3500,1920,1080,Medium,Ultra,Ultra,Off,On,1,342.3
PUBG,14200,9000,2500,25200,17500,7500,1920,1080,Low,Ultra,Medium,TAA,On,-1,128.3
TheWitcher3,14200,9000,2500,28200,17500,5500,1920,1080,Low,Ultra,Ultra,Off,Off,0,138.3
CS_GO,9000,5500,2500,28200,11000,7500,2560,1440,Low,Low,Medium,TAA,Off,0,378.6
SpiderMan,17800,11000,3500,28200,24500,2500,2560,1440,High,High,High,Off,Off,1,62.6
PUBG,14200,9000,2500,25200,24500,5500,2560,1440,Ultra,Medium,High,Off,Off,-1,61.5
RedDeadRedemption2,17800,11000,3500,29000,11000,2500,1920,1080,High,High,Low,TAA,Off,-1,31.2
Overwatch,12000,8000,2500,22500,18100,6000,2560,1440,Low,High,Ultra,FXAA,On,-1,147.3
Destiny2,14200,9000,2500,22500,14000,5500,1920,1080,Medium,Low,Medium,FXAA,Off,0,145.0
RocketLeague,11000,7000,2500,19700,18100,5500,1920,1080,Ultra,Low,Low,TAA,Off,0,177.3
EldenRing,14200,9000,3500,19700,18100,3500,3840,2160,Low,Ultra,High,Off,Off,0,42.0
GenshinImpact,12000,7800,2500,22500,18100,7500,1920,1080,Ultra,Ultra,Ultra,FXAA,Off,1,99.1
RedDeadRedemption2,17800,11000,3500,17800,38500,2500,3840,2160,Medium,Medium,Low,FXAA,Off,1,34.4
Destiny2,14200,9000,2500,19700,26500,3500,2560,1440,High,Low,Low,TAA,Off,0,100.0
Valorant,8000,5000,2500,22500,14000,5500,3840,2160,Low,Low,High,FXAA,On,0,232.2
AssassinsCreed,17800,11000,3500,25200,18100,3500,1920,1080,Low,Medium,High,TAA,Off,-1,89.4
TheWitcher3,14200,9000,2500,14200,14000,2500,1920,1080,Ultra,High,Low,Off,Off,1,58.9
AssassinsCreed,17800,11000,3500,22500,38500,3500,1280,720,Medium,Ultra,Medium,Off,On,1,132.9
Fortnite,12000,7500,2500,19700,18100,4000,1920,1080,Low,Low,Low,TAA,Off,0,228.4
Warzone,17800,13000,3500,22500,38500,5500,1280,720,Ultra,Low,Ultra,FXAA,On,0,107.9
HorizonZeroDawn,17800,11000,3500,22500,24500,3500,2560,1440,Medium,High,Low,TAA,Off,0,57.3
RocketLeague,11000,7000,2500,19700,9000,3500,1280,720,Medium,Ultra,Ultra,TAA,On,1,199.6
GTA_V,10000,6500,2500,19700,18100,3500,2560,1440,Low,Medium,High,Off,On,0,153.0
Cyberpunk2077,14200,9000,2500,22500,24500,4000,1920,1080,High,High,Medium,Off,On,0,87.2
TheWitcher3,14200,9000,2500,28200,11000,3500,1920,1080,High,Low,High,Off,On,1,90.1
Valorant,8000,5000,2500,22500,24500,4000,2560,1440,Low,Medium,Low,TAA,Off,1,374.0
RocketLeague,11000,7000,2500,14200,24500,2500,1920,1080,Low,Low,High,FXAA,Off,0,292.8
SpiderMan,17800,11000,3500,29000,11000,7500,2560,1440,Medium,Medium,Medium,Off,Off,-1,50.9
Destiny2,14200,9000,2500,29000,17500,4000,1920,1080,Medium,Low,High,Off,Off,-1,135.5
ApexLegends,14200,9000,2500,29000,14000,5500,1280,720,High,Ultra,Medium,TAA,Off,-1,126.6
AssassinsCreed,17800,11000,3500,19700,17500,5500,1920,1080,Low,Low,High,Off,Off,1,132.1
TheWitcher3,14200,9000,2500,29000,14000,4000,1920,1080,Low,Medium,Ultra,TAA,On,-1,104.8
Overwatch,12000,8000,2500,22500,18100,3500,1920,1080,Low,High,Low,TAA,Off,0,251.7
RocketLeague,11000,7000,2500,17800,18100,3500,2560,1440,Ultra,Low,Medium,Off,On,0,107.0
Fortnite,12000,7500,2500,14200,14000,2500,1920,1080,Medium,Medium,Low,FXAA,On,1,154.3
Cyberpunk2077,14200,9000,2500,28200,24500,3500,2560,1440,High,Low,Medium,FXAA,Off,-1,51.6
RedDeadRedemption2,17800,11000,3500,19700,26500,3500,1920,1080,Low,Medium,Low,TAA,Off,-1,75.4
Overwatch,12000,8000,2500,22500,24500,5500,1920,1080,Ultra,Ultra,Ultra,Off,Off,-1,123.0
Fortnite,12000,7500,2500,28200,17500,5500,2560,1440,High,High,Low,Off,On,0,121.5
RocketLeague,11000,7000,2500,29000,18100,3500,1920,1080,Medium,High,High,Off,On,1,290.8
Fortnite,12000,7500,2500,28200,18100,7500,1920,1080,Low,Low,Ultra,Off,On,1,233.4
TheWitcher3,14200,9000,2500,29000,14000,4000,2560,1440,High,High,Ultra,FXAA,On,0,51.8
RainbowSixSiege,14200,9000,2500,25200,18100,3500,1920,1080,High,Ultra,Low,Off,Off,-1,119.7
PUBG,14200,9000,2500,28200,11000,3500,1280,720,Low,Ultra,Low,FXAA,Off,0,168.5
Cyberpunk2077,14200,9000,2500,29000,17500,2500,2560,1440,Medium,Ultra,Ultra,FXAA,Off,0,44.1
GenshinImpact,12000,7800,2500,25200,38500,4000,2560,1440,Medium,Ultra,Ultra,TAA,Off,1,114.8
Valorant,8000,5000,2500,19700,18100,5500,2560,1440,Ultra,High,High,Off,Off,1,261.8
Cyberpunk2077,14200,9000,2500,25200,17500,6000,2560,1440,Medium,Low,Ultra,FXAA,On,1,67.4
Destiny2,14200,9000,2500,29000,38500,3500,2560,1440,Ultra,Low,Low,Off,On,0,110.4
GenshinImpact,12000,7800,2500,29000,18100,5500,2560,1440,Medium,Low,Medium,FXAA,Off,0,113.9
CS_GO,9000,5500,2500,25200,38500,5500,1920,1080,Ultra,High,Low,Off,Off,1,386.6
GTA_V,10000,6500,2500,19700,17500,3500,2560,1440,Medium,Medium,Low,FXAA,Off,0,114.8
Destiny2,14200,9000,2500,22500,14000,2500,1920,1080,Ultra,Medium,Ultra,FXAA,On,1,70.9
CS_GO,9000,5500,2500,19700,26500,5500,1920,1080,High,Ultra,Low,FXAA,On,0,388.2
HorizonZeroDawn,17800,11000,3500,22500,9000,2500,1920,1080,Medium,Medium,Medium,FXAA,Off,0,52.4
Overwatch,12000,8000,2500,29000,18100,4000,1920,1080,Ultra,Ultra,Medium,TAA,On,1,140.1
Cyberpunk2077,14200,9000,2500,34900,26500,7500,1920,1080,Medium,Low,Low,TAA,Off,1,110.5
HorizonZeroDawn,17800,11000,3500,17800,11000,3500,1920,1080,Ultra,Medium,Medium,Off,On,1,39.4
Warzone,17800,13000,3500,19700,17500,5500,2560,1440,Low,Ultra,High,Off,Off,0,53.8
AssassinsCreed,17800,11000,3500,22500,24500,4000,2560,1440,Low,Medium,High,FXAA,On,1,92.0
GenshinImpact,12000,7800,2500,19700,17500,5500,2560,1440,High,Ultra,Ultra,TAA,Off,0,69.2
Fortnite,12000,7500,2500,22500,14000,2500,1280,720,High,Medium,Low,FXAA,On,1,220.9
PUBG,14200,9000,2500,22500,14000,4000,1920,1080,Ultra,Medium,High,TAA,On,1,73.2
RocketLeague,11000,7000,2500,17800,24500,5500,3840,2160,High,Medium,High,TAA,On,0,86.1
RedDeadRedemption2,17800,11000,3500,19700,14000,2500,1280,720,Medium,High,High,Off,On,1,67.6
LeagueOfLegends,8000,4500,2500,34900,18100,6000,1920,1080,High,Low,Low,FXAA,On,-1,328.3
Minecraft,8000,4000,2500,22500,11000,3500,2560,1440,Ultra,Low,Ultra,Off,Off,0,151.4
Valorant,8000,5000,2500,22500,17500,5500,3840,2160,Low,Low,Medium,TAA,On,0,261.5
Destiny2,14200,9000,2500,25200,24500,4000,2560,1440,Low,Low,Medium,FXAA,Off,0,149.1
Valorant,8000,5000,2500,25200,18100,3500,1920,1080,Low,Ultra,High,TAA,On,-1,381.3
RainbowSixSiege,14200,9000,2500,17800,18100,3500,1920,1080,High,Medium,Ultra,Off,On,0,135.8
LeagueOfLegends,8000,4500,2500,25200,18100,4000,1920,1080,Medium,Ultra,Medium,TAA,Off,0,334.9
Overwatch,12000,8000,2500,14200,24500,4000,1920,1080,Low,Medium,Ultra,FXAA,On,-1,230.9
Cyberpunk2077,14200,9000,2500,25200,18100,2500,2560,1440,Ultra,Medium,Medium,FXAA,On,0,32.7
CS_GO,9000,5500,2500,22500,11000,4000,1920,1080,Ultra,Medium,Ultra,TAA,Off,0,212.9
EldenRing,14200,9000,3500,22500,18100,5500,2560,1440,Ultra,Low,Ultra,Off,Off,-1,43.6
Minecraft,8000,4000,2500,25200,14000,3500,3840,2160,Low,High,Ultra,Off,On,1,190.4
LeagueOfLegends,8000,4500,2500,22500,17500,4000,1920,1080,Ultra,High,Low,Off,On,0,302.9
PUBG,14200,9000,2500,25200,17500,3500,2560,1440,High,Medium,Ultra,Off,On,1,71.5
TheWitcher3,14200,9000,2500,29000,14000,2500,1280,720,Low,Ultra,Medium,Off,On,1,135.3
PUBG,14200,9000,2500,25200,14000,3500,1920,1080,Ultra,Low,Ultra,TAA,Off,-1,57.9
LeagueOfLegends,8000,4500,2500,22500,11000,4000,3840,2160,Low,Medium,Low,Off,Off,0,185.6
Fortnite,12000,7500,2500,19700,26500,6000,1920,1080,Low,Low,High,FXAA,On,0,232.1
TheWitcher3,14200,9000,2500,22500,24500,4000,1920,1080,Ultra,Low,Low,TAA,On,0,87.7
Valorant,8000,5000,2500,28200,18100,2500,2560,1440,Low,Low,Ultra,FXAA,Off,0,397.5
CS_GO,9000,5500,2500,14200,18100,4000,1920,1080,Low,Ultra,Low,TAA,Off,0,369.3
EldenRing,14200,9000,3500,22500,17500,4000,2560,1440,High,Low,Medium,Off,On,1,74.8
Warzone,17800,13000,3500,25200,24500,4000,1920,1080,Low,Medium,Ultra,Off,On,1,114.9
HorizonZeroDawn,17800,11000,3500,25200,11000,4000,2560,1440,High,Ultra,Medium,FXAA,On,1,32.3
AssassinsCreed,17800,11000,3500,28200,26500,5500,1920,1080,Medium,Medium,Low,FXAA,On,1,139.9
RocketLeague,11000,7000,2500,34900,14000,7500,1920,1080,Ultra,High,Ultra,FXAA,Off,0,166.5
SpiderMan,17800,11000,3500,19700,38500,2500,3840,2160,Medium,Medium,Low,Off,On,0,53.9
Overwatch,12000,8000,2500,17800,18100,2500,3840,2160,Medium,Medium,Ultra,TAA,Off,0,65.4
Valorant,8000,5000,2500,29000,17500,4000,1280,720,High,Medium,Ultra,Off,On,0,378.2
EldenRing,14200,9000,3500,28200,17500,2500,2560,1440,Medium,Ultra,High,TAA,On,1,65.2
RedDeadRedemption2,17800,11000,3500,22500,24500,2500,3840,2160,Low,High,High,TAA,On,0,25.3
RainbowSixSiege,14200,9000,2500,28200,24500,5500,2560,1440,Low,High,High,FXAA,On,1,214.4
EldenRing,14200,9000,3500,22500,24500,4000,1280,720,Medium,High,Low,Off,Off,0,119.7
RainbowSixSiege,14200,9000,2500,19700,38500,2500,1920,1080,High,Medium,Ultra,TAA,On,1,225.0
HorizonZeroDawn,17800,11000,3500,19700,14000,4000,1280,720,High,Ultra,High,FXAA,On,0,66.8
SpiderMan,17800,11000,3500,28200,24500,3500,2560,1440,Ultra,Low,Ultra,TAA,On,1,49.5
RedDeadRedemption2,17800,11000,3500,28200,17500,3500,1920,1080,Ultra,Medium,Medium,TAA,Off,0,34.6
GenshinImpact,12000,7800,2500,22500,18100,4000,1280,720,Ultra,High,High,Off,On,1,112.8
AssassinsCreed,17800,11000,3500,14200,18100,4000,1280,720,Ultra,High,Ultra,FXAA,On,0,58.8
GenshinImpact,12000,7800,2500,17800,17500,4000,2560,1440,High,Medium,High,FXAA,On,1,87.4
Destiny2,14200,9000,2500,22500,14000,4000,1920,1080,Low,Medium,Low,TAA,Off,-1,134.4
PUBG,14200,9000,2500,19700,9000,3500,2560,1440,High,High,Medium,FXAA,On,0,45.3
Valorant,8000,5000,2500,14200,24500,3500,2560,1440,Low,Low,Medium,TAA,On,1,385.8
Overwatch,12000,8000,2500,22500,18100,4000,1920,1080,Ultra,Low,Medium,TAA,Off,1,150.7
PUBG,14200,9000,2500,29000,17500,5500,1280,720,Low,Ultra,Medium,TAA,Off,-1,177.9
LeagueOfLegends,8000,4500,2500,14200,38500,4000,1920,1080,High,Ultra,Ultra,Off,Off,0,339.4
CS_GO,9000,5500,2500,19700,14000,3500,1920,1080,High,High,High,TAA,Off,0,302.1
PUBG,14200,9000,2500,17800,38500,2500,1920,1080,Low,Low,Ultra,Off,On,0,194.1
RedDeadRedemption2,17800,11000,3500,22500,14000,3500,1920,1080,Ultra,Medium,Ultra,FXAA,Off,-1,25.3
GTA_V,10000,6500,2500,25200,18100,3500,1920,1080,High,Ultra,High,TAA,Off,1,142.9
CS_GO,9000,5500,2500,29000,24500,4000,2560,1440,Medium,Ultra,Ultra,Off,Off,0,354.3
TheWitcher3,14200,9000,2500,29000,17500,7500,2560,1440,Ultra,High,Low,TAA,On,0,53.1
HorizonZeroDawn,17800,11000,3500,22500,14000,6000,1920,1080,Ultra,Medium,High,FXAA,Off,0,46.7
LeagueOfLegends,8000,4500,2500,28200,18100,3500,1920,1080,High,Ultra,High,Off,Off,0,334.4
CS_GO,9000,5500,2500,28200,14000,3500,1920,1080,Ultra,Medium,Ultra,FXAA,Off,0,257.4
EldenRing,14200,9000,3500,22500,17500,3500,1920,1080,Low,High,Ultra,TAA,Off,0,117.3
LeagueOfLegends,8000,4500,2500,29000,17500,4000,2560,1440,Medium,Ultra,Medium,Off,Off,-1,261.6
LeagueOfLegends,8000,4500,2500,19700,9000,5500,2560,1440,Ultra,High,Ultra,TAA,Off,0,118.0
LeagueOfLegends,8000,4500,2500,22500,14000,4000,2560,1440,Ultra,Ultra,Ultra,FXAA,Off,-1,117.7
GenshinImpact,12000,7800,2500,29000,11000,2500,2560,1440,Low,Ultra,Medium,FXAA,On,-1,73.5
EldenRing,14200,9000,3500,28200,17500,5500,1920,1080,High,Low,Medium,FXAA,Off,1,119.5
Valorant,8000,5000,2500,14200,14000,4000,1280,720,Ultra,Medium,Medium,TAA,Off,0,378.3
Cyberpunk2077,14200,9000,2500,25200,17500,6000,1920,1080,Medium,Low,Low,TAA,On,1,103.8
EldenRing,14200,9000,3500,22500,18100,2500,2560,1440,Medium,Ultra,Ultra,TAA,Off,0,54.8
Warzone,17800,13000,3500,25200,18100,2500,1280,720,Low,Medium,High,Off,On,1,137.5
Minecraft,8000,4000,2500,28200,14000,3500,1920,1080,Low,Medium,Medium,FXAA,On,1,276.1
Fortnite,12000,7500,2500,19700,9000,3500,2560,1440,Medium,Medium,High,FXAA,Off,0,83.8
Warzone,17800,13000,3500,25200,14000,6000,1920,1080,High,Low,Low,Off,Off,-1,58.3
GenshinImpact,12000,7800,2500,14200,18100,4000,2560,1440,Ultra,High,Medium,TAA,On,0,51.9
Destiny2,14200,9000,2500,28200,18100,4000,1920,1080,High,Medium,Low,FXAA,On,0,133.4
Minecraft,8000,4000,2500,28200,18100,2500,3840,2160,Medium,Low,Ultra,FXAA,Off,0,169.7
AssassinsCreed,17800,11000,3500,25200,14000,2500,3840,2160,Medium,Medium,Ultra,FXAA,On,0,23.7
HorizonZeroDawn,17800,11000,3500,14200,17500,5500,1920,1080,Medium,Medium,Ultra,TAA,On,1,69.8
PUBG,14200,9000,2500,22500,26500,2500,1920,1080,High,Low,Low,FXAA,Off,0,139.4
LeagueOfLegends,8000,4500,2500,17800,18100,3500,3840,2160,High,Medium,Low,FXAA,Off,0,145.6
LeagueOfLegends,8000,4500,2500,34900,24500,5500,1920,1080,Ultra,High,Medium,FXAA,Off,-1,333.3
HorizonZeroDawn,17800,11000,3500,25200,18100,2500,1920,1080,Low,Medium,Medium,Off,On,-1,84.8
Destiny2,14200,9000,2500,25200,17500,4000,1920,1080,Low,High,Ultra,TAA,On,0,152.8
Valorant,8000,5000,2500,22500,17500,3500,1920,1080,High,High,Low,FXAA,Off,0,370.5
PUBG,14200,9000,2500,17800,11000,4000,2560,1440,Medium,Medium,Medium,TAA,Off,0,56.6
Warzone,17800,13000,3500,28200,14000,3500,1920,1080,Ultra,Ultra,High,Off,On,-1,32.7
Valorant,8000,5000,2500,14200,18100,4000,3840,2160,High,Low,Medium,TAA,On,-1,127.0
ApexLegends,14200,9000,2500,22500,14000,4000,1280,720,High,High,Ultra,Off,On,-1,130.7
GTA_V,10000,6500,2500,22500,18100,4000,3840,2160,Medium,Ultra,Ultra,FXAA,Off,0,52.4
LeagueOfLegends,8000,4500,2500,29000,14000,4000,1920,1080,Medium,High,Ultra,FXAA,Off,0,330.4
Minecraft,8000,4000,2500,29000,11000,4000,2560,1440,Low,High,High,Off,On,0,298.2
TheWitcher3,14200,9000,2500,25200,26500,4000,1920,1080,Medium,High,High,TAA,On,0,136.1
Fortnite,12000,7500,2500,34900,11000,3500,3840,2160,High,High,Medium,Off,On,0,54.3
Overwatch,12000,8000,2500,34900,24500,2500,1280,720,High,Low,Low,FXAA,Off,-1,276.4
Cyberpunk2077,14200,9000,2500,14200,17500,5500,1280,720,Medium,Medium,Medium,TAA,Off,0,115.6
CS_GO,9000,5500,2500,22500,24500,2500,2560,1440,Ultra,Ultra,Low,FXAA,On,-1,174.1
Warzone,17800,13000,3500,22500,17500,3500,2560,1440,High,High,Low,FXAA,On,1,39.0
SpiderMan,17800,11000,3500,22500,18100,4000,3840,2160,High,Medium,Medium,FXAA,Off,1,29.9
GenshinImpact,12000,7800,2500,17800,24500,7500,1920,1080,Ultra,Low,Low,TAA,Off,0,114.7
Minecraft,8000,4000,2500,25200,24500,5500,1920,1080,High,High,High,FXAA,Off,-1,277.7
AssassinsCreed,17800,11000,3500,22500,38500,3500,2560,1440,High,Ultra,Medium,FXAA,On,0,66.7
Fortnite,12000,7500,2500,22500,18100,6000,1920,1080,Ultra,Ultra,Low,Off,Off,1,137.1
RainbowSixSiege,14200,9000,2500,14200,24500,5500,3840,2160,Medium,Medium,Low,FXAA,Off,0,81.1
AssassinsCreed,17800,11000,3500,22500,17500,3500,2560,1440,Medium,High,Medium,FXAA,On,-1,41.3
LeagueOfLegends,8000,4500,2500,22500,17500,6000,2560,1440,Ultra,Ultra,High,TAA,Off,0,166.5
TheWitcher3,14200,9000,2500,19700,18100,4000,1920,1080,Ultra,High,Ultra,FXAA,Off,0,60.8
RainbowSixSiege,14200,9000,2500,22500,11000,5500,3840,2160,Medium,Medium,Medium,FXAA,Off,0,55.0
CS_GO,9000,5500,2500,14200,24500,6000,1920,1080,Medium,Ultra,Ultra,TAA,On,0,391.8
RocketLeague,11000,7000,2500,22500,11000,4000,1920,1080,Ultra,Low,High,Off,Off,0,142.1
EldenRing,14200,9000,3500,25200,24500,6000,1920,1080,Ultra,Low,Low,TAA,Off,0,100.9
GTA_V,10000,6500,2500,19700,24500,3500,1920,1080,Low,Medium,Ultra,FXAA,On,0,172.7
Minecraft,8000,4000,2500,19700,14000,5500,1920,1080,High,Ultra,Medium,TAA,On,0,286.2
RainbowSixSiege,14200,9000,2500,25200,18100,6000,2560,1440,Medium,High,Medium,Off,On,-1,111.2
AssassinsCreed,17800,11000,3500,22500,17500,3500,1920,1080,High,High,Low,Off,On,1,80.5
Cyberpunk2077,14200,9000,2500,22500,24500,3500,1920,1080,Low,High,Ultra,TAA,On,0,103.3
Overwatch,12000,8000,2500,19700,26500,3500,2560,1440,Ultra,Ultra,High,TAA,On,1,92.1
Fortnite,12000,7500,2500,28200,11000,2500,3840,2160,Medium,Low,Ultra,FXAA,Off,1,59.4
RainbowSixSiege,14200,9000,2500,25200,17500,4000,2560,1440,Low,Ultra,High,Off,On,-1,111.2
Valorant,8000,5000,2500,17800,9000,5500,1280,720,Ultra,Low,Medium,Off,Off,1,391.6
EldenRing,14200,9000,3500,22500,38500,6000,2560,1440,Ultra,High,High,Off,On,1,87.9
EldenRing,14200,9000,3500,14200,24500,4000,1920,1080,Medium,Medium,Medium,FXAA,On,0,113.7
PUBG,14200,9000,2500,22500,14000,4000,1920,1080,Medium,Medium,Ultra,FXAA,Off,1,122.7
Fortnite,12000,7500,2500,22500,24500,4000,1920,1080,Low,Ultra,Ultra,TAA,On,0,219.2
GenshinImpact,12000,7800,2500,28200,18100,5500,1280,720,High,Medium,High,TAA,On,1,113.8
Minecraft,8000,4000,2500,29000,14000,5500,1920,1080,Ultra,Low,Medium,FXAA,On,0,297.3
GTA_V,10000,6500,2500,22500,17500,2500,1920,1080,Ultra,Low,Ultra,Off,Off,0,113.2
SpiderMan,17800,11000,3500,19700,18100,4000,2560,1440,High,High,Medium,TAA,On,0,41.6
Minecraft,8000,4000,2500,29000,17500,5500,2560,1440,High,Medium,Low,TAA,On,0,279.4
RedDeadRedemption2,17800,11000,3500,17800,17500,3500,1920,1080,High,Medium,Ultra,Off,On,1,48.0
HorizonZeroDawn,17800,11000,3500,25200,11000,4000,2560,1440,Ultra,Low,Low,FXAA,Off,0,27.6
LeagueOfLegends,8000,4500,2500,28200,18100,4000,1920,1080,Medium,Low,Ultra,TAA,Off,0,335.6
Fortnite,12000,7500,2500,29000,17500,2500,2560,1440,Medium,Ultra,High,TAA,On,0,99.5
HorizonZeroDawn,17800,11000,3500,19700,17500,4000,1920,1080,Ultra,Ultra,Low,Off,Off,0,42.8
Warzone,17800,13000,3500,19700,26500,2500,1920,1080,Low,High,Ultra,Off,Off,-1,85.5
AssassinsCreed,17800,11000,3500,25200,11000,3500,1920,1080,High,Ultra,High,TAA,Off,0,46.7
SpiderMan,17800,11000,3500,25200,38500,5500,1920,1080,Ultra,Medium,Low,TAA,On,-1,83.9
LeagueOfLegends,8000,4500,2500,29000,18100,3500,1920,1080,Medium,Medium,Medium,Off,Off,0,338.8
AssassinsCreed,17800,11000,3500,22500,17500,2500,1920,1080,Ultra,Low,High,Off,On,0,52.8
GTA_V,10000,6500,2500,28200,17500,3500,2560,1440,High,Ultra,Low,Off,Off,-1,87.6
RainbowSixSiege,14200,9000,2500,29000,26500,4000,2560,1440,High,Medium,Low,TAA,Off,-1,112.0
Destiny2,14200,9000,2500,14200,11000,6000,1920,1080,High,Low,Low,FXAA,Off,0,104.9
SpiderMan,17800,11000,3500,22500,17500,3500,1920,1080,Medium,High,Medium,FXAA,Off,-1,72.8
TheWitcher3,14200,9000,2500,29000,24500,4000,1280,720,High,Ultra,High,FXAA,On,-1,122.2
RedDeadRedemption2,17800,11000,3500,22500,18100,2500,2560,1440,High,Medium,High,TAA,Off,0,27.6
Minecraft,8000,4000,2500,22500,26500,3500,2560,1440,Ultra,Ultra,High,FXAA,Off,-1,190.5
Destiny2,14200,9000,2500,17800,17500,2500,1920,1080,High,Low,Low,TAA,Off,-1,94.3
Warzone,17800,13000,3500,19700,38500,2500,1920,1080,Medium,High,Medium,TAA,On,0,94.2
GenshinImpact,12000,7800,2500,25200,17500,3500,1920,1080,Ultra,Ultra,Medium,FXAA,Off,1,95.2
RocketLeague,11000,7000,2500,25200,24500,5500,3840,2160,Medium,Ultra,Ultra,TAA,On,1,99.1
Warzone,17800,13000,3500,22500,9000,5500,1920,1080,Low,High,Ultra,FXAA,On,1,73.6
Warzone,17800,13000,3500,22500,24500,3500,3840,2160,High,Medium,Low,FXAA,On,-1,22.0
LeagueOfLegends,8000,4500,2500,25200,9000,3500,2560,1440,Low,Low,Ultra,FXAA,Off,0,289.0
GTA_V,10000,6500,2500,22500,11000,6000,1920,1080,Ultra,Low,Low,TAA,On,-1,83.2
RocketLeague,11000,7000,2500,28200,14000,3500,2560,1440,High,High,Low,TAA,On,1,130.1
RocketLeague,11000,7000,2500,22500,38500,4000,1920,1080,Medium,Low,Ultra,FXAA,Off,0,278.8
RedDeadRedemption2,17800,11000,3500,25200,17500,3500,1280,720,Medium,Low,Low,Off,Off,-1,79.3
HorizonZeroDawn,17800,11000,3500,25200,18100,3500,2560,1440,High,Medium,Low,FXAA,On,1,48.4
SpiderMan,17800,11000,3500,29000,24500,3500,2560,1440,Ultra,Low,Medium,TAA,On,1,50.0
HorizonZeroDawn,17800,11000,3500,28200,14000,2500,1280,720,High,Ultra,Low,Off,Off,1,83.5
Cyberpunk2077,14200,9000,2500,29000,17500,2500,1920,1080,Low,High,Medium,TAA,On,1,105.4
Fortnite,12000,7500,2500,19700,11000,2500,1920,1080,Ultra,High,Medium,FXAA,Off,0,80.9
EldenRing,14200,9000,3500,14200,14000,3500,1920,1080,Low,Low,Ultra,Off,On,1,114.5
RocketLeague,11000,7000,2500,22500,24500,4000,1920,1080,High,Low,Ultra,TAA,On,0,244.8
LeagueOfLegends,8000,4500,2500,19700,14000,4000,3840,2160,High,Low,High,TAA,On,1,136.3
GenshinImpact,12000,7800,2500,28200,17500,4000,1920,1080,Ultra,Low,Low,TAA,Off,0,110.8
Valorant,8000,5000,2500,29000,14000,5500,1920,1080,High,Medium,High,FXAA,On,-1,400.0
Warzone,17800,13000,3500,25200,11000,4000,2560,1440,Low,Low,Ultra,FXAA,Off,0,48.5
Minecraft,8000,4000,2500,25200,9000,7500,3840,2160,High,Ultra,Ultra,TAA,Off,1,97.7
Minecraft,8000,4000,2500,25200,24500,3500,3840,2160,Low,Medium,Medium,Off,On,1,295.8
GTA_V,10000,6500,2500,28200,24500,4000,1920,1080,Ultra,Ultra,Low,TAA,Off,-1,107.8
GTA_V,10000,6500,2500,29000,17500,3500,1920,1080,Medium,High,Low,TAA,On,0,171.3
SpiderMan,17800,11000,3500,22500,17500,2500,1920,1080,Ultra,Low,High,TAA,Off,1,58.3
EldenRing,14200,9000,3500,25200,17500,5500,3840,2160,Ultra,Medium,High,Off,Off,-1,24.2
EldenRing,14200,9000,3500,29000,26500,7500,1280,720,High,Ultra,High,FXAA,Off,1,119.8
Overwatch,12000,8000,2500,29000,9000,2500,1920,1080,High,Low,Low,TAA,On,0,145.6
Warzone,17800,13000,3500,28200,26500,6000,1920,1080,Low,Low,Low,FXAA,Off,0,134.7
RedDeadRedemption2,17800,11000,3500,25200,24500,7500,1280,720,Medium,High,Low,FXAA,On,1,115.3
GTA_V,10000,6500,2500,14200,14000,2500,1920,1080,Ultra,Low,Ultra,TAA,Off,-1,69.8
LeagueOfLegends,8000,4500,2500,25200,26500,3500,1920,1080,Ultra,Medium,Medium,Off,On,0,326.2
HorizonZeroDawn,17800,11000,3500,25200,17500,3500,1920,1080,Low,Low,High,TAA,On,0,98.5
Destiny2,14200,9000,2500,14200,38500,7500,3840,2160,Low,Ultra,Medium,TAA,On,0,86.4
CS_GO,9000,5500,2500,22500,26500,3500,1920,1080,Low,Medium,Medium,TAA,Off,1,370.3
ApexLegends,14200,9000,2500,29000,26500,3500,1920,1080,High,Low,Low,TAA,Off,-1,154.2
ApexLegends,14200,9000,2500,25200,14000,7500,3840,2160,Low,High,Medium,TAA,Off,1,72.1
GenshinImpact,12000,7800,2500,25200,17500,5500,1280,720,Medium,Ultra,High,Off,Off,0,116.6
Fortnite,12000,7500,2500,25200,24500,5500,1920,1080,Ultra,Low,Ultra,FXAA,On,0,161.6
GTA_V,10000,6500,2500,17800,14000,2500,1920,1080,Medium,Ultra,Medium,TAA,On,1,128.0
GenshinImpact,12000,7800,2500,34900,17500,6000,1920,1080,Low,Low,Ultra,FXAA,Off,0,112.3
Fortnite,12000,7500,2500,19700,18100,4000,1920,1080,Low,Low,Medium,FXAA,On,-1,216.5
RainbowSixSiege,14200,9000,2500,22500,17500,6000,2560,1440,Low,Medium,Ultra,FXAA,On,-1,130.3
GTA_V,10000,6500,2500,28200,14000,3500,3840,2160,Medium,High,Ultra,TAA,Off,1,55.6
Minecraft,8000,4000,2500,28200,24500,5500,1920,1080,Low,Medium,Low,TAA,On,0,299.7
SpiderMan,17800,11000,3500,19700,24500,4000,1920,1080,Ultra,Low,High,FXAA,On,0,70.3
GTA_V,10000,6500,2500,29000,18100,7500,2560,1440,Low,Low,High,Off,On,-1,162.5
AssassinsCreed,17800,11000,3500,22500,17500,2500,2560,1440,Ultra,Low,Ultra,TAA,Off,-1,24.8
PUBG,14200,9000,2500,25200,18100,3500,2560,1440,Ultra,Ultra,Medium,Off,Off,0,47.7
Destiny2,14200,9000,2500,28200,14000,3500,2560,1440,High,Low,Ultra,TAA,Off,1,74.9
EldenRing,14200,9000,3500,17800,24500,5500,2560,1440,Low,High,Low,TAA,On,0,105.9
RocketLeague,11000,7000,2500,29000,26500,5500,1920,1080,Medium,High,Ultra,Off,On,-1,281.0
Overwatch,12000,8000,2500,29000,26500,5500,2560,1440,Medium,Medium,High,TAA,On,1,201.4
TheWitcher3,14200,9000,2500,25200,18100,3500,1280,720,Medium,Low,Medium,TAA,On,0,138.8
CS_GO,9000,5500,2500,25200,38500,2500,1280,720,High,Ultra,Ultra,FXAA,Off,1,371.3
Valorant,8000,5000,2500,17800,18100,2500,1920,1080,Medium,Low,High,TAA,On,-1,374.8
SpiderMan,17800,11000,3500,25200,24500,4000,1920,1080,Ultra,High,High,Off,Off,0,69.5
HorizonZeroDawn,17800,11000,3500,28200,17500,2500,2560,1440,Low,Ultra,Medium,FXAA,Off,-1,48.4
ApexLegends,14200,9000,2500,17800,26500,5500,2560,1440,High,Ultra,High,FXAA,On,1,104.9
RocketLeague,11000,7000,2500,28200,24500,3500,1920,1080,Low,High,Medium,FXAA,On,1,297.4
LeagueOfLegends,8000,4500,2500,22500,17500,7500,3840,2160,Ultra,Medium,High,TAA,On,0,114.1
CS_GO,9000,5500,2500,22500,18100,2500,2560,1440,Medium,Medium,Medium,FXAA,On,0,291.5
Warzone,17800,13000,3500,14200,38500,3500,2560,1440,Medium,Ultra,High,FXAA,On,-1,48.0
Cyberpunk2077,14200,9000,2500,34900,26500,7500,2560,1440,Low,High,Ultra,TAA,Off,1,104.7
EldenRing,14200,9000,3500,28200,26500,6000,2560,1440,Ultra,High,Ultra,Off,On,-1,54.3
RainbowSixSiege,14200,9000,2500,19700,17500,4000,1920,1080,Medium,Ultra,Medium,Off,Off,0,158.8
HorizonZeroDawn,17800,11000,3500,17800,18100,2500,1920,1080,Low,High,Ultra,TAA,On,1,82.2
Destiny2,14200,9000,2500,29000,24500,2500,2560,1440,Low,Ultra,High,TAA,Off,0,114.3
LeagueOfLegends,8000,4500,2500,14200,24500,6000,2560,1440,High,Low,Low,FXAA,Off,-1,302.9
Minecraft,8000,4000,2500,19700,18100,3500,1920,1080,High,Low,High,FXAA,Off,1,281.2
ApexLegends,14200,9000,2500,17800,11000,4000,1920,1080,High,Ultra,Medium,Off,On,-1,74.1
PUBG,14200,9000,2500,22500,38500,3500,2560,1440,Ultra,High,Medium,Off,Off,0,83.5
ApexLegends,14200,9000,2500,25200,14000,2500,1920,1080,High,Ultra,Ultra,TAA,On,0,81.9
EldenRing,14200,9000,3500,28200,18100,6000,2560,1440,Low,Medium,Ultra,Off,On,1,112.2
GTA_V,10000,6500,2500,28200,17500,4000,1920,1080,Ultra,Ultra,Medium,Off,On,1,128.8
EldenRing,14200,9000,3500,28200,18100,5500,1920,1080,Medium,Low,High,TAA,Off,1,112.3
PUBG,14200,9000,2500,25200,18100,3500,1920,1080,Ultra,Ultra,High,TAA,Off,0,63.1
HorizonZeroDawn,17800,11000,3500,28200,14000,3500,2560,1440,Low,Low,Medium,TAA,Off,0,58.1
HorizonZeroDawn,17800,11000,3500,34900,18100,4000,1920,1080,High,High,Medium,TAA,Off,-1,59.0
TheWitcher3,14200,9000,2500,22500,14000,2500,1920,1080,Medium,Low,Low,TAA,On,0,97.4
Destiny2,14200,9000,2500,34900,17500,4000,1920,1080,Medium,High,High,Off,Off,-1,130.0
SpiderMan,17800,11000,3500,25200,14000,2500,1920,1080,High,Ultra,Medium,Off,Off,0,59.6
TheWitcher3,14200,9000,2500,14200,26500,4000,3840,2160,Ultra,Medium,Medium,FXAA,On,1,31.9
HorizonZeroDawn,17800,11000,3500,28200,17500,4000,2560,1440,High,Medium,Medium,FXAA,On,0,44.2
RainbowSixSiege,14200,9000,2500,28200,14000,4000,2560,1440,Medium,Ultra,Medium,FXAA,Off,-1,81.3
LeagueOfLegends,8000,4500,2500,22500,17500,4000,1920,1080,Low,Low,High,TAA,Off,-1,343.2
HorizonZeroDawn,17800,11000,3500,29000,11000,4000,2560,1440,Ultra,Low,High,Off,Off,0,28.9
PUBG,14200,9000,2500,17800,9000,4000,2560,1440,Low,Ultra,High,TAA,Off,0,56.0
RainbowSixSiege,14200,9000,2500,25200,26500,6000,1920,1080,High,Ultra,Medium,FXAA,On,1,201.8
Cyberpunk2077,14200,9000,2500,17800,14000,4000,2560,1440,Low,Ultra,Ultra,TAA,Off,0,43.6
Cyberpunk2077,14200,9000,2500,25200,11000,3500,1280,720,Low,Ultra,Ultra,TAA,Off,-1,80.9
GenshinImpact,12000,7800,2500,28200,18100,7500,2560,1440,Low,Medium,Low,Off,On,0,118.6
RocketLeague,11000,7000,2500,19700,14000,4000,2560,1440,Ultra,High,Low,Off,On,0,90.1
RedDeadRedemption2,17800,11000,3500,29000,17500,4000,1920,1080,Low,High,Low,Off,Off,0,79.4
AssassinsCreed,17800,11000,3500,22500,26500,4000,1920,1080,Medium,Ultra,Low,Off,Off,0,101.1
TheWitcher3,14200,9000,2500,19700,18100,6000,1920,1080,Medium,High,Ultra,TAA,Off,1,118.1
GTA_V,10000,6500,2500,17800,14000,2500,1920,1080,High,Low,Ultra,TAA,Off,1,120.4
ApexLegends,14200,9000,2500,19700,24500,4000,1920,1080,High,Medium,High,FXAA,On,0,143.8
RainbowSixSiege,14200,9000,2500,17800,18100,2500,1920,1080,Low,Low,Ultra,Off,On,0,200.6
LeagueOfLegends,8000,4500,2500,25200,17500,3500,1920,1080,High,Medium,Low,TAA,Off,0,347.8
ApexLegends,14200,9000,2500,14200,9000,4000,1920,1080,Low,Medium,Medium,FXAA,Off,-1,100.9
TheWitcher3,14200,9000,2500,14200,11000,2500,2560,1440,Ultra,Low,Low,FXAA,Off,0,31.1
Valorant,8000,5000,2500,25200,17500,4000,1920,1080,High,Ultra,Ultra,Off,On,0,387.6
AssassinsCreed,17800,11000,3500,22500,14000,2500,3840,2160,High,High,Low,FXAA,Off,1,21.6
SpiderMan,17800,11000,3500,22500,18100,4000,1920,1080,Ultra,Medium,Medium,Off,On,-1,50.5
Overwatch,12000,8000,2500,34900,24500,4000,1920,1080,Medium,Low,Low,Off,On,1,290.2
AssassinsCreed,17800,11000,3500,17800,17500,5500,1920,1080,High,Ultra,Low,Off,On,1,74.5
HorizonZeroDawn,17800,11000,3500,22500,18100,2500,1920,1080,Medium,Ultra,Ultra,Off,On,-1,50.6
AssassinsCreed,17800,11000,3500,25200,11000,6000,1920,1080,High,Ultra,Ultra,TAA,Off,1,52.0
Warzone,17800,13000,3500,19700,26500,7500,1920,1080,Low,Low,Low,TAA,On,0,126.8
TheWitcher3,14200,9000,2500,25200,11000,3500,1920,1080,High,High,High,FXAA,On,0,73.3
SpiderMan,17800,11000,3500,28200,11000,6000,2560,1440,Low,High,High,TAA,On,1,65.6
RocketLeague,11000,7000,2500,25200,18100,6000,1920,1080,Medium,Ultra,Ultra,FXAA,Off,0,229.3
Warzone,17800,13000,3500,17800,24500,2500,2560,1440,Medium,Medium,High,FXAA,Off,0,50.0
Fortnite,12000,7500,2500,29000,9000,6000,2560,1440,Medium,Ultra,Low,TAA,On,1,104.1
Minecraft,8000,4000,2500,29000,18100,7500,1920,1080,Low,Medium,Medium,TAA,On,0,288.2
TheWitcher3,14200,9000,2500,25200,24500,6000,1920,1080,Ultra,Medium,High,TAA,On,0,91.3
PUBG,14200,9000,2500,17800,14000,3500,1280,720,Medium,Ultra,Low,FXAA,Off,1,144.6
RocketLeague,11000,7000,2500,19700,17500,4000,1920,1080,Ultra,High,Low,FXAA,Off,-1,132.5
GenshinImpact,12000,7800,2500,28200,38500,6000,1920,1080,High,Ultra,Low,Off,Off,0,115.9
RedDeadRedemption2,17800,11000,3500,25200,14000,4000,2560,1440,Ultra,Ultra,Low,Off,Off,1,20.6
Fortnite,12000,7500,2500,19700,26500,2500,1280,720,Ultra,Medium,Low,TAA,Off,0,197.1
HorizonZeroDawn,17800,11000,3500,14200,26500,4000,1920,1080,Low,Ultra,Low,FXAA,On,0,101.1
CS_GO,9000,5500,2500,34900,9000,6000,1920,1080,Medium,Medium,Medium,TAA,On,0,374.9
Fortnite,12000,7500,2500,28200,14000,7500,2560,1440,High,Ultra,Medium,TAA,Off,1,109.7
ApexLegends,14200,9000,2500,25200,18100,3500,1280,720,Ultra,Medium,Medium,TAA,On,0,131.9
GenshinImpact,12000,7800,2500,17800,9000,4000,1920,1080,Ultra,High,Low,TAA,On,0,64.2
EldenRing,14200,9000,3500,29000,14000,5500,3840,2160,Medium,Low,Medium,Off,On,0,42.6
RainbowSixSiege,14200,9000,2500,25200,14000,2500,1920,1080,Medium,Ultra,Medium,TAA,On,-1,106.6
PUBG,14200,9000,2500,28200,11000,3500,1920,1080,Ultra,Low,Low,FXAA,Off,-1,65.1
GTA_V,10000,6500,2500,25200,24500,6000,1920,1080,Medium,Ultra,Medium,TAA,Off,0,179.6
AssassinsCreed,17800,11000,3500,22500,14000,3500,2560,1440,High,Low,Low,FXAA,On,0,40.4
Overwatch,12000,8000,2500,19700,17500,3500,1920,1080,Low,Medium,Low,TAA,Off,1,275.9
Cyberpunk2077,14200,9000,2500,14200,17500,2500,1920,1080,Low,Ultra,Low,FXAA,Off,0,82.3
GenshinImpact,12000,7800,2500,14200,11000,4000,1920,1080,Ultra,Medium,High,FXAA,Off,1,76.6
Minecraft,8000,4000,2500,25200,17500,4000,2560,1440,High,Low,High,TAA,On,0,257.1
Destiny2,14200,9000,2500,17800,11000,5500,2560,1440,High,Ultra,Low,TAA,On,-1,43.2
Warzone,17800,13000,3500,17800,17500,4000,3840,2160,Ultra,Low,Ultra,FXAA,Off,1,16.1
Overwatch,12000,8000,2500,25200,26500,2500,2560,1440,Medium,High,High,Off,On,1,189.1
EldenRing,14200,9000,3500,25200,18100,7500,1280,720,Medium,Low,Low,FXAA,On,0,119.4
AssassinsCreed,17800,11000,3500,34900,17500,3500,1280,720,Ultra,Low,Medium,Off,On,0,87.4
Fortnite,12000,7500,2500,19700,9000,4000,1920,1080,High,Medium,High,TAA,On,0,101.0
Overwatch,12000,8000,2500,17800,14000,5500,1280,720,Medium,Medium,High,Off,On,1,281.7
Warzone,17800,13000,3500,28200,26500,3500,1920,1080,Ultra,High,Medium,FXAA,On,1,59.4
CS_GO,9000,5500,2500,19700,17500,4000,2560,1440,Medium,Ultra,High,Off,On,0,252.3
GTA_V,10000,6500,2500,28200,18100,3500,1920,1080,High,Ultra,Ultra,TAA,Off,0,134.3
TheWitcher3,14200,9000,2500,17800,17500,2500,1280,720,Medium,High,High,FXAA,On,0,130.8
ApexLegends,14200,9000,2500,28200,38500,6000,2560,1440,Ultra,Low,High,TAA,Off,1,126.4
Overwatch,12000,8000,2500,29000,14000,3500,2560,1440,Low,Ultra,Medium,Off,Off,1,172.1
Cyberpunk2077,14200,9000,2500,19700,18100,2500,1280,720,Medium,Low,Low,Off,On,1,115.4
AssassinsCreed,17800,11000,3500,25200,24500,4000,2560,1440,Medium,Medium,Low,TAA,Off,0,68.1
Destiny2,14200,9000,2500,17800,14000,2500,1920,1080,High,Low,Low,FXAA,Off,0,100.2
Valorant,8000,5000,2500,22500,18100,3500,1920,1080,Medium,Ultra,High,Off,On,0,396.6
Overwatch,12000,8000,2500,29000,17500,3500,1920,1080,Low,Medium,Ultra,Off,On,0,282.5
RainbowSixSiege,14200,9000,2500,19700,14000,3500,3840,2160,Low,High,High,Off,Off,-1,57.4
EldenRing,14200,9000,3500,34900,26500,3500,1920,1080,Low,Ultra,Medium,FXAA,Off,0,118.5
Minecraft,8000,4000,2500,25200,18100,4000,1280,720,Medium,Low,Ultra,FXAA,On,1,298.6
LeagueOfLegends,8000,4500,2500,17800,14000,5500,1920,1080,Low,High,Low,FXAA,On,0,333.3
Cyberpunk2077,14200,9000,2500,29000,24500,4000,1920,1080,High,Low,Medium,TAA,On,0,90.5
RocketLeague,11000,7000,2500,22500,18100,6000,1920,1080,Ultra,Low,Medium,FXAA,Off,-1,168.0
GTA_V,10000,6500,2500,28200,18100,5500,2560,1440,High,Low,Ultra,Off,Off,0,118.7
Warzone,17800,13000,3500,22500,24500,3500,1920,1080,Ultra,Low,High,Off,Off,0,60.7
Minecraft,8000,4000,2500,28200,26500,3500,2560,1440,Low,High,Low,FXAA,Off,0,289.8
Warzone,17800,13000,3500,28200,18100,2500,2560,1440,Ultra,Low,High,FXAA,On,1,33.6
Cyberpunk2077,14200,9000,2500,19700,38500,2500,2560,1440,Low,High,Ultra,Off,Off,0,98.4
RedDeadRedemption2,17800,11000,3500,22500,38500,3500,1920,1080,Low,Low,Low,FXAA,Off,-1,103.0
RainbowSixSiege,14200,9000,2500,25200,11000,5500,1920,1080,High,Medium,High,FXAA,Off,0,131.6
CS_GO,9000,5500,2500,22500,24500,3500,2560,1440,Ultra,Low,High,TAA,Off,0,219.8
GTA_V,10000,6500,2500,25200,18100,6000,1920,1080,Ultra,Medium,Medium,TAA,On,1,130.4
GTA_V,10000,6500,2500,29000,38500,7500,1920,1080,High,Medium,Medium,FXAA,On,0,169.7
RainbowSixSiege,14200,9000,2500,17800,26500,3500,3840,2160,Low,High,Medium,Off,On,0,99.0
PUBG,14200,9000,2500,14200,14000,2500,2560,1440,Medium,Medium,High,Off,Off,0,59.7
EldenRing,14200,9000,3500,25200,24500,3500,1280,720,Low,Ultra,Ultra,Off,On,-1,113.8
SpiderMan,17800,11000,3500,25200,17500,3500,1920,1080,Ultra,Ultra,Medium,TAA,Off,-1,41.6
ApexLegends,14200,9000,2500,25200,18100,4000,3840,2160,Medium,Ultra,Ultra,Off,On,0,49.7
GTA_V,10000,6500,2500,14200,26500,2500,1280,720,Medium,Ultra,High,FXAA,Off,1,171.5
ApexLegends,14200,9000,2500,25200,17500,2500,1920,1080,Ultra,Ultra,Low,FXAA,On,-1,72.4
SpiderMan,17800,11000,3500,25200,14000,3500,2560,1440,Medium,Low,Ultra,Off,Off,1,59.0
HorizonZeroDawn,17800,11000,3500,14200,17500,3500,2560,1440,High,High,Ultra,FXAA,Off,0,34.9
Minecraft,8000,4000,2500,19700,11000,2500,2560,1440,Ultra,Low,High,FXAA,On,0,138.1
TheWitcher3,14200,9000,2500,22500,17500,3500,2560,1440,Medium,Ultra,Ultra,TAA,Off,0,53.3
EldenRing,14200,9000,3500,14200,18100,4000,1920,1080,Ultra,Low,Medium,TAA,On,1,68.7
Valorant,8000,5000,2500,25200,17500,6000,1920,1080,Low,Low,Low,Off,Off,1,393.5
RedDeadRedemption2,17800,11000,3500,17800,18100,2500,1920,1080,High,Low,Ultra,FXAA,On,0,39.9
Destiny2,14200,9000,2500,19700,24500,4000,1920,1080,High,Medium,Medium,FXAA,Off,-1,117.8
EldenRing,14200,9000,3500,17800,26500,5500,1920,1080,Medium,High,Ultra,TAA,Off,0,118.0
Destiny2,14200,9000,2500,14200,26500,3500,1920,1080,Medium,Ultra,Ultra,TAA,On,1,130.8
LeagueOfLegends,8000,4500,2500,28200,14000,3500,1920,1080,Ultra,High,Low,FXAA,Off,0,299.3
RedDeadRedemption2,17800,11000,3500,34900,24500,5500,1920,1080,High,High,High,FXAA,Off,1,66.9
EldenRing,14200,9000,3500,25200,26500,4000,3840,2160,Ultra,Low,Ultra,TAA,Off,0,32.1
ApexLegends,14200,9000,2500,19700,18100,3500,1280,720,Medium,High,High,Off,On,0,213.1
Warzone,17800,13000,3500,22500,11000,4000,2560,1440,Low,Low,Low,FXAA,Off,0,50.0
Overwatch,12000,8000,2500,22500,18100,5500,3840,2160,Medium,Medium,Ultra,FXAA,Off,0,76.7
EldenRing,14200,9000,3500,29000,24500,2500,1920,1080,Ultra,Low,Medium,TAA,Off,0,88.7
RedDeadRedemption2,17800,11000,3500,34900,18100,6000,1280,720,Ultra,Medium,Low,FXAA,On,0,61.4
Warzone,17800,13000,3500,19700,26500,4000,1920,1080,Ultra,High,Medium,FXAA,Off,-1,47.3
Valorant,8000,5000,2500,19700,38500,3500,1920,1080,Ultra,High,Medium,TAA,Off,1,384.5
CS_GO,9000,5500,2500,34900,17500,4000,2560,1440,High,Ultra,Low,TAA,Off,1,270.8
GenshinImpact,12000,7800,2500,22500,11000,4000,1920,1080,High,Low,High,TAA,On,0,98.5
CS_GO,9000,5500,2500,29000,11000,6000,1920,1080,High,High,Low,TAA,On,0,339.8
Overwatch,12000,8000,2500,25200,9000,6000,1920,1080,Ultra,High,Low,Off,Off,1,128.1
Cyberpunk2077,14200,9000,2500,29000,14000,3500,1920,1080,Ultra,Medium,Ultra,TAA,On,1,46.8
LeagueOfLegends,8000,4500,2500,14200,14000,4000,1920,1080,Medium,High,Low,FXAA,Off,0,349.0
TheWitcher3,14200,9000,2500,19700,11000,4000,2560,1440,Medium,Ultra,High,FXAA,On,-1,38.6
Overwatch,12000,8000,2500,25200,26500,4000,2560,1440,Low,Medium,Low,Off,On,0,242.2
LeagueOfLegends,8000,4500,2500,28200,18100,3500,1280,720,Low,Ultra,Ultra,TAA,Off,-1,341.5
CS_GO,9000,5500,2500,25200,14000,4000,1920,1080,Low,Medium,Low,TAA,On,0,375.6
RedDeadRedemption2,17800,11000,3500,14200,38500,3500,2560,1440,High,High,High,TAA,Off,-1,34.7
CS_GO,9000,5500,2500,28200,17500,3500,1920,1080,Ultra,Low,Medium,Off,Off,1,387.7
EldenRing,14200,9000,3500,14200,26500,3500,2560,1440,Low,High,Medium,FXAA,Off,0,107.8
Warzone,17800,13000,3500,22500,11000,5500,3840,2160,Low,High,High,TAA,On,-1,20.7
SpiderMan,17800,11000,3500,25200,14000,3500,1920,1080,Ultra,Low,Medium,FXAA,On,0,50.2
Fortnite,12000,7500,2500,25200,17500,5500,1280,720,High,High,Low,Off,Off,1,225.7
AssassinsCreed,17800,11000,3500,22500,11000,4000,1280,720,Ultra,Medium,Medium,FXAA,Off,0,59.4
AssassinsCreed,17800,11000,3500,25200,17500,4000,1920,1080,Ultra,Low,Medium,TAA,On,1,57.6
Destiny2,14200,9000,2500,22500,18100,6000,1920,1080,Low,Low,Low,FXAA,On,0,185.6
Valorant,8000,5000,2500,17800,14000,6000,2560,1440,Low,Low,Ultra,Off,On,0,383.7
LeagueOfLegends,8000,4500,2500,17800,24500,2500,1920,1080,Ultra,High,Ultra,Off,On,0,329.1
Cyberpunk2077,14200,9000,2500,19700,18100,2500,2560,1440,Ultra,Medium,Low,TAA,Off,0,30.8
HorizonZeroDawn,17800,11000,3500,22500,18100,2500,1920,1080,Medium,Ultra,Ultra,FXAA,On,0,57.7
EldenRing,14200,9000,3500,34900,17500,3500,1920,1080,High,Ultra,Low,Off,On,1,111.7
Valorant,8000,5000,2500,19700,17500,5500,1920,1080,High,Medium,High,TAA,Off,0,371.4
AssassinsCreed,17800,11000,3500,19700,17500,3500,1920,1080,Medium,Medium,Low,TAA,On,0,76.3
Valorant,8000,5000,2500,28200,18100,2500,1920,1080,Medium,Low,Medium,Off,Off,0,377.9
Destiny2,14200,9000,2500,19700,14000,2500,1920,1080,Medium,Medium,Medium,Off,On,0,116.9
ApexLegends,14200,9000,2500,19700,11000,2500,1280,720,High,Ultra,Medium,Off,On,1,128.1
RainbowSixSiege,14200,9000,2500,25200,18100,5500,1280,720,Medium,High,Low,FXAA,On,0,266.4
EldenRing,14200,9000,3500,19700,17500,5500,3840,2160,Medium,High,Low,FXAA,On,-1,34.6
GenshinImpact,12000,7800,2500,19700,11000,3500,1920,1080,Medium,Medium,High,TAA,Off,0,109.4
LeagueOfLegends,8000,4500,2500,14200,11000,4000,2560,1440,High,High,High,Off,Off,1,197.1
TheWitcher3,14200,9000,2500,17800,18100,7500,2560,1440,Ultra,Medium,Ultra,TAA,Off,0,44.1
PUBG,14200,9000,2500,34900,14000,6000,1920,1080,Medium,Medium,High,TAA,Off,0,138.5
LeagueOfLegends,8000,4500,2500,34900,18100,6000,1920,1080,Medium,Low,Low,FXAA,Off,0,330.8
TheWitcher3,14200,9000,2500,28200,18100,2500,1920,1080,Low,High,High,TAA,Off,1,133.6
Overwatch,12000,8000,2500,28200,17500,7500,2560,1440,Medium,Low,Low,TAA,On,1,204.5
GTA_V,10000,6500,2500,28200,11000,2500,1920,1080,Low,Ultra,High,TAA,On,1,171.8
Overwatch,12000,8000,2500,19700,17500,2500,1920,1080,High,Ultra,High,FXAA,On,0,132.4
CS_GO,9000,5500,2500,25200,17500,4000,1920,1080,Low,High,Low,TAA,On,-1,373.8
RainbowSixSiege,14200,9000,2500,19700,18100,4000,2560,1440,High,High,Medium,Off,Off,0,99.1
Destiny2,14200,9000,2500,17800,14000,3500,2560,1440,Low,Low,Low,FXAA,Off,1,114.0
RainbowSixSiege,14200,9000,2500,14200,26500,2500,2560,1440,Low,Medium,Low,TAA,On,1,184.4
PUBG,14200,9000,2500,17800,11000,3500,2560,1440,Medium,High,Medium,Off,Off,0,58.8
HorizonZeroDawn,17800,11000,3500,34900,24500,5500,1280,720,Ultra,Medium,Medium,TAA,On,0,92.9
ApexLegends,14200,9000,2500,17800,24500,3500,1920,1080,Low,High,Medium,TAA,On,1,220.1
Warzone,17800,13000,3500,17800,17500,7500,2560,1440,Low,High,Ultra,FXAA,On,1,61.9
Overwatch,12000,8000,2500,28200,18100,3500,1920,1080,High,High,Ultra,TAA,On,-1,145.4
ApexLegends,14200,9000,2500,29000,14000,5500,2560,1440,Ultra,High,Ultra,TAA,Off,0,58.3
Overwatch,12000,8000,2500,34900,14000,4000,1920,1080,Low,Medium,Medium,FXAA,On,-1,246.8
RedDeadRedemption2,17800,11000,3500,22500,18100,5500,2560,1440,Low,Ultra,Low,TAA,Off,1,48.3
Warzone,17800,13000,3500,25200,11000,3500,1280,720,Low,High,Low,Off,On,0,104.5
GTA_V,10000,6500,2500,29000,9000,6000,1280,720,High,Ultra,High,TAA,On,0,148.6
Overwatch,12000,8000,2500,19700,24500,4000,1920,1080,Ultra,Medium,Ultra,TAA,On,1,153.5
AssassinsCreed,17800,11000,3500,19700,26500,4000,1920,1080,Low,Ultra,Medium,FXAA,On,1,118.4
PUBG,14200,9000,2500,34900,17500,3500,3840,2160,Medium,Medium,Medium,Off,On,1,59.4
Fortnite,12000,7500,2500,25200,26500,7500,1920,1080,Low,Ultra,Low,FXAA,Off,-1,228.6
EldenRing,14200,9000,3500,28200,11000,3500,2560,1440,Ultra,Medium,Ultra,FXAA,On,0,36.5
RainbowSixSiege,14200,9000,2500,22500,17500,4000,1920,1080,Low,High,Low,TAA,On,-1,187.9
GenshinImpact,12000,7800,2500,14200,38500,3500,2560,1440,Low,Medium,Medium,FXAA,Off,-1,119.6
HorizonZeroDawn,17800,11000,3500,14200,24500,3500,1920,1080,Low,Low,Medium,Off,On,0,117.8
HorizonZeroDawn,17800,11000,3500,22500,11000,4000,2560,1440,Low,Medium,Low,Off,Off,1,59.5
GenshinImpact,12000,7800,2500,19700,14000,3500,1920,1080,Medium,High,Medium,TAA,Off,1,119.8
Warzone,17800,13000,3500,22500,17500,4000,1920,1080,Ultra,Low,Ultra,FXAA,On,0,43.2
GTA_V,10000,6500,2500,22500,18100,3500,1920,1080,Medium,Ultra,Ultra,Off,Off,0,153.3
Cyberpunk2077,14200,9000,2500,17800,14000,4000,1920,1080,High,Medium,Low,FXAA,Off,0,59.5
AssassinsCreed,17800,11000,3500,17800,24500,7500,2560,1440,High,High,High,FXAA,On,1,64.0
Fortnite,12000,7500,2500,22500,26500,2500,2560,1440,Ultra,Ultra,Ultra,TAA,Off,1,83.7
Warzone,17800,13000,3500,28200,18100,4000,1920,1080,High,High,Medium,Off,Off,1,73.2
Overwatch,12000,8000,2500,29000,17500,4000,2560,1440,High,Ultra,Low,Off,On,1,126.8
Overwatch,12000,8000,2500,22500,18100,3500,1920,1080,High,Ultra,Medium,Off,Off,-1,140.5
Warzone,17800,13000,3500,34900,24500,4000,2560,1440,High,Low,Ultra,TAA,On,0,49.1
EldenRing,14200,9000,3500,14200,9000,4000,3840,2160,Medium,Low,Low,TAA,Off,0,25.2
Destiny2,14200,9000,2500,17800,18100,4000,1920,1080,Medium,Ultra,Ultra,Off,On,-1,91.7
TheWitcher3,14200,9000,2500,28200,17500,6000,1280,720,Medium,Low,High,FXAA,Off,1,140.3
GTA_V,10000,6500,2500,34900,14000,3500,2560,1440,High,Low,Ultra,FXAA,On,0,105.1
Minecraft,8000,4000,2500,34900,9000,4000,1920,1080,Low,Low,Low,FXAA,Off,0,285.8
Overwatch,12000,8000,2500,25200,17500,4000,1920,1080,Low,Ultra,High,FXAA,Off,0,233.5
GTA_V,10000,6500,2500,19700,26500,6000,1920,1080,High,Medium,High,FXAA,Off,1,175.3
GenshinImpact,12000,7800,2500,22500,24500,4000,2560,1440,Medium,Medium,Low,Off,On,0,118.6
TheWitcher3,14200,9000,2500,22500,18100,2500,1920,1080,Ultra,Low,Ultra,TAA,On,-1,54.4
EldenRing,14200,9000,3500,14200,18100,6000,1920,1080,Medium,Low,High,TAA,On,0,105.5
RedDeadRedemption2,17800,11000,3500,19700,18100,6000,1920,1080,Medium,Low,Medium,Off,Off,0,69.4
Overwatch,12000,8000,2500,29000,38500,6000,1920,1080,Ultra,Medium,Low,FXAA,On,-1,218.4
Overwatch,12000,8000,2500,28200,17500,2500,2560,1440,High,Low,High,TAA,Off,1,136.1
Cyberpunk2077,14200,9000,2500,28200,18100,3500,1920,1080,Low,Ultra,Low,FXAA,Off,0,97.0
GTA_V,10000,6500,2500,34900,17500,6000,1280,720,Ultra,Ultra,Ultra,Off,Off,1,168.6
CS_GO,9000,5500,2500,28200,17500,4000,1920,1080,Ultra,Low,Ultra,FXAA,Off,0,299.6
Destiny2,14200,9000,2500,29000,18100,4000,1920,1080,Medium,Low,Medium,Off,On,0,170.4
Destiny2,14200,9000,2500,28200,24500,5500,2560,1440,High,Medium,Low,Off,On,0,114.9
Fortnite,12000,7500,2500,22500,17500,2500,2560,1440,Ultra,Ultra,Medium,Off,On,0,63.8
LeagueOfLegends,8000,4500,2500,22500,17500,5500,1920,1080,Low,Ultra,Ultra,TAA,Off,0,327.6
Valorant,8000,5000,2500,17800,26500,4000,1920,1080,Ultra,Ultra,High,TAA,Off,0,353.3
Cyberpunk2077,14200,9000,2500,29000,14000,3500,1920,1080,Low,Ultra,Medium,Off,Off,-1,79.1
GTA_V,10000,6500,2500,19700,18100,3500,1280,720,Ultra,Medium,High,TAA,On,1,165.9
Cyberpunk2077,14200,9000,2500,28200,17500,5500,2560,1440,Medium,High,Ultra,Off,On,0,56.4
RedDeadRedemption2,17800,11000,3500,19700,14000,3500,1920,1080,Low,Medium,Medium,FXAA,Off,1,67.7
Valorant,8000,5000,2500,28200,17500,5500,1920,1080,Ultra,Low,Ultra,TAA,Off,-1,309.9
EldenRing,14200,9000,3500,22500,17500,4000,1920,1080,Low,High,Ultra,Off,Off,1,116.2
RedDeadRedemption2,17800,11000,3500,19700,18100,3500,1920,1080,Low,Low,Low,FXAA,On,1,82.4
HorizonZeroDawn,17800,11000,3500,34900,17500,3500,1280,720,Medium,Medium,Low,Off,On,0,129.6
SpiderMan,17800,11000,3500,25200,18100,4000,1920,1080,Ultra,High,Low,TAA,Off,1,61.9
ApexLegends,14200,9000,2500,19700,18100,7500,1920,1080,Ultra,Medium,Medium,FXAA,Off,-1,92.8
Valorant,8000,5000,2500,17800,14000,3500,1920,1080,Medium,Low,Low,Off,On,-1,383.0
Valorant,8000,5000,2500,14200,24500,5500,1920,1080,Low,Medium,High,Off,On,-1,396.2
TheWitcher3,14200,9000,2500,19700,18100,3500,2560,1440,Low,High,High,TAA,Off,0,77.5
LeagueOfLegends,8000,4500,2500,22500,26500,3500,1920,1080,High,Low,Medium,Off,On,1,334.5
HorizonZeroDawn,17800,11000,3500,28200,17500,4000,1280,720,Medium,High,Ultra,FXAA,Off,-1,87.3
Cyberpunk2077,14200,9000,2500,14200,11000,3500,1920,1080,Medium,Ultra,Medium,Off,On,0,53.2
Valorant,8000,5000,2500,25200,11000,4000,3840,2160,Medium,High,Ultra,FXAA,Off,1,169.7
Minecraft,8000,4000,2500,22500,11000,3500,1920,1080,Ultra,Medium,High,FXAA,On,0,221.7
SpiderMan,17800,11000,3500,25200,17500,3500,2560,1440,Ultra,Medium,High,TAA,On,0,35.3
Fortnite,12000,7500,2500,25200,11000,4000,1920,1080,Medium,Medium,Medium,Off,On,0,175.0
EldenRing,14200,9000,3500,29000,11000,4000,1920,1080,High,Ultra,Medium,FXAA,Off,-1,61.5
Fortnite,12000,7500,2500,19700,24500,5500,3840,2160,Medium,Medium,Ultra,TAA,Off,0,76.7
ApexLegends,14200,9000,2500,19700,24500,5500,1920,1080,Medium,Low,Ultra,TAA,Off,1,207.1
PUBG,14200,9000,2500,22500,11000,4000,3840,2160,Medium,High,Ultra,Off,On,0,32.4
SpiderMan,17800,11000,3500,22500,17500,4000,1920,1080,Low,Medium,High,Off,On,-1,98.0
AssassinsCreed,17800,11000,3500,22500,38500,4000,1920,1080,High,Medium,High,FXAA,Off,0,117.7
Overwatch,12000,8000,2500,19700,18100,3500,2560,1440,High,High,Low,FXAA,On,1,119.9
ApexLegends,14200,9000,2500,19700,14000,3500,1920,1080,Low,Ultra,High,FXAA,Off,0,137.0
Valorant,8000,5000,2500,22500,24500,5500,1920,1080,Ultra,Low,High,TAA,On,-1,386.4
Warzone,17800,13000,3500,17800,14000,3500,2560,1440,Low,High,Low,TAA,Off,-1,36.6
Destiny2,14200,9000,2500,28200,26500,2500,3840,2160,High,Ultra,Ultra,FXAA,On,0,41.6
EldenRing,14200,9000,3500,29000,17500,5500,3840,2160,Medium,High,High,Off,Off,1,48.5
HorizonZeroDawn,17800,11000,3500,14200,18100,2500,2560,1440,Medium,Medium,Medium,TAA,On,-1,35.7
TheWitcher3,14200,9000,2500,22500,18100,5500,1920,1080,Low,Medium,Medium,FXAA,On,0,139.5
TheWitcher3,14200,9000,2500,29000,14000,5500,1920,1080,High,Ultra,High,Off,Off,0,85.9
ApexLegends,14200,9000,2500,22500,18100,5500,1920,1080,Ultra,High,Low,Off,Off,0,112.0
RainbowSixSiege,14200,9000,2500,28200,14000,4000,1920,1080,Low,High,High,TAA,On,0,203.6
EldenRing,14200,9000,3500,25200,11000,4000,1920,1080,Medium,Medium,Ultra,Off,On,0,85.9
LeagueOfLegends,8000,4500,2500,19700,24500,2500,2560,1440,Low,Ultra,High,Off,Off,0,349.5
GenshinImpact,12000,7800,2500,25200,17500,3500,1280,720,Low,Low,Low,TAA,On,0,110.6
TheWitcher3,14200,9000,2500,22500,17500,3500,1920,1080,High,Medium,Medium,Off,Off,-1,87.0
RainbowSixSiege,14200,9000,2500,25200,9000,4000,1920,1080,Ultra,Ultra,Medium,FXAA,Off,0,75.5
RedDeadRedemption2,17800,11000,3500,25200,17500,4000,1280,720,Ultra,High,Medium,Off,Off,1,57.9
Minecraft,8000,4000,2500,19700,18100,4000,2560,1440,Ultra,Low,Low,FXAA,On,1,221.8
CS_GO,9000,5500,2500,28200,26500,5500,3840,2160,High,Low,High,Off,Off,-1,182.4
LeagueOfLegends,8000,4500,2500,28200,14000,5500,1920,1080,High,Medium,Medium,Off,On,0,336.0
RedDeadRedemption2,17800,11000,3500,19700,26500,3500,2560,1440,High,Ultra,Medium,TAA,Off,1,35.5
Minecraft,8000,4000,2500,17800,17500,2500,1920,1080,Medium,Ultra,Medium,FXAA,On,0,290.9
RocketLeague,11000,7000,2500,17800,18100,6000,2560,1440,High,Medium,High,Off,On,1,162.3
RainbowSixSiege,14200,9000,2500,28200,9000,6000,1920,1080,Medium,Ultra,Low,TAA,On,0,142.7
HorizonZeroDawn,17800,11000,3500,22500,18100,3500,1920,1080,Low,Medium,High,TAA,Off,1,103.8
Valorant,8000,5000,2500,28200,24500,3500,1920,1080,High,Low,Ultra,FXAA,On,0,393.3
SpiderMan,17800,11000,3500,28200,18100,2500,1920,1080,High,Ultra,Medium,TAA,On,-1,51.4
GTA_V,10000,6500,2500,14200,14000,3500,1920,1080,High,High,Low,Off,On,0,122.5
Overwatch,12000,8000,2500,28200,17500,2500,1920,1080,High,Low,High,Off,Off,0,206.5
Minecraft,8000,4000,2500,28200,17500,4000,2560,1440,Ultra,Low,High,Off,On,1,234.7
Minecraft,8000,4000,2500,19700,24500,3500,1280,720,Ultra,Ultra,High,Off,Off,1,285.4
TheWitcher3,14200,9000,2500,25200,18100,2500,2560,1440,Ultra,Low,High,FXAA,Off,1,52.5
AssassinsCreed,17800,11000,3500,34900,14000,4000,1280,720,Ultra,High,High,Off,On,1,83.5
Destiny2,14200,9000,2500,28200,17500,3500,3840,2160,Medium,Low,Ultra,TAA,On,0,49.1
Overwatch,12000,8000,2500,25200,14000,5500,3840,2160,Ultra,Medium,Medium,TAA,On,1,50.7
TheWitcher3,14200,9000,2500,29000,17500,4000,1920,1080,High,Low,Ultra,FXAA,Off,1,109.2
EldenRing,14200,9000,3500,25200,26500,7500,1920,1080,Ultra,Ultra,Low,FXAA,On,0,89.4
TheWitcher3,14200,9000,2500,25200,11000,3500,1920,1080,Medium,Ultra,High,FXAA,Off,0,78.2
Overwatch,12000,8000,2500,14200,18100,5500,2560,1440,Low,High,High,Off,On,1,184.3
AssassinsCreed,17800,11000,3500,34900,18100,4000,3840,2160,High,Low,Medium,FXAA,Off,0,30.3
Overwatch,12000,8000,2500,25200,26500,6000,1920,1080,Low,Medium,Low,TAA,On,-1,291.2
RainbowSixSiege,14200,9000,2500,28200,24500,4000,2560,1440,Medium,High,Low,Off,On,0,159.0
SpiderMan,17800,11000,3500,17800,9000,3500,1920,1080,Medium,Medium,High,Off,On,1,64.3
Overwatch,12000,8000,2500,19700,18100,5500,2560,1440,Ultra,High,Medium,FXAA,On,0,89.7
CS_GO,9000,5500,2500,19700,24500,6000,1920,1080,Low,Medium,Medium,FXAA,On,-1,373.2
AssassinsCreed,17800,11000,3500,28200,24500,6000,2560,1440,Medium,Low,Low,TAA,Off,0,76.6
Destiny2,14200,9000,2500,29000,24500,4000,1920,1080,High,Medium,Ultra,Off,Off,-1,127.5
Cyberpunk2077,14200,9000,2500,29000,11000,4000,1920,1080,High,Low,Ultra,FXAA,Off,-1,49.3
GTA_V,10000,6500,2500,19700,26500,4000,1280,720,Low,High,Low,FXAA,On,1,173.9
RedDeadRedemption2,17800,11000,3500,19700,24500,5500,1920,1080,Low,Medium,High,Off,Off,-1,81.2
RedDeadRedemption2,17800,11000,3500,28200,26500,4000,2560,1440,High,Low,Low,TAA,Off,0,42.6
ApexLegends,14200,9000,2500,22500,17500,6000,3840,2160,Ultra,Ultra,High,TAA,Off,-1,25.0
LeagueOfLegends,8000,4500,2500,17800,11000,2500,2560,1440,Low,Low,Ultra,FXAA,On,1,295.5
CS_GO,9000,5500,2500,17800,14000,4000,3840,2160,Medium,Ultra,Ultra,FXAA,Off,1,122.3
CS_GO,9000,5500,2500,19700,17500,3500,2560,1440,Medium,High,Low,FXAA,On,0,284.4
GTA_V,10000,6500,2500,29000,11000,2500,2560,1440,Low,Medium,Medium,FXAA,On,0,119.1
Destiny2,14200,9000,2500,29000,14000,2500,1920,1080,Ultra,Ultra,Ultra,Off,On,0,68.8
Warzone,17800,13000,3500,19700,11000,6000,2560,1440,High,Low,Ultra,TAA,Off,0,30.6
Overwatch,12000,8000,2500,19700,26500,4000,1920,1080,Low,High,High,TAA,On,0,277.6
RedDeadRedemption2,17800,11000,3500,29000,17500,3500,1920,1080,High,Medium,High,FXAA,On,-1,39.6
GTA_V,10000,6500,2500,22500,14000,3500,1920,1080,Low,Low,Ultra,Off,Off,0,171.9
Minecraft,8000,4000,2500,19700,18100,2500,1920,1080,Low,Medium,Ultra,FXAA,On,0,288.8
RocketLeague,11000,7000,2500,29000,14000,2500,2560,1440,Ultra,Low,High,Off,On,0,106.2
LeagueOfLegends,8000,4500,2500,22500,17500,2500,3840,2160,High,High,Medium,FXAA,On,0,130.4
PUBG,14200,9000,2500,17800,18100,3500,1920,1080,Medium,Medium,Ultra,FXAA,Off,-1,100.0
PUBG,14200,9000,2500,19700,14000,7500,2560,1440,Ultra,Ultra,Low,TAA,Off,0,44.4
Valorant,8000,5000,2500,28200,26500,6000,1920,1080,Low,High,Low,Off,On,-1,379.8
RocketLeague,11000,7000,2500,22500,11000,2500,1280,720,Low,Low,Ultra,Off,On,1,284.1
Fortnite,12000,7500,2500,17800,14000,4000,1280,720,Medium,Ultra,Low,FXAA,On,1,216.1
Cyberpunk2077,14200,9000,2500,19700,26500,2500,1280,720,Ultra,Ultra,Low,FXAA,On,1,82.5
SpiderMan,17800,11000,3500,22500,24500,3500,1920,1080,High,Medium,Medium,FXAA,Off,-1,80.9
Minecraft,8000,4000,2500,22500,24500,2500,2560,1440,Low,High,Low,Off,On,1,281.3
SpiderMan,17800,11000,3500,28200,18100,4000,1920,1080,Medium,Medium,Ultra,FXAA,Off,-1,80.0
EldenRing,14200,9000,3500,28200,38500,7500,1920,1080,Medium,Low,Ultra,TAA,On,-1,113.5
Cyberpunk2077,14200,9000,2500,25200,18100,3500,1920,1080,Ultra,Low,Low,Off,On,0,63.1
GTA_V,10000,6500,2500,25200,11000,3500,2560,1440,Medium,Medium,High,FXAA,On,0,94.8
TheWitcher3,14200,9000,2500,17800,17500,6000,2560,1440,Ultra,High,Medium,FXAA,Off,0,47.6
Valorant,8000,5000,2500,29000,17500,4000,2560,1440,High,Ultra,High,FXAA,Off,1,332.8
Minecraft,8000,4000,2500,28200,24500,3500,3840,2160,Medium,Ultra,Ultra,Off,Off,-1,156.1
CS_GO,9000,5500,2500,25200,11000,3500,2560,1440,High,Ultra,High,TAA,Off,1,186.8
AssassinsCreed,17800,11000,3500,22500,26500,3500,1920,1080,Medium,Low,Low,Off,Off,0,122.2
AssassinsCreed,17800,11000,3500,25200,26500,3500,2560,1440,Medium,High,Medium,TAA,On,0,61.9
Fortnite,12000,7500,2500,29000,18100,2500,1280,720,Low,Low,High,FXAA,Off,1,234.3
Warzone,17800,13000,3500,19700,17500,7500,1920,1080,Medium,Ultra,Low,Off,On,0,76.0
LeagueOfLegends,8000,4500,2500,14200,26500,3500,1920,1080,Ultra,Low,Medium,Off,On,0,330.1
Overwatch,12000,8000,2500,17800,14000,4000,1920,1080,Medium,Ultra,Low,FXAA,On,0,167.1
TheWitcher3,14200,9000,2500,22500,11000,5500,1920,1080,High,Medium,Medium,Off,Off,0,84.6
Valorant,8000,5000,2500,19700,17500,2500,1920,1080,Ultra,Low,Medium,TAA,Off,-1,297.7
ApexLegends,14200,9000,2500,22500,38500,3500,1920,1080,Ultra,Low,Medium,FXAA,On,1,183.3
Valorant,8000,5000,2500,34900,14000,2500,3840,2160,Ultra,Medium,Medium,Off,Off,0,140.5
TheWitcher3,14200,9000,2500,28200,17500,2500,3840,2160,Low,Ultra,Ultra,FXAA,On,1,41.6
RedDeadRedemption2,17800,11000,3500,28200,24500,5500,1920,1080,Ultra,Low,High,FXAA,Off,1,55.4
CS_GO,9000,5500,2500,25200,18100,3500,1920,1080,Ultra,Medium,High,TAA,Off,-1,255.4
EldenRing,14200,9000,3500,29000,17500,3500,1920,1080,Medium,Medium,Medium,TAA,Off,-1,96.0
GenshinImpact,12000,7800,2500,25200,17500,5500,1920,1080,High,Medium,Medium,FXAA,Off,1,113.3
EldenRing,14200,9000,3500,28200,38500,3500,2560,1440,Low,Low,High,FXAA,Off,0,113.9
Valorant,8000,5000,2500,34900,24500,2500,2560,1440,High,Low,High,TAA,Off,1,393.0
SpiderMan,17800,11000,3500,17800,26500,5500,2560,1440,Low,High,Low,TAA,Off,1,98.5
ApexLegends,14200,9000,2500,19700,18100,3500,2560,1440,High,Low,Medium,FXAA,Off,0,87.1
Valorant,8000,5000,2500,28200,11000,5500,2560,1440,Ultra,Ultra,Low,Off,Off,0,197.5
GTA_V,10000,6500,2500,22500,24500,3500,1920,1080,Ultra,Low,High,TAA,Off,-1,118.8
GenshinImpact,12000,7800,2500,29000,9000,3500,2560,1440,Ultra,Low,Medium,TAA,On,0,52.8
Cyberpunk2077,14200,9000,2500,19700,14000,7500,1920,1080,High,High,Ultra,FXAA,Off,1,69.4
Cyberpunk2077,14200,9000,2500,29000,11000,4000,1920,1080,Ultra,Ultra,Low,FXAA,On,1,45.7
PUBG,14200,9000,2500,25200,17500,2500,1280,720,Low,Medium,Low,FXAA,Off,-1,190.5
RocketLeague,11000,7000,2500,29000,17500,3500,2560,1440,High,Ultra,Low,FXAA,Off,0,140.7
SpiderMan,17800,11000,3500,25200,14000,3500,1280,720,Ultra,Ultra,High,FXAA,On,0,57.1
Cyberpunk2077,14200,9000,2500,28200,26500,3500,1280,720,Low,Ultra,Medium,Off,On,0,112.8
ApexLegends,14200,9000,2500,22500,9000,3500,2560,1440,Medium,Low,Low,Off,Off,0,86.0
Valorant,8000,5000,2500,22500,17500,5500,1920,1080,Ultra,Ultra,High,TAA,On,0,294.0
LeagueOfLegends,8000,4500,2500,29000,17500,4000,2560,1440,Low,Low,Medium,Off,Off,1,331.7
AssassinsCreed,17800,11000,3500,22500,17500,2500,2560,1440,High,Low,High,Off,On,1,51.7
PUBG,14200,9000,2500,28200,14000,3500,3840,2160,Medium,High,Ultra,FXAA,On,0,35.8
Warzone,17800,13000,3500,29000,17500,2500,2560,1440,Medium,Ultra,Ultra,TAA,Off,1,40.6
Valorant,8000,5000,2500,28200,14000,6000,2560,1440,Ultra,Medium,High,TAA,Off,1,245.1
RocketLeague,11000,7000,2500,19700,11000,4000,1920,1080,Ultra,High,Medium,TAA,Off,-1,93.0
RainbowSixSiege,14200,9000,2500,19700,11000,3500,1920,1080,Medium,Medium,Ultra,TAA,Off,-1,102.5
Destiny2,14200,9000,2500,28200,14000,4000,1920,1080,Low,Ultra,High,FXAA,On,0,147.6
Fortnite,12000,7500,2500,25200,14000,4000,1920,1080,Medium,Ultra,Low,FXAA,On,0,159.7
PUBG,14200,9000,2500,25200,11000,4000,1920,1080,Medium,High,High,TAA,On,0,96.9
Cyberpunk2077,14200,9000,2500,17800,14000,5500,1920,1080,Ultra,Ultra,High,Off,Off,0,40.9
Valorant,8000,5000,2500,25200,17500,2500,1920,1080,Medium,Ultra,High,TAA,Off,0,382.4
HorizonZeroDawn,17800,11000,3500,25200,38500,2500,1920,1080,Medium,Ultra,High,Off,On,-1,100.6
RainbowSixSiege,14200,9000,2500,17800,17500,2500,2560,1440,High,Low,High,FXAA,On,0,91.0
ApexLegends,14200,9000,2500,25200,38500,3500,3840,2160,Medium,Medium,Low,TAA,On,1,100.6
RedDeadRedemption2,17800,11000,3500,25200,18100,4000,1920,1080,Low,Low,Medium,TAA,Off,-1,60.5
LeagueOfLegends,8000,4500,2500,25200,38500,7500,1920,1080,Ultra,High,Ultra,TAA,On,0,333.3
AssassinsCreed,17800,11000,3500,25200,38500,3500,2560,1440,High,Low,Ultra,TAA,Off,0,72.8
RocketLeague,11000,7000,2500,14200,18100,3500,1920,1080,Ultra,Medium,High,Off,On,1,159.0
RainbowSixSiege,14200,9000,2500,22500,18100,4000,2560,1440,Ultra,High,Ultra,Off,Off,0,68.7
HorizonZeroDawn,17800,11000,3500,25200,24500,2500,2560,1440,High,Low,Ultra,TAA,Off,1,52.8
RocketLeague,11000,7000,2500,19700,14000,3500,1280,720,High,High,Low,TAA,On,1,260.9
Valorant,8000,5000,2500,22500,18100,2500,1920,1080,Medium,High,Medium,TAA,Off,-1,391.0
RocketLeague,11000,7000,2500,25200,17500,7500,1920,1080,Ultra,Ultra,High,FXAA,Off,0,160.1
Cyberpunk2077,14200,9000,2500,25200,38500,5500,1920,1080,High,Low,High,TAA,Off,1,115.9
RocketLeague,11000,7000,2500,28200,14000,5500,1920,1080,Ultra,Medium,High,FXAA,Off,-1,133.5
CS_GO,9000,5500,2500,25200,14000,4000,3840,2160,Ultra,Medium,Medium,FXAA,On,1,103.7
Fortnite,12000,7500,2500,29000,17500,3500,1920,1080,Ultra,High,Medium,FXAA,On,0,126.0
EldenRing,14200,9000,3500,28200,17500,5500,1920,1080,Ultra,Ultra,Low,Off,On,0,76.4
Overwatch,12000,8000,2500,28200,14000,5500,1920,1080,High,Low,High,TAA,Off,0,193.0
RocketLeague,11000,7000,2500,29000,26500,5500,2560,1440,High,High,Medium,TAA,On,-1,162.6
Overwatch,12000,8000,2500,28200,17500,5500,1920,1080,Medium,High,Low,FXAA,Off,1,275.8
RainbowSixSiege,14200,9000,2500,29000,26500,4000,3840,2160,High,High,High,FXAA,On,1,72.9
ApexLegends,14200,9000,2500,22500,24500,2500,1920,1080,Medium,Medium,High,Off,On,0,182.8
Valorant,8000,5000,2500,14200,38500,5500,1920,1080,Medium,Ultra,High,TAA,Off,0,370.1
Valorant,8000,5000,2500,28200,26500,7500,1920,1080,High,High,Ultra,FXAA,Off,0,379.9
CS_GO,9000,5500,2500,25200,17500,4000,1920,1080,Medium,Low,Medium,Off,Off,0,370.5
Minecraft,8000,4000,2500,17800,24500,2500,1920,1080,Ultra,Ultra,Medium,TAA,On,1,278.2
TheWitcher3,14200,9000,2500,14200,26500,6000,3840,2160,Medium,Ultra,High,FXAA,Off,0,43.6
LeagueOfLegends,8000,4500,2500,22500,26500,2500,2560,1440,Low,Medium,High,Off,On,-1,334.5
AssassinsCreed,17800,11000,3500,29000,38500,3500,2560,1440,High,Medium,High,TAA,On,0,71.7
RocketLeague,11000,7000,2500,14200,26500,4000,2560,1440,Low,Medium,High,Off,On,1,291.6
ApexLegends,14200,9000,2500,28200,14000,3500,1920,1080,Medium,High,Ultra,FXAA,On,1,142.6
LeagueOfLegends,8000,4500,2500,28200,18100,2500,2560,1440,Low,Ultra,Low,Off,On,-1,326.4
LeagueOfLegends,8000,4500,2500,34900,17500,2500,2560,1440,Low,Ultra,Ultra,TAA,Off,-1,293.3
PUBG,14200,9000,2500,29000,24500,2500,2560,1440,Medium,High,High,FXAA,Off,1,107.7
Fortnite,12000,7500,2500,19700,14000,3500,1920,1080,Ultra,Medium,High,TAA,Off,0,93.8
GTA_V,10000,6500,2500,29000,18100,5500,1920,1080,High,Ultra,Medium,Off,On,-1,142.4
CS_GO,9000,5500,2500,34900,18100,5500,2560,1440,Ultra,Ultra,High,TAA,On,1,205.3
EldenRing,14200,9000,3500,25200,24500,5500,1920,1080,Medium,Ultra,Ultra,FXAA,Off,1,118.1
GTA_V,10000,6500,2500,29000,14000,4000,1920,1080,Medium,High,High,FXAA,Off,1,177.9
RedDeadRedemption2,17800,11000,3500,28200,17500,2500,2560,1440,Low,Low,High,Off,On,-1,40.0
RocketLeague,11000,7000,2500,25200,38500,3500,1920,1080,High,High,Medium,FXAA,Off,0,291.9
Warzone,17800,13000,3500,22500,26500,5500,1920,1080,Low,Low,High,TAA,Off,0,117.1
Valorant,8000,5000,2500,28200,24500,3500,2560,1440,Ultra,Ultra,Medium,FXAA,On,0,269.5
EldenRing,14200,9000,3500,19700,18100,5500,1920,1080,High,Low,High,Off,Off,0,109.5
CS_GO,9000,5500,2500,25200,18100,3500,1920,1080,Ultra,High,Low,Off,On,1,328.5
CS_GO,9000,5500,2500,19700,26500,4000,1920,1080,Medium,Low,Low,Off,On,1,386.9
RocketLeague,11000,7000,2500,14200,24500,4000,3840,2160,Ultra,Medium,Medium,Off,Off,-1,60.0
Fortnite,12000,7500,2500,25200,14000,2500,1920,1080,Low,Ultra,Low,FXAA,On,1,208.4
HorizonZeroDawn,17800,11000,3500,28200,24500,3500,2560,1440,Low,High,Low,TAA,Off,0,79.2
Minecraft,8000,4000,2500,28200,14000,3500,1920,1080,Low,Ultra,Low,TAA,Off,0,293.4
RainbowSixSiege,14200,9000,2500,14200,11000,3500,2560,1440,High,Medium,Ultra,TAA,On,1,62.7
Fortnite,12000,7500,2500,17800,24500,3500,2560,1440,Ultra,Medium,Medium,TAA,Off,0,89.2
Destiny2,14200,9000,2500,28200,14000,4000,1920,1080,Low,Low,Ultra,FXAA,Off,0,170.9
AssassinsCreed,17800,11000,3500,34900,18100,4000,2560,1440,Low,High,Low,Off,Off,-1,71.1
HorizonZeroDawn,17800,11000,3500,34900,18100,5500,2560,1440,High,Ultra,High,FXAA,On,-1,35.4
PUBG,14200,9000,2500,29000,26500,7500,1920,1080,High,High,Low,TAA,On,0,141.8
AssassinsCreed,17800,11000,3500,22500,18100,5500,1920,1080,Medium,Low,Ultra,FXAA,Off,-1,74.2
TheWitcher3,14200,9000,2500,19700,14000,3500,1920,1080,High,High,Ultra,Off,On,0,69.9
Destiny2,14200,9000,2500,17800,18100,2500,2560,1440,Low,Ultra,Medium,Off,On,0,91.8
EldenRing,14200,9000,3500,22500,24500,5500,1920,1080,Low,Ultra,High,TAA,On,0,118.7
Fortnite,12000,7500,2500,22500,9000,4000,2560,1440,Ultra,Medium,Low,TAA,Off,0,57.5
EldenRing,14200,9000,3500,22500,24500,6000,2560,1440,High,Ultra,High,Off,On,-1,59.9
Warzone,17800,13000,3500,17800,18100,3500,1920,1080,High,Medium,Medium,TAA,On,1,60.7
AssassinsCreed,17800,11000,3500,22500,17500,4000,1920,1080,Low,Ultra,Medium,TAA,Off,0,86.9
Warzone,17800,13000,3500,22500,26500,2500,1280,720,Medium,Ultra,High,TAA,Off,0,95.4
RedDeadRedemption2,17800,11000,3500,22500,14000,7500,1920,1080,Low,Medium,Ultra,Off,Off,0,71.2
RedDeadRedemption2,17800,11000,3500,25200,14000,5500,1920,1080,Medium,Medium,Medium,FXAA,Off,1,61.9
HorizonZeroDawn,17800,11000,3500,14200,24500,2500,1920,1080,Low,Ultra,High,FXAA,Off,0,85.1
Warzone,17800,13000,3500,14200,14000,4000,3840,2160,Ultra,High,Medium,Off,Off,0,12.0
Fortnite,12000,7500,2500,17800,9000,4000,1280,720,Ultra,Medium,Ultra,TAA,Off,0,101.4
Warzone,17800,13000,3500,19700,17500,5500,1920,1080,Medium,High,Low,Off,On,-1,65.5
Fortnite,12000,7500,2500,25200,14000,4000,2560,1440,Ultra,Ultra,Low,TAA,On,0,59.3
EldenRing,14200,9000,3500,22500,17500,4000,1920,1080,Ultra,Ultra,Ultra,TAA,On,-1,45.6
SpiderMan,17800,11000,3500,19700,24500,7500,1920,1080,Ultra,Medium,Low,FXAA,On,0,72.8
GenshinImpact,12000,7800,2500,28200,18100,3500,1920,1080,Medium,Medium,Ultra,TAA,Off,-1,117.7
Fortnite,12000,7500,2500,25200,17500,5500,1920,1080,High,Medium,Medium,Off,Off,1,218.7
GTA_V,10000,6500,2500,22500,11000,3500,2560,1440,High,Medium,High,FXAA,Off,0,74.1
Fortnite,12000,7500,2500,29000,17500,4000,1920,1080,High,High,High,Off,Off,1,190.7
RedDeadRedemption2,17800,11000,3500,25200,11000,2500,3840,2160,Low,Medium,High,FXAA,Off,-1,15.1
RainbowSixSiege,14200,9000,2500,29000,38500,4000,3840,2160,Ultra,Ultra,Medium,TAA,Off,0,57.9
PUBG,14200,9000,2500,22500,17500,3500,1920,1080,High,Low,Ultra,Off,On,-1,85.7
Minecraft,8000,4000,2500,25200,26500,3500,1920,1080,Medium,Ultra,High,Off,On,0,290.6
ApexLegends,14200,9000,2500,34900,17500,7500,2560,1440,Medium,Ultra,Medium,Off,On,0,116.0
SpiderMan,17800,11000,3500,25200,17500,5500,2560,1440,Ultra,Medium,Medium,FXAA,On,1,43.2
Cyberpunk2077,14200,9000,2500,29000,26500,6000,1280,720,Ultra,High,High,FXAA,On,0,99.6
Overwatch,12000,8000,2500,19700,14000,6000,1920,1080,High,Medium,Medium,TAA,Off,0,159.6
Destiny2,14200,9000,2500,19700,14000,4000,2560,1440,Low,High,Low,Off,Off,0,97.7
HorizonZeroDawn,17800,11000,3500,28200,14000,4000,2560,1440,High,Low,High,FXAA,On,0,41.3
LeagueOfLegends,8000,4500,2500,25200,17500,4000,2560,1440,Low,High,Low,Off,Off,0,324.5
AssassinsCreed,17800,11000,3500,28200,24500,4000,1920,1080,Low,High,Ultra,FXAA,On,0,125.0
HorizonZeroDawn,17800,11000,3500,28200,9000,5500,3840,2160,Low,Ultra,Low,FXAA,On,1,27.3
TheWitcher3,14200,9000,2500,14200,24500,4000,3840,2160,Ultra,Low,Low,Off,Off,-1,26.8
Warzone,17800,13000,3500,17800,11000,5500,1920,1080,Low,Ultra,Low,TAA,Off,0,59.7
GenshinImpact,12000,7800,2500,22500,18100,3500,2560,1440,Medium,Low,Low,TAA,On,1,112.2
Valorant,8000,5000,2500,28200,17500,4000,1920,1080,Medium,Medium,Low,Off,On,0,388.2
Minecraft,8000,4000,2500,28200,17500,2500,1920,1080,Medium,Medium,Medium,TAA,Off,0,298.4
EldenRing,14200,9000,3500,34900,17500,4000,3840,2160,High,Ultra,Medium,Off,Off,1,38.3
EldenRing,14200,9000,3500,25200,11000,4000,1920,1080,Ultra,Medium,Medium,TAA,Off,0,54.9
SpiderMan,17800,11000,3500,34900,26500,2500,1280,720,Medium,High,High,Off,On,0,134.7
RedDeadRedemption2,17800,11000,3500,17800,17500,2500,1920,1080,Ultra,Medium,High,Off,On,-1,26.9
LeagueOfLegends,8000,4500,2500,25200,18100,4000,1920,1080,Low,High,Low,Off,Off,0,324.4
AssassinsCreed,17800,11000,3500,22500,38500,4000,2560,1440,Ultra,High,Medium,TAA,Off,1,58.1
Minecraft,8000,4000,2500,28200,14000,3500,2560,1440,Medium,Ultra,Medium,FXAA,Off,-1,216.1
Minecraft,8000,4000,2500,28200,11000,3500,3840,2160,High,Ultra,High,TAA,Off,0,89.5
GenshinImpact,12000,7800,2500,28200,26500,4000,1920,1080,Ultra,High,Low,Off,On,0,113.3
Warzone,17800,13000,3500,22500,11000,3500,1920,1080,Ultra,Low,Low,TAA,On,-1,29.1
TheWitcher3,14200,9000,2500,22500,17500,4000,1920,1080,Ultra,Ultra,Medium,Off,Off,0,61.4
CS_GO,9000,5500,2500,14200,38500,3500,1920,1080,Ultra,Ultra,Ultra,Off,On,0,387.5
CS_GO,9000,5500,2500,22500,18100,2500,2560,1440,Low,High,Ultra,FXAA,Off,-1,269.6
GenshinImpact,12000,7800,2500,22500,24500,5500,1920,1080,Medium,High,Ultra,Off,On,1,113.8
Overwatch,12000,8000,2500,25200,18100,3500,1280,720,Low,Ultra,Medium,TAA,On,0,287.2
SpiderMan,17800,11000,3500,34900,11000,2500,1920,1080,Low,High,Medium,TAA,Off,0,91.6
RedDeadRedemption2,17800,11000,3500,22500,18100,4000,2560,1440,Low,Medium,Medium,FXAA,Off,1,54.2
RainbowSixSiege,14200,9000,2500,25200,11000,4000,2560,1440,Low,Medium,Low,Off,On,0,131.4
Fortnite,12000,7500,2500,28200,14000,6000,1920,1080,Low,Ultra,Ultra,TAA,On,0,199.7
ApexLegends,14200,9000,2500,19700,11000,3500,1920,1080,Ultra,Medium,Low,FXAA,Off,1,86.4
Minecraft,8000,4000,2500,17800,18100,4000,2560,1440,Low,High,Ultra,FXAA,Off,1,289.0
RedDeadRedemption2,17800,11000,3500,28200,17500,4000,2560,1440,Medium,High,High,Off,Off,1,40.7
SpiderMan,17800,11000,3500,25200,17500,2500,1920,1080,Medium,Medium,Ultra,FXAA,On,0,78.7
EldenRing,14200,9000,3500,19700,24500,5500,1920,1080,Low,Ultra,High,FXAA,Off,0,113.5
CS_GO,9000,5500,2500,22500,18100,6000,3840,2160,High,Medium,High,FXAA,On,1,156.1
Overwatch,12000,8000,2500,29000,9000,4000,1920,1080,Low,Medium,Medium,Off,On,0,222.6
Overwatch,12000,8000,2500,19700,9000,3500,1920,1080,High,Ultra,Ultra,TAA,Off,-1,82.0
LeagueOfLegends,8000,4500,2500,19700,17500,3500,1280,720,High,Low,Low,FXAA,Off,1,322.8
RainbowSixSiege,14200,9000,2500,28200,18100,4000,2560,1440,Ultra,Low,Low,FXAA,On,-1,76.7
RedDeadRedemption2,17800,11000,3500,22500,18100,3500,3840,2160,Low,Low,Ultra,FXAA,Off,0,24.8
HorizonZeroDawn,17800,11000,3500,29000,11000,7500,1920,1080,Ultra,Ultra,Low,Off,Off,0,48.0
SpiderMan,17800,11000,3500,22500,9000,2500,2560,1440,Low,Ultra,High,TAA,Off,0,38.0
PUBG,14200,9000,2500,17800,24500,2500,1920,1080,Low,High,Ultra,TAA,On,1,157.4
Destiny2,14200,9000,2500,22500,24500,5500,2560,1440,Low,Low,Ultra,Off,On,0,150.2
RainbowSixSiege,14200,9000,2500,28200,26500,3500,1920,1080,Low,Medium,High,FXAA,Off,0,274.3
HorizonZeroDawn,17800,11000,3500,19700,17500,7500,1920,1080,Ultra,Low,High,FXAA,On,1,62.2
RainbowSixSiege,14200,9000,2500,29000,24500,4000,2560,1440,Ultra,Ultra,Ultra,Off,Off,0,85.7
GenshinImpact,12000,7800,2500,28200,24500,4000,2560,1440,Medium,Ultra,High,Off,Off,1,119.5
HorizonZeroDawn,17800,11000,3500,29000,11000,5500,2560,1440,Ultra,Ultra,Low,FXAA,On,0,25.8
ApexLegends,14200,9000,2500,19700,14000,3500,1920,1080,Low,Ultra,Medium,Off,Off,0,154.4
TheWitcher3,14200,9000,2500,22500,24500,6000,1920,1080,High,Low,Medium,TAA,On,0,121.9
CS_GO,9000,5500,2500,29000,24500,4000,1920,1080,High,Low,Low,Off,Off,1,399.6
CS_GO,9000,5500,2500,25200,9000,7500,1920,1080,Low,High,Ultra,TAA,Off,-1,356.7
HorizonZeroDawn,17800,11000,3500,22500,18100,5500,1920,1080,Low,High,High,FXAA,On,1,107.7
AssassinsCreed,17800,11000,3500,22500,26500,5500,1920,1080,Low,Low,Ultra,FXAA,On,0,140.3
PUBG,14200,9000,2500,25200,24500,4000,1920,1080,High,Medium,Low,TAA,On,-1,105.0
Minecraft,8000,4000,2500,19700,26500,3500,2560,1440,Low,Low,Low,Off,On,0,279.3
Destiny2,14200,9000,2500,22500,26500,3500,1920,1080,Ultra,Low,Ultra,Off,On,1,123.2
SpiderMan,17800,11000,3500,28200,24500,5500,2560,1440,High,Ultra,Low,Off,Off,0,59.0
TheWitcher3,14200,9000,2500,19700,11000,6000,2560,1440,Low,Ultra,High,FXAA,On,0,62.8
TheWitcher3,14200,9000,2500,19700,14000,2500,1920,1080,Ultra,Ultra,Ultra,TAA,On,0,40.9
TheWitcher3,14200,9000,2500,25200,18100,5500,1920,1080,Medium,High,Medium,TAA,Off,0,112.6
CS_GO,9000,5500,2500,22500,14000,3500,1920,1080,Medium,Ultra,Medium,FXAA,Off,0,334.7
AssassinsCreed,17800,11000,3500,17800,11000,5500,1920,1080,Ultra,Low,Ultra,Off,On,-1,36.9
GenshinImpact,12000,7800,2500,17800,17500,3500,3840,2160,Ultra,High,Low,TAA,Off,-1,26.9
GTA_V,10000,6500,2500,22500,18100,3500,2560,1440,Medium,Low,Medium,TAA,Off,-1,100.8
CS_GO,9000,5500,2500,34900,24500,5500,2560,1440,Medium,Medium,Low,FXAA,Off,0,399.8
EldenRing,14200,9000,3500,25200,24500,4000,3840,2160,Medium,Ultra,Medium,Off,On,0,46.3
ApexLegends,14200,9000,2500,17800,18100,4000,1280,720,High,Medium,Medium,Off,Off,-1,163.1
Fortnite,12000,7500,2500,22500,24500,4000,1920,1080,Low,Low,Low,Off,Off,0,222.4
LeagueOfLegends,8000,4500,2500,34900,11000,5500,1920,1080,High,High,Medium,FXAA,On,-1,330.4
EldenRing,14200,9000,3500,22500,14000,3500,1920,1080,Medium,Ultra,Ultra,Off,Off,0,82.2
AssassinsCreed,17800,11000,3500,22500,14000,3500,1920,1080,High,High,Medium,FXAA,Off,0,57.8
Fortnite,12000,7500,2500,22500,17500,3500,1920,1080,High,High,Medium,TAA,Off,0,147.1
LeagueOfLegends,8000,4500,2500,28200,18100,6000,1920,1080,High,Ultra,Medium,TAA,On,0,347.9
AssassinsCreed,17800,11000,3500,25200,18100,6000,1920,1080,Low,Low,Low,Off,On,0,131.3
Overwatch,12000,8000,2500,17800,24500,5500,2560,1440,Ultra,Low,Ultra,FXAA,Off,-1,90.5
RocketLeague,11000,7000,2500,28200,18100,4000,1280,720,Ultra,Low,Medium,FXAA,On,0,266.7
Valorant,8000,5000,2500,14200,24500,5500,3840,2160,Low,Ultra,Ultra,FXAA,On,0,241.6
GTA_V,10000,6500,2500,14200,24500,4000,1920,1080,High,Ultra,Ultra,TAA,On,1,147.2
HorizonZeroDawn,17800,11000,3500,25200,11000,5500,2560,1440,Low,Low,Medium,Off,Off,-1,54.6
Overwatch,12000,8000,2500,25200,18100,3500,3840,2160,Low,Medium,Ultra,Off,On,0,93.5
HorizonZeroDawn,17800,11000,3500,28200,24500,2500,1280,720,Low,Ultra,Medium,TAA,Off,0,135.3
CS_GO,9000,5500,2500,22500,26500,4000,1920,1080,Low,Medium,Medium,FXAA,Off,0,370.5
Fortnite,12000,7500,2500,19700,18100,4000,2560,1440,Ultra,Ultra,Ultra,Off,Off,0,69.5
CS_GO,9000,5500,2500,17800,17500,3500,3840,2160,Low,Medium,Low,FXAA,On,0,189.1
HorizonZeroDawn,17800,11000,3500,25200,17500,7500,2560,1440,Ultra,High,Medium,FXAA,On,-1,30.9
RedDeadRedemption2,17800,11000,3500,25200,38500,4000,2560,1440,Medium,Medium,High,Off,Off,0,68.0
Destiny2,14200,9000,2500,25200,17500,5500,2560,1440,High,Low,Low,TAA,Off,0,86.8
Overwatch,12000,8000,2500,25200,24500,4000,2560,1440,High,Medium,Medium,Off,Off,-1,139.0
Cyberpunk2077,14200,9000,2500,22500,17500,7500,2560,1440,High,High,Low,FXAA,On,0,49.4
Cyberpunk2077,14200,9000,2500,22500,17500,5500,2560,1440,High,Ultra,High,FXAA,Off,1,45.9
RocketLeague,11000,7000,2500,28200,14000,6000,1920,1080,Ultra,Low,High,FXAA,On,0,164.8
Fortnite,12000,7500,2500,29000,18100,3500,2560,1440,Ultra,Ultra,Low,TAA,On,1,81.6
GenshinImpact,12000,7800,2500,28200,24500,4000,1920,1080,Ultra,Low,Medium,FXAA,On,-1,114.6
Fortnite,12000,7500,2500,22500,11000,3500,2560,1440,Low,High,Ultra,Off,Off,1,129.9
RainbowSixSiege,14200,9000,2500,22500,11000,4000,1920,1080,Ultra,Low,High,TAA,On,0,86.2
PUBG,14200,9000,2500,25200,14000,3500,1920,1080,Medium,Ultra,Low,TAA,Off,0,94.2
TheWitcher3,14200,9000,2500,25200,18100,5500,2560,1440,Medium,Low,Ultra,FXAA,On,1,91.5
GTA_V,10000,6500,2500,25200,18100,3500,1920,1080,Ultra,High,Low,Off,Off,0,129.1
AssassinsCreed,17800,11000,3500,28200,24500,3500,2560,1440,Ultra,Medium,Low,FXAA,On,1,50.5
Minecraft,8000,4000,2500,22500,24500,6000,1920,1080,High,Medium,High,TAA,On,1,293.6
Fortnite,12000,7500,2500,28200,18100,5500,1920,1080,High,Ultra,High,TAA,Off,0,145.2
Cyberpunk2077,14200,9000,2500,25200,18100,7500,2560,1440,Medium,Low,Low,FXAA,Off,0,70.7
AssassinsCreed,17800,11000,3500,17800,24500,3500,2560,1440,Low,Low,Medium,TAA,On,0,79.9
SpiderMan,17800,11000,3500,28200,11000,4000,3840,2160,High,High,High,TAA,On,1,21.5
Valorant,8000,5000,2500,22500,14000,5500,1920,1080,Medium,Medium,Ultra,Off,On,-1,394.1
CS_GO,9000,5500,2500,17800,24500,2500,3840,2160,Ultra,Low,Ultra,Off,On,0,116.2
SpiderMan,17800,11000,3500,29000,26500,5500,2560,1440,High,High,Medium,Off,Off,-1,58.1
GenshinImpact,12000,7800,2500,29000,18100,3500,1920,1080,Ultra,Medium,High,FXAA,Off,0,107.1
Valorant,8000,5000,2500,22500,18100,7500,1920,1080,High,High,Medium,Off,Off,-1,385.7
RainbowSixSiege,14200,9000,2500,25200,11000,6000,1920,1080,High,Low,High,Off,Off,0,146.0
PUBG,14200,9000,2500,22500,26500,5500,2560,1440,Low,High,Low,TAA,On,0,132.6
Valorant,8000,5000,2500,29000,11000,5500,2560,1440,High,Ultra,High,FXAA,On,-1,192.2
Warzone,17800,13000,3500,22500,24500,5500,3840,2160,Ultra,Ultra,Medium,TAA,Off,1,17.5
Minecraft,8000,4000,2500,17800,11000,2500,3840,2160,Ultra,High,Medium,TAA,Off,-1,57.2
Valorant,8000,5000,2500,34900,14000,2500,1280,720,Ultra,Low,Low,TAA,Off,-1,376.4
CS_GO,9000,5500,2500,17800,38500,3500,2560,1440,Medium,High,Low,FXAA,On,0,384.6
RedDeadRedemption2,17800,11000,3500,19700,26500,4000,1920,1080,Low,Medium,Ultra,TAA,Off,0,82.8
Overwatch,12000,8000,2500,19700,17500,2500,2560,1440,Ultra,Low,Low,TAA,Off,1,90.5
Valorant,8000,5000,2500,22500,24500,2500,1920,1080,High,Ultra,Low,Off,Off,0,377.6
PUBG,14200,9000,2500,19700,24500,2500,1920,1080,High,Medium,High,Off,Off,-1,109.1
Fortnite,12000,7500,2500,25200,18100,4000,1280,720,High,High,Medium,Off,Off,0,236.0
EldenRing,14200,9000,3500,28200,26500,2500,1280,720,Medium,Low,Medium,TAA,On,0,115.9
GenshinImpact,12000,7800,2500,28200,18100,4000,3840,2160,Low,Low,Low,FXAA,On,1,92.8
AssassinsCreed,17800,11000,3500,19700,17500,4000,2560,1440,Medium,Low,High,FXAA,On,0,53.8
RainbowSixSiege,14200,9000,2500,22500,26500,4000,1280,720,High,Low,High,TAA,Off,1,270.0
Overwatch,12000,8000,2500,22500,24500,3500,2560,1440,Medium,Medium,High,TAA,Off,1,178.9
LeagueOfLegends,8000,4500,2500,29000,17500,7500,2560,1440,High,Medium,Medium,TAA,Off,1,347.0
GTA_V,10000,6500,2500,29000,17500,5500,2560,1440,Low,High,Ultra,TAA,Off,0,146.3
TheWitcher3,14200,9000,2500,22500,9000,6000,1920,1080,High,Ultra,High,TAA,On,1,70.4
Minecraft,8000,4000,2500,29000,17500,4000,2560,1440,Ultra,Ultra,High,FXAA,On,0,178.1
TheWitcher3,14200,9000,2500,17800,17500,2500,1280,720,High,High,Low,FXAA,Off,1,122.7
RocketLeague,11000,7000,2500,25200,24500,3500,1920,1080,High,Low,Low,TAA,On,-1,230.9
GenshinImpact,12000,7800,2500,17800,26500,2500,1920,1080,High,Medium,Low,FXAA,Off,-1,112.8
Destiny2,14200,9000,2500,29000,18100,6000,3840,2160,High,Low,Ultra,Off,On,0,51.8
Destiny2,14200,9000,2500,29000,17500,3500,1280,720,Low,Medium,Low,Off,On,1,188.1
RocketLeague,11000,7000,2500,25200,11000,3500,3840,2160,Low,Medium,Medium,TAA,On,-1,77.2
PUBG,14200,9000,2500,14200,18100,5500,1920,1080,High,Ultra,Ultra,FXAA,On,0,79.0
Valorant,8000,5000,2500,25200,18100,3500,1920,1080,High,Ultra,Medium,TAA,On,0,398.0
RocketLeague,11000,7000,2500,22500,24500,4000,1920,1080,Medium,Medium,Medium,Off,On,0,281.7
Cyberpunk2077,14200,9000,2500,14200,24500,2500,1920,1080,Low,Ultra,Ultra,TAA,On,0,86.5
RocketLeague,11000,7000,2500,25200,17500,4000,3840,2160,Low,Medium,Medium,TAA,Off,1,124.5
RainbowSixSiege,14200,9000,2500,25200,17500,5500,1920,1080,Medium,Ultra,Medium,TAA,Off,-1,148.8
PUBG,14200,9000,2500,28200,26500,2500,3840,2160,Medium,High,Ultra,TAA,Off,1,56.1
CS_GO,9000,5500,2500,25200,14000,2500,1920,1080,Ultra,Medium,Low,TAA,On,0,259.3
HorizonZeroDawn,17800,11000,3500,19700,26500,2500,2560,1440,Ultra,Medium,Medium,TAA,On,0,35.2
Destiny2,14200,9000,2500,25200,11000,2500,1280,720,High,Low,Low,FXAA,On,1,140.5
RainbowSixSiege,14200,9000,2500,25200,26500,2500,3840,2160,Medium,High,Ultra,FXAA,On,1,79.1
Overwatch,12000,8000,2500,28200,18100,5500,1920,1080,Medium,Medium,Ultra,Off,Off,1,279.0
AssassinsCreed,17800,11000,3500,22500,18100,4000,1920,1080,Low,High,Medium,Off,On,0,111.0
GTA_V,10000,6500,2500,19700,9000,3500,2560,1440,Medium,High,Ultra,FXAA,On,1,78.1
TheWitcher3,14200,9000,2500,28200,11000,4000,1920,1080,High,High,Ultra,Off,On,0,74.7
Overwatch,12000,8000,2500,19700,38500,5500,1920,1080,Low,Medium,High,Off,Off,1,293.1
GTA_V,10000,6500,2500,29000,9000,7500,1920,1080,Ultra,Low,Medium,TAA,Off,0,109.6
GenshinImpact,12000,7800,2500,28200,38500,4000,1280,720,Low,Low,High,Off,On,1,117.3
TheWitcher3,14200,9000,2500,29000,17500,2500,1920,1080,Ultra,High,Low,Off,On,0,69.4
LeagueOfLegends,8000,4500,2500,14200,24500,4000,1920,1080,Ultra,Medium,High,TAA,On,1,334.4
LeagueOfLegends,8000,4500,2500,14200,17500,3500,1920,1080,Low,Ultra,Ultra,Off,On,0,344.1
TheWitcher3,14200,9000,2500,28200,38500,5500,1920,1080,High,Low,Low,TAA,On,0,141.3
Minecraft,8000,4000,2500,22500,14000,4000,1920,1080,High,Ultra,Medium,Off,On,-1,263.1
LeagueOfLegends,8000,4500,2500,19700,17500,3500,1280,720,Ultra,Medium,High,FXAA,Off,0,322.7
GTA_V,10000,6500,2500,25200,14000,6000,1280,720,Low,Low,Ultra,Off,On,0,172.9
AssassinsCreed,17800,11000,3500,25200,18100,4000,2560,1440,High,Low,Ultra,FXAA,On,-1,38.3
GTA_V,10000,6500,2500,19700,18100,6000,1280,720,Low,High,Low,FXAA,Off,0,168.0
GTA_V,10000,6500,2500,17800,26500,5500,1920,1080,Ultra,Ultra,High,Off,Off,-1,111.9
Fortnite,12000,7500,2500,28200,17500,5500,1920,1080,Medium,Medium,Low,Off,On,0,239.5
RedDeadRedemption2,17800,11000,3500,28200,9000,5500,3840,2160,Medium,Low,Ultra,FXAA,On,0,16.7
GenshinImpact,12000,7800,2500,25200,38500,4000,1280,720,Low,Medium,Ultra,TAA,Off,1,117.2
LeagueOfLegends,8000,4500,2500,22500,14000,6000,1920,1080,Medium,Ultra,Ultra,Off,On,-1,313.4
Valorant,8000,5000,2500,22500,14000,6000,3840,2160,Low,Ultra,Ultra,FXAA,On,1,207.5
RainbowSixSiege,14200,9000,2500,14200,17500,3500,1920,1080,Low,Low,Low,TAA,On,0,211.2
GenshinImpact,12000,7800,2500,29000,14000,3500,1920,1080,Low,Ultra,Medium,FXAA,Off,0,118.1
ApexLegends,14200,9000,2500,22500,17500,5500,1920,1080,Medium,Medium,Low,TAA,Off,0,170.9
RainbowSixSiege,14200,9000,2500,17800,17500,5500,2560,1440,Ultra,Ultra,Medium,Off,On,1,73.3
CS_GO,9000,5500,2500,25200,38500,3500,1920,1080,Low,Low,Low,Off,Off,1,377.6
Fortnite,12000,7500,2500,25200,38500,2500,1920,1080,Low,Low,Ultra,TAA,Off,1,226.8
SpiderMan,17800,11000,3500,19700,17500,4000,1920,1080,High,High,Ultra,TAA,Off,0,64.5
Cyberpunk2077,14200,9000,2500,22500,17500,5500,2560,1440,Ultra,Medium,High,Off,Off,0,36.4
Valorant,8000,5000,2500,25200,14000,6000,2560,1440,Medium,High,Ultra,TAA,Off,0,317.7
Overwatch,12000,8000,2500,19700,26500,4000,1280,720,Ultra,Medium,Medium,Off,On,-1,213.3
GenshinImpact,12000,7800,2500,19700,14000,6000,1920,1080,High,High,Ultra,FXAA,On,-1,90.7
GenshinImpact,12000,7800,2500,28200,18100,2500,2560,1440,Ultra,Ultra,Medium,Off,Off,0,62.5
TheWitcher3,14200,9000,2500,22500,18100,6000,1920,1080,High,Medium,High,FXAA,On,1,115.9
PUBG,14200,9000,2500,34900,24500,4000,2560,1440,High,Medium,Ultra,FXAA,Off,0,90.9
SpiderMan,17800,11000,3500,17800,14000,6000,2560,1440,Ultra,Ultra,Ultra,FXAA,On,0,25.7
RainbowSixSiege,14200,9000,2500,19700,11000,3500,2560,1440,Low,Medium,Low,FXAA,On,0,107.8
Overwatch,12000,8000,2500,25200,18100,3500,2560,1440,Low,Ultra,Ultra,TAA,On,-1,119.9
AssassinsCreed,17800,11000,3500,22500,24500,2500,3840,2160,Low,Medium,Ultra,Off,Off,1,45.6
ApexLegends,14200,9000,2500,25200,18100,4000,2560,1440,Ultra,Low,High,TAA,Off,-1,55.9
SpiderMan,17800,11000,3500,22500,17500,3500,1920,1080,Ultra,Ultra,Medium,FXAA,On,-1,39.2
LeagueOfLegends,8000,4500,2500,29000,17500,5500,1920,1080,Medium,Ultra,High,TAA,On,1,329.2
Fortnite,12000,7500,2500,29000,26500,4000,1920,1080,Low,High,Medium,Off,Off,0,223.2
RedDeadRedemption2,17800,11000,3500,22500,14000,4000,1920,1080,Medium,Ultra,Low,Off,Off,-1,38.5
Destiny2,14200,9000,2500,19700,18100,6000,1920,1080,Medium,Ultra,High,TAA,On,0,126.1
LeagueOfLegends,8000,4500,2500,14200,17500,5500,3840,2160,High,Low,Ultra,TAA,On,0,125.0
GenshinImpact,12000,7800,2500,25200,38500,3500,2560,1440,High,Ultra,Medium,Off,Off,0,119.9
Overwatch,12000,8000,2500,22500,17500,4000,1920,1080,Medium,Ultra,Low,FXAA,Off,0,201.6
CS_GO,9000,5500,2500,19700,14000,4000,1920,1080,Low,Low,Ultra,Off,Off,0,383.6
Cyberpunk2077,14200,9000,2500,28200,17500,3500,1280,720,Ultra,Low,High,FXAA,On,-1,64.4
Overwatch,12000,8000,2500,34900,14000,2500,3840,2160,Medium,Low,Ultra,FXAA,On,0,72.7
SpiderMan,17800,11000,3500,19700,17500,3500,1920,1080,Ultra,Medium,Low,FXAA,On,1,59.2
RedDeadRedemption2,17800,11000,3500,34900,24500,4000,1920,1080,High,Low,High,FXAA,On,-1,54.5
RedDeadRedemption2,17800,11000,3500,25200,14000,4000,2560,1440,High,High,High,Off,Off,-1,23.7
Fortnite,12000,7500,2500,28200,14000,4000,1920,1080,Ultra,Ultra,Low,Off,Off,0,110.5
GTA_V,10000,6500,2500,25200,9000,4000,3840,2160,Ultra,Ultra,Low,FXAA,On,0,26.6
Fortnite,12000,7500,2500,29000,14000,3500,1920,1080,High,Ultra,Ultra,Off,On,0,130.7
GTA_V,10000,6500,2500,22500,26500,4000,2560,1440,Medium,Ultra,High,TAA,On,0,122.6
GenshinImpact,12000,7800,2500,29000,38500,4000,2560,1440,Ultra,Ultra,High,Off,On,-1,80.6
AssassinsCreed,17800,11000,3500,28200,18100,2500,1920,1080,High,Medium,Low,Off,On,0,77.7
Warzone,17800,13000,3500,28200,26500,3500,3840,2160,High,Medium,Ultra,FXAA,On,0,25.9
TheWitcher3,14200,9000,2500,22500,24500,4000,1920,1080,Ultra,Ultra,Medium,TAA,Off,0,74.4
Fortnite,12000,7500,2500,19700,18100,6000,1920,1080,Low,Medium,High,FXAA,On,1,221.6
PUBG,14200,9000,2500,17800,11000,5500,1920,1080,Medium,Low,Low,TAA,Off,0,109.4
Valorant,8000,5000,2500,17800,17500,3500,1920,1080,Ultra,Ultra,Medium,TAA,Off,-1,233.5
LeagueOfLegends,8000,4500,2500,17800,18100,3500,3840,2160,Ultra,Ultra,Low,Off,Off,-1,81.6
HorizonZeroDawn,17800,11000,3500,29000,17500,5500,1920,1080,High,High,Low,TAA,Off,0,73.3
LeagueOfLegends,8000,4500,2500,17800,18100,4000,1920,1080,High,High,Ultra,TAA,Off,0,330.3
GenshinImpact,12000,7800,2500,28200,11000,3500,2560,1440,Low,Medium,Low,TAA,On,0,110.4
ApexLegends,14200,9000,2500,25200,18100,2500,1280,720,Ultra,Low,Medium,TAA,On,1,147.5
Valorant,8000,5000,2500,22500,17500,6000,1920,1080,Low,High,Ultra,FXAA,On,-1,385.1
TheWitcher3,14200,9000,2500,22500,17500,6000,3840,2160,Medium,Ultra,Low,Off,On,1,43.5
SpiderMan,17800,11000,3500,14200,14000,7500,1920,1080,Medium,Ultra,Medium,FXAA,Off,1,76.5
LeagueOfLegends,8000,4500,2500,25200,18100,5500,1920,1080,High,Ultra,Medium,TAA,On,0,329.9
AssassinsCreed,17800,11000,3500,25200,14000,3500,3840,2160,Low,Medium,High,TAA,Off,0,29.8
CS_GO,9000,5500,2500,19700,18100,4000,2560,1440,Low,Low,High,Off,Off,1,384.1
HorizonZeroDawn,17800,11000,3500,19700,24500,5500,1920,1080,High,Medium,Low,FXAA,Off,-1,75.7
SpiderMan,17800,11000,3500,28200,24500,7500,2560,1440,Low,Medium,High,TAA,On,1,103.6
Destiny2,14200,9000,2500,25200,24500,5500,3840,2160,Ultra,Low,Ultra,Off,On,-1,35.8
RainbowSixSiege,14200,9000,2500,19700,18100,2500,1920,1080,Low,Low,High,Off,Off,0,236.3
AssassinsCreed,17800,11000,3500,17800,18100,3500,1920,1080,High,High,Ultra,FXAA,Off,1,66.2
Fortnite,12000,7500,2500,22500,18100,6000,1280,720,Medium,High,High,FXAA,Off,0,237.7
Valorant,8000,5000,2500,25200,17500,6000,1920,1080,Medium,Ultra,Medium,FXAA,Off,0,370.5
ApexLegends,14200,9000,2500,22500,17500,6000,2560,1440,Ultra,Low,High,Off,On,-1,63.6
RainbowSixSiege,14200,9000,2500,14200,24500,3500,3840,2160,Medium,Ultra,Ultra,Off,On,1,66.4
LeagueOfLegends,8000,4500,2500,28200,18100,5500,2560,1440,Medium,High,High,FXAA,On,1,332.8
RainbowSixSiege,14200,9000,2500,25200,14000,2500,1920,1080,High,Medium,Medium,FXAA,Off,0,134.8
TheWitcher3,14200,9000,2500,22500,18100,4000,2560,1440,High,Low,High,FXAA,On,1,73.3
Warzone,17800,13000,3500,22500,11000,6000,1920,1080,Ultra,High,Ultra,FXAA,Off,0,37.7
GTA_V,10000,6500,2500,29000,17500,4000,2560,1440,Low,Low,High,TAA,On,-1,132.2
GenshinImpact,12000,7800,2500,28200,18100,2500,3840,2160,Medium,High,High,TAA,Off,1,57.5
LeagueOfLegends,8000,4500,2500,19700,26500,4000,1920,1080,Ultra,Medium,High,TAA,On,0,327.1
AssassinsCreed,17800,11000,3500,28200,38500,3500,3840,2160,Medium,Medium,High,Off,Off,1,57.6
SpiderMan,17800,11000,3500,22500,24500,5500,1920,1080,Ultra,High,Ultra,FXAA,Off,1,69.9
Warzone,17800,13000,3500,29000,24500,4000,1920,1080,Low,High,High,FXAA,On,0,106.3
HorizonZeroDawn,17800,11000,3500,22500,17500,4000,2560,1440,Ultra,Low,Low,TAA,Off,1,36.6
RedDeadRedemption2,17800,11000,3500,29000,18100,3500,1920,1080,Medium,High,Ultra,TAA,Off,0,51.4
Valorant,8000,5000,2500,19700,14000,3500,1280,720,Medium,Low,Low,FXAA,On,1,392.0
CS_GO,9000,5500,2500,17800,26500,5500,2560,1440,Ultra,Medium,Ultra,TAA,On,-1,184.8
RocketLeague,11000,7000,2500,19700,9000,4000,2560,1440,Ultra,Ultra,Medium,TAA,On,0,58.9
LeagueOfLegends,8000,4500,2500,28200,17500,3500,1920,1080,High,High,High,FXAA,Off,1,339.3
CS_GO,9000,5500,2500,25200,17500,6000,1920,1080,High,Ultra,Ultra,Off,Off,0,351.2
RainbowSixSiege,14200,9000,2500,28200,17500,5500,1920,1080,High,High,Ultra,TAA,On,1,156.9
AssassinsCreed,17800,11000,3500,17800,24500,2500,1920,1080,Low,Medium,Medium,TAA,On,1,116.2
LeagueOfLegends,8000,4500,2500,25200,26500,6000,1920,1080,Ultra,Medium,Medium,Off,Off,1,349.7
HorizonZeroDawn,17800,11000,3500,28200,26500,3500,1280,720,High,High,Medium,TAA,On,0,108.7
Valorant,8000,5000,2500,17800,17500,3500,1920,1080,Ultra,Ultra,Ultra,FXAA,On,0,271.0
ApexLegends,14200,9000,2500,29000,9000,3500,1920,1080,Medium,Ultra,Ultra,FXAA,Off,0,98.2
HorizonZeroDawn,17800,11000,3500,28200,17500,5500,3840,2160,Ultra,Ultra,Ultra,FXAA,Off,0,15.5
Warzone,17800,13000,3500,22500,14000,5500,2560,1440,Medium,Ultra,High,TAA,Off,1,41.5
SpiderMan,17800,11000,3500,22500,17500,7500,1920,1080,Ultra,High,Medium,TAA,On,-1,46.6
EldenRing,14200,9000,3500,22500,17500,5500,1920,1080,Ultra,Medium,Ultra,Off,Off,0,72.6
Minecraft,8000,4000,2500,19700,18100,3500,1920,1080,Medium,Medium,Ultra,TAA,Off,1,291.6
RainbowSixSiege,14200,9000,2500,25200,18100,2500,1920,1080,Medium,Ultra,Medium,Off,Off,-1,133.5
HorizonZeroDawn,17800,11000,3500,25200,24500,2500,1920,1080,Low,Ultra,Low,FXAA,Off,1,119.6
Overwatch,12000,8000,2500,28200,18100,4000,2560,1440,Ultra,Low,High,FXAA,Off,1,116.0
Destiny2,14200,9000,2500,17800,24500,6000,1280,720,High,Ultra,Low,FXAA,On,1,191.2
AssassinsCreed,17800,11000,3500,19700,17500,4000,1920,1080,Ultra,Ultra,Ultra,FXAA,Off,0,40.1
EldenRing,14200,9000,3500,25200,17500,3500,2560,1440,Ultra,Low,Medium,TAA,Off,0,48.1
ApexLegends,14200,9000,2500,34900,18100,5500,1920,1080,Ultra,High,Low,FXAA,Off,0,120.1
PUBG,14200,9000,2500,28200,14000,2500,1280,720,Ultra,Ultra,Medium,FXAA,Off,1,94.9
Cyberpunk2077,14200,9000,2500,14200,18100,5500,1280,720,Ultra,High,High,FXAA,Off,0,72.4
PUBG,14200,9000,2500,22500,24500,3500,1920,1080,Medium,Low,High,FXAA,On,-1,135.8
RainbowSixSiege,14200,9000,2500,29000,17500,3500,1920,1080,Ultra,Ultra,Low,Off,On,-1,98.6
CS_GO,9000,5500,2500,28200,18100,4000,3840,2160,Medium,Low,High,FXAA,On,0,189.3
Warzone,17800,13000,3500,28200,11000,4000,1920,1080,Medium,High,Ultra,FXAA,Off,1,63.5
EldenRing,14200,9000,3500,22500,14000,6000,1920,1080,Ultra,Medium,Low,FXAA,On,-1,57.4
AssassinsCreed,17800,11000,3500,25200,17500,4000,2560,1440,Ultra,Low,Ultra,Off,On,0,35.6
PUBG,14200,9000,2500,17800,14000,3500,1920,1080,Low,Low,Ultra,TAA,On,1,135.0
EldenRing,14200,9000,3500,22500,18100,5500,1920,1080,Ultra,Low,Medium,Off,Off,-1,71.0
CS_GO,9000,5500,2500,22500,24500,2500,1920,1080,Medium,Ultra,High,FXAA,Off,0,393.2
Fortnite,12000,7500,2500,28200,11000,4000,2560,1440,High,Low,Low,FXAA,Off,0,103.3
Cyberpunk2077,14200,9000,2500,25200,18100,2500,2560,1440,Ultra,Medium,High,TAA,Off,-1,26.2
Warzone,17800,13000,3500,19700,14000,4000,1920,1080,Medium,High,High,Off,Off,0,61.7
PUBG,14200,9000,2500,25200,17500,6000,3840,2160,Ultra,High,Ultra,Off,Off,0,30.8
Fortnite,12000,7500,2500,19700,17500,5500,3840,2160,Medium,Medium,Low,Off,Off,1,80.7
Fortnite,12000,7500,2500,25200,14000,3500,3840,2160,Ultra,Ultra,Medium,TAA,On,0,31.2
Overwatch,12000,8000,2500,22500,38500,3500,2560,1440,Medium,Ultra,Medium,FXAA,On,1,231.2
Warzone,17800,13000,3500,19700,26500,2500,1920,1080,Ultra,Low,High,TAA,Off,0,52.3
Minecraft,8000,4000,2500,34900,18100,7500,2560,1440,High,Medium,Low,Off,On,1,293.8
Minecraft,8000,4000,2500,22500,17500,3500,2560,1440,Low,Low,Medium,FXAA,Off,0,299.8
Cyberpunk2077,14200,9000,2500,25200,17500,4000,1920,1080,Medium,Ultra,Ultra,FXAA,Off,-1,57.2
TheWitcher3,14200,9000,2500,28200,26500,6000,1920,1080,Medium,Medium,Low,Off,On,-1,135.0
TheWitcher3,14200,9000,2500,17800,24500,4000,1920,1080,Low,Ultra,Medium,FXAA,On,0,141.3
GTA_V,10000,6500,2500,22500,11000,5500,1920,1080,Low,Low,Ultra,Off,Off,0,173.6
RedDeadRedemption2,17800,11000,3500,22500,11000,4000,1280,720,Ultra,Low,High,FXAA,Off,-1,34.3
TheWitcher3,14200,9000,2500,22500,26500,5500,1920,1080,High,Ultra,Low,FXAA,On,0,109.5
LeagueOfLegends,8000,4500,2500,22500,17500,3500,1920,1080,Medium,Medium,Ultra,TAA,On,0,348.3
RocketLeague,11000,7000,2500,17800,11000,5500,1920,1080,Low,Ultra,High,TAA,On,0,202.3
GenshinImpact,12000,7800,2500,22500,26500,4000,2560,1440,Ultra,Ultra,Ultra,Off,Off,-1,62.7
LeagueOfLegends,8000,4500,2500,19700,24500,4000,1920,1080,High,Ultra,Low,FXAA,On,0,348.3
Destiny2,14200,9000,2500,22500,14000,3500,1920,1080,Ultra,High,Medium,Off,Off,-1,65.1
RocketLeague,11000,7000,2500,14200,11000,2500,1920,1080,Medium,High,Ultra,FXAA,Off,0,152.8
Destiny2,14200,9000,2500,19700,24500,6000,2560,1440,High,Ultra,High,TAA,Off,0,76.1
Warzone,17800,13000,3500,22500,18100,4000,1920,1080,Ultra,Medium,Low,FXAA,Off,0,46.7
ApexLegends,14200,9000,2500,22500,17500,4000,1280,720,Ultra,Ultra,Low,Off,On,0,128.9
Destiny2,14200,9000,2500,17800,17500,2500,3840,2160,Ultra,High,Low,TAA,On,1,28.3
GTA_V,10000,6500,2500,34900,14000,3500,2560,1440,Medium,Low,Ultra,FXAA,On,0,122.9
Cyberpunk2077,14200,9000,2500,29000,17500,3500,1280,720,Ultra,Medium,High,TAA,On,1,81.5
RocketLeague,11000,7000,2500,17800,26500,2500,3840,2160,Medium,Medium,Ultra,FXAA,Off,1,114.7
EldenRing,14200,9000,3500,29000,24500,2500,1280,720,Medium,Medium,Medium,FXAA,Off,0,117.1
Cyberpunk2077,14200,9000,2500,25200,18100,3500,1920,1080,Low,Ultra,High,Off,On,0,95.1
Valorant,8000,5000,2500,19700,26500,2500,3840,2160,Ultra,High,Ultra,Off,On,1,163.4
Destiny2,14200,9000,2500,17800,14000,3500,1920,1080,Ultra,Ultra,Ultra,Off,On,0,59.6
Fortnite,12000,7500,2500,29000,26500,2500,1920,1080,High,Low,Ultra,Off,On,0,224.8
Valorant,8000,5000,2500,19700,14000,4000,3840,2160,Low,High,Ultra,Off,Off,-1,169.6
AssassinsCreed,17800,11000,3500,28200,17500,5500,1280,720,Medium,High,Low,TAA,Off,0,126.8
Minecraft,8000,4000,2500,34900,18100,5500,1920,1080,Low,Medium,Low,Off,Off,0,291.3
LeagueOfLegends,8000,4500,2500,22500,18100,2500,1280,720,Ultra,Medium,Medium,Off,Off,-1,339.6
Warzone,17800,13000,3500,28200,17500,6000,2560,1440,Low,Ultra,Low,TAA,Off,0,58.7
PUBG,14200,9000,2500,17800,9000,2500,1280,720,High,Ultra,High,TAA,Off,1,80.6
RedDeadRedemption2,17800,11000,3500,22500,18100,2500,1920,1080,Ultra,Ultra,Low,FXAA,On,1,31.4
EldenRing,14200,9000,3500,34900,18100,2500,2560,1440,Ultra,Medium,Ultra,TAA,On,1,49.5
RainbowSixSiege,14200,9000,2500,22500,14000,3500,1920,1080,High,High,Low,TAA,Off,0,123.4
GenshinImpact,12000,7800,2500,19700,38500,4000,1280,720,High,Medium,Ultra,FXAA,On,-1,114.7
Minecraft,8000,4000,2500,28200,38500,3500,2560,1440,Ultra,High,Ultra,Off,Off,0,292.8
CS_GO,9000,5500,2500,14200,11000,2500,1920,1080,Low,High,Low,Off,Off,0,396.7
PUBG,14200,9000,2500,28200,14000,2500,1920,1080,Ultra,Ultra,Medium,FXAA,Off,0,62.7
HorizonZeroDawn,17800,11000,3500,28200,11000,3500,3840,2160,High,Ultra,Ultra,TAA,On,0,14.2
SpiderMan,17800,11000,3500,22500,18100,5500,1920,1080,Low,Ultra,High,TAA,Off,-1,84.3
AssassinsCreed,17800,11000,3500,22500,17500,2500,2560,1440,High,Low,Ultra,TAA,Off,-1,33.4
Valorant,8000,5000,2500,29000,17500,3500,3840,2160,High,Ultra,High,FXAA,Off,0,159.5
SpiderMan,17800,11000,3500,19700,38500,4000,1920,1080,Low,Low,Medium,FXAA,Off,-1,140.8
PUBG,14200,9000,2500,22500,18100,3500,1920,1080,Low,Medium,High,Off,Off,0,171.8
Overwatch,12000,8000,2500,29000,14000,2500,2560,1440,Ultra,Medium,High,Off,On,0,80.0
Fortnite,12000,7500,2500,19700,24500,5500,1920,1080,Low,High,Medium,Off,Off,0,235.2
RainbowSixSiege,14200,9000,2500,34900,18100,4000,1920,1080,High,Low,Low,Off,Off,-1,175.4
ApexLegends,14200,9000,2500,19700,14000,5500,2560,1440,High,Low,Low,FXAA,On,0,79.3
TheWitcher3,14200,9000,2500,22500,14000,3500,2560,1440,Medium,Ultra,Medium,TAA,On,1,55.8
Destiny2,14200,9000,2500,28200,24500,5500,1920,1080,Ultra,Low,Ultra,Off,Off,1,137.1
GenshinImpact,12000,7800,2500,34900,18100,4000,1920,1080,Ultra,Medium,Low,FXAA,On,1,116.0
HorizonZeroDawn,17800,11000,3500,25200,24500,3500,2560,1440,Low,High,Ultra,FXAA,On,1,76.9
CS_GO,9000,5500,2500,19700,17500,3500,2560,1440,High,Ultra,Medium,Off,On,0,225.3
GenshinImpact,12000,7800,2500,29000,17500,3500,1920,1080,Ultra,High,Ultra,TAA,Off,-1,75.0
Fortnite,12000,7500,2500,14200,18100,4000,1920,1080,Low,Medium,Medium,FXAA,Off,0,229.2
Fortnite,12000,7500,2500,22500,26500,3500,2560,1440,Low,Low,High,FXAA,Off,1,238.6
GenshinImpact,12000,7800,2500,25200,26500,5500,2560,1440,Medium,High,Low,Off,Off,-1,119.6
GenshinImpact,12000,7800,2500,28200,14000,4000,1920,1080,High,Ultra,High,FXAA,On,1,117.8
SpiderMan,17800,11000,3500,34900,26500,5500,1920,1080,High,High,Ultra,Off,On,1,116.5
CS_GO,9000,5500,2500,17800,14000,5500,2560,1440,Ultra,Low,Low,Off,On,0,193.1
RedDeadRedemption2,17800,11000,3500,29000,11000,6000,2560,1440,Medium,Medium,Medium,TAA,On,0,33.7
Destiny2,14200,9000,2500,19700,17500,2500,2560,1440,Low,Low,Medium,FXAA,On,1,122.4
Overwatch,12000,8000,2500,25200,14000,3500,2560,1440,Low,Medium,High,TAA,On,0,156.8
EldenRing,14200,9000,3500,28200,18100,3500,1920,1080,Low,High,Medium,FXAA,Off,-1,119.7
GTA_V,10000,6500,2500,22500,38500,6000,1280,720,Low,Ultra,Ultra,Off,On,-1,179.1
Valorant,8000,5000,2500,19700,18100,7500,2560,1440,Medium,High,High,FXAA,Off,1,396.5
SpiderMan,17800,11000,3500,22500,14000,2500,2560,1440,Low,Medium,Medium,FXAA,On,1,66.8
AssassinsCreed,17800,11000,3500,28200,14000,3500,1920,1080,Low,Medium,Low,TAA,On,-1,82.5
SpiderMan,17800,11000,3500,14200,38500,2500,1920,1080,Ultra,High,Medium,FXAA,On,0,83.0
Destiny2,14200,9000,2500,25200,17500,4000,2560,1440,Medium,Low,High,TAA,Off,1,100.5
CS_GO,9000,5500,2500,17800,26500,5500,1920,1080,Ultra,Medium,High,Off,On,0,388.4
PUBG,14200,9000,2500,34900,38500,3500,1920,1080,High,Ultra,High,Off,Off,0,164.7
Fortnite,12000,7500,2500,19700,11000,3500,1920,1080,High,Medium,Low,FXAA,On,-1,109.2
GenshinImpact,12000,7800,2500,22500,24500,5500,1280,720,Medium,Low,Medium,FXAA,Off,-1,116.6
Minecraft,8000,4000,2500,19700,24500,4000,2560,1440,Medium,Ultra,Ultra,FXAA,On,1,294.5
GTA_V,10000,6500,2500,28200,18100,3500,1280,720,Medium,Medium,Ultra,FXAA,Off,0,178.1
EldenRing,14200,9000,3500,29000,24500,3500,2560,1440,Medium,Ultra,Medium,TAA,On,-1,68.4
HorizonZeroDawn,17800,11000,3500,19700,11000,5500,2560,1440,High,Medium,Medium,FXAA,Off,1,37.2
RedDeadRedemption2,17800,11000,3500,25200,38500,2500,2560,1440,Ultra,Ultra,Medium,FXAA,On,0,31.1
AssassinsCreed,17800,11000,3500,22500,14000,4000,2560,1440,Medium,Medium,Medium,Off,Off,1,56.5
GTA_V,10000,6500,2500,22500,24500,2500,1920,1080,Low,Low,Medium,TAA,Off,1,168.3
Destiny2,14200,9000,2500,22500,17500,4000,2560,1440,Ultra,Ultra,Low,TAA,On,-1,41.8
Minecraft,8000,4000,2500,28200,14000,4000,1280,720,Low,Medium,Ultra,Off,On,0,280.3
CS_GO,9000,5500,2500,28200,14000,3500,1920,1080,Low,Ultra,Ultra,TAA,Off,0,399.4
ApexLegends,14200,9000,2500,25200,11000,6000,1920,1080,Ultra,Low,Ultra,Off,On,1,103.0
EldenRing,14200,9000,3500,22500,38500,6000,1920,1080,High,Low,Low,TAA,On,0,114.2
CS_GO,9000,5500,2500,25200,26500,5500,3840,2160,High,Low,High,Off,Off,-1,179.1
GenshinImpact,12000,7800,2500,25200,14000,2500,1920,1080,Medium,Medium,Low,TAA,Off,0,117.5
GenshinImpact,12000,7800,2500,19700,9000,4000,1920,1080,Medium,Medium,High,Off,On,1,119.1
SpiderMan,17800,11000,3500,25200,26500,5500,1920,1080,High,Ultra,Ultra,FXAA,Off,0,87.8
RocketLeague,11000,7000,2500,22500,38500,5500,2560,1440,Low,Low,Low,Off,On,0,284.5
EldenRing,14200,9000,3500,22500,14000,5500,1920,1080,Low,Medium,Ultra,TAA,On,0,112.7
Valorant,8000,5000,2500,19700,24500,6000,1280,720,Medium,Medium,Medium,Off,On,0,392.4
Cyberpunk2077,14200,9000,2500,19700,11000,2500,1280,720,Low,High,Medium,TAA,On,0,91.9
GTA_V,10000,6500,2500,25200,38500,6000,2560,1440,Ultra,Low,Ultra,FXAA,On,0,132.3
Cyberpunk2077,14200,9000,2500,19700,17500,4000,1920,1080,Medium,Medium,High,FXAA,On,0,81.0
HorizonZeroDawn,17800,11000,3500,28200,14000,2500,1920,1080,Low,High,Ultra,Off,On,-1,67.1
SpiderMan,17800,11000,3500,25200,9000,2500,2560,1440,Ultra,Low,Ultra,FXAA,Off,-1,21.3
Overwatch,12000,8000,2500,14200,14000,4000,3840,2160,Medium,Ultra,Medium,FXAA,Off,0,52.2
RainbowSixSiege,14200,9000,2500,25200,18100,4000,1920,1080,High,Medium,Low,Off,On,0,176.4
ApexLegends,14200,9000,2500,25200,26500,4000,1280,720,Ultra,Low,Low,TAA,On,1,209.6
Destiny2,14200,9000,2500,25200,18100,3500,2560,1440,Medium,Ultra,Medium,TAA,On,-1,63.2
GenshinImpact,12000,7800,2500,22500,38500,3500,1920,1080,High,Ultra,Low,Off,On,0,114.1
LeagueOfLegends,8000,4500,2500,22500,24500,6000,1920,1080,Medium,Ultra,High,Off,On,0,330.2
Warzone,17800,13000,3500,17800,14000,7500,2560,1440,High,Ultra,High,Off,On,0,33.0
EldenRing,14200,9000,3500,17800,24500,5500,1920,1080,Medium,Ultra,Low,TAA,Off,0,115.7
Minecraft,8000,4000,2500,25200,18100,6000,2560,1440,Medium,Medium,Ultra,Off,Off,1,299.7
PUBG,14200,9000,2500,22500,14000,4000,1920,1080,Medium,Ultra,Medium,Off,On,-1,87.5
Overwatch,12000,8000,2500,34900,38500,4000,2560,1440,Low,Low,High,TAA,Off,-1,273.4
GenshinImpact,12000,7800,2500,25200,14000,4000,3840,2160,Low,Low,Ultra,TAA,On,1,67.3
GenshinImpact,12000,7800,2500,22500,14000,4000,2560,1440,Low,Ultra,High,FXAA,On,1,105.8
HorizonZeroDawn,17800,11000,3500,28200,26500,4000,3840,2160,Ultra,Low,High,TAA,On,1,23.8
SpiderMan,17800,11000,3500,25200,24500,3500,1920,1080,Ultra,High,Low,TAA,On,0,63.1
RedDeadRedemption2,17800,11000,3500,19700,18100,3500,3840,2160,Ultra,Ultra,Medium,Off,On,1,11.9
TheWitcher3,14200,9000,2500,22500,18100,5500,3840,2160,Ultra,Medium,Low,Off,Off,-1,24.1
GTA_V,10000,6500,2500,22500,14000,5500,1920,1080,High,High,Ultra,FXAA,Off,0,132.6
EldenRing,14200,9000,3500,25200,17500,3500,1920,1080,Low,Medium,Medium,TAA,On,1,111.9
CS_GO,9000,5500,2500,19700,18100,6000,2560,1440,Ultra,Ultra,High,Off,Off,1,203.9
Valorant,8000,5000,2500,22500,11000,3500,2560,1440,High,Low,Low,TAA,On,0,257.7
Destiny2,14200,9000,2500,22500,14000,6000,2560,1440,Ultra,Low,High,Off,Off,0,63.2
ApexLegends,14200,9000,2500,22500,14000,3500,1280,720,Ultra,Ultra,Low,Off,On,1,124.8
RocketLeague,11000,7000,2500,28200,26500,7500,1920,1080,Medium,Ultra,Low,FXAA,On,1,294.7
CS_GO,9000,5500,2500,25200,14000,2500,1920,1080,Ultra,Low,High,FXAA,Off,1,286.6
PUBG,14200,9000,2500,22500,14000,2500,1280,720,High,High,Ultra,Off,Off,-1,102.2
GenshinImpact,12000,7800,2500,28200,11000,4000,1920,1080,Ultra,Low,High,Off,On,0,90.2
SpiderMan,17800,11000,3500,25200,17500,4000,2560,1440,Low,Ultra,Low,FXAA,On,0,65.7
TheWitcher3,14200,9000,2500,25200,17500,4000,1920,1080,Low,High,Medium,FXAA,Off,-1,117.5
HorizonZeroDawn,17800,11000,3500,29000,17500,3500,2560,1440,Low,Ultra,High,Off,Off,1,64.1
Overwatch,12000,8000,2500,22500,17500,3500,1920,1080,Ultra,Ultra,Low,Off,Off,1,132.8
AssassinsCreed,17800,11000,3500,28200,11000,3500,1920,1080,Medium,Ultra,Medium,TAA,On,0,56.1
AssassinsCreed,17800,11000,3500,22500,26500,2500,2560,1440,Medium,Low,Low,Off,Off,-1,64.5
RocketLeague,11000,7000,2500,22500,18100,2500,2560,1440,High,Medium,High,FXAA,On,-1,117.6
LeagueOfLegends,8000,4500,2500,28200,14000,5500,1920,1080,Low,Medium,Medium,Off,Off,1,339.8
Overwatch,12000,8000,2500,14200,26500,2500,3840,2160,Low,Ultra,Low,Off,On,1,105.0
EldenRing,14200,9000,3500,28200,18100,2500,1920,1080,Low,High,Low,Off,Off,1,119.4
ApexLegends,14200,9000,2500,29000,24500,3500,1920,1080,Medium,Low,Low,Off,Off,1,237.2
SpiderMan,17800,11000,3500,28200,24500,5500,2560,1440,Medium,Ultra,Ultra,TAA,Off,1,68.6
RainbowSixSiege,14200,9000,2500,28200,24500,3500,3840,2160,Medium,High,Medium,TAA,On,1,79.3
GenshinImpact,12000,7800,2500,28200,17500,4000,1920,1080,Low,Ultra,Ultra,Off,On,0,114.6
Overwatch,12000,8000,2500,22500,17500,2500,1920,1080,Medium,Ultra,Low,FXAA,On,0,173.2
AssassinsCreed,17800,11000,3500,28200,14000,3500,1920,1080,Low,Medium,Ultra,Off,On,1,103.4
RedDeadRedemption2,17800,11000,3500,19700,18100,3500,1280,720,Low,High,Medium,TAA,Off,-1,76.7
Warzone,17800,13000,3500,29000,26500,5500,1920,1080,Medium,Low,High,FXAA,Off,0,111.0
LeagueOfLegends,8000,4500,2500,28200,18100,4000,1920,1080,Low,High,Low,FXAA,On,-1,346.3
ApexLegends,14200,9000,2500,28200,11000,3500,1920,1080,High,High,Ultra,TAA,On,1,104.6
Warzone,17800,13000,3500,19700,18100,5500,1280,720,High,Low,Medium,TAA,Off,-1,72.0
Warzone,17800,13000,3500,34900,18100,2500,1920,1080,High,Low,Low,TAA,Off,0,70.5
GTA_V,10000,6500,2500,25200,24500,2500,3840,2160,Ultra,Medium,High,FXAA,On,1,53.5
Overwatch,12000,8000,2500,22500,14000,3500,1920,1080,Low,Low,Low,FXAA,Off,0,257.4
Warzone,17800,13000,3500,25200,9000,3500,3840,2160,Low,Low,Ultra,FXAA,Off,0,24.0
SpiderMan,17800,11000,3500,19700,24500,6000,1920,1080,Low,Low,Ultra,FXAA,On,1,142.4
TheWitcher3,14200,9000,2500,28200,18100,3500,2560,1440,Low,Ultra,Ultra,Off,Off,0,78.8
EldenRing,14200,9000,3500,14200,24500,7500,1280,720,High,Low,Low,TAA,On,0,115.0
Warzone,17800,13000,3500,22500,18100,2500,1920,1080,Low,Medium,Ultra,TAA,Off,0,79.9
RedDeadRedemption2,17800,11000,3500,28200,26500,4000,2560,1440,Ultra,Medium,Ultra,TAA,On,1,31.4
Valorant,8000,5000,2500,17800,24500,2500,1920,1080,Low,Ultra,Ultra,Off,On,1,391.6
Warzone,17800,13000,3500,22500,14000,4000,2560,1440,Medium,Medium,Ultra,TAA,On,0,37.5
PUBG,14200,9000,2500,19700,17500,5500,1920,1080,Medium,Ultra,Low,Off,Off,1,136.7
PUBG,14200,9000,2500,25200,24500,3500,3840,2160,Medium,High,Medium,TAA,Off,0,52.1
LeagueOfLegends,8000,4500,2500,28200,18100,3500,2560,1440,Ultra,Low,High,TAA,On,0,217.7
Fortnite,12000,7500,2500,28200,9000,4000,1920,1080,Ultra,Low,Ultra,FXAA,Off,1,106.5
SpiderMan,17800,11000,3500,28200,17500,4000,1920,1080,Ultra,High,Ultra,TAA,On,0,49.4
GTA_V,10000,6500,2500,29000,24500,6000,1920,1080,Low,Medium,Ultra,Off,On,0,171.5
HorizonZeroDawn,17800,11000,3500,34900,17500,7500,1920,1080,High,High,Ultra,Off,Off,-1,65.7
Minecraft,8000,4000,2500,25200,38500,3500,1280,720,High,Ultra,Low,Off,On,1,288.1
RainbowSixSiege,14200,9000,2500,28200,18100,4000,1920,1080,Medium,High,Medium,TAA,Off,0,191.5
Minecraft,8000,4000,2500,17800,24500,2500,1920,1080,Ultra,Low,Low,TAA,Off,1,298.5
ApexLegends,14200,9000,2500,22500,24500,2500,3840,2160,Ultra,Low,High,TAA,On,0,38.9
Cyberpunk2077,14200,9000,2500,28200,18100,4000,1920,1080,Medium,Low,Medium,FXAA,On,0,93.3
RainbowSixSiege,14200,9000,2500,19700,17500,2500,1920,1080,Ultra,High,High,TAA,Off,0,95.4
GTA_V,10000,6500,2500,29000,14000,3500,2560,1440,Low,Medium,High,FXAA,On,0,138.7
EldenRing,14200,9000,3500,25200,17500,4000,1920,1080,Low,Low,High,Off,On,1,111.9
Overwatch,12000,8000,2500,25200,38500,5500,2560,1440,Ultra,Low,Ultra,FXAA,On,-1,127.7
Cyberpunk2077,14200,9000,2500,28200,24500,7500,1920,1080,Medium,Medium,Ultra,TAA,Off,0,110.2
ApexLegends,14200,9000,2500,29000,26500,2500,1280,720,Medium,Ultra,Ultra,FXAA,On,0,224.6
Valorant,8000,5000,2500,17800,14000,2500,1920,1080,Medium,Low,Low,TAA,Off,1,393.3
Valorant,8000,5000,2500,28200,9000,4000,1280,720,Medium,Low,Low,Off,Off,0,381.4
EldenRing,14200,9000,3500,19700,14000,6000,2560,1440,Ultra,Ultra,Low,TAA,On,-1,30.5
LeagueOfLegends,8000,4500,2500,34900,9000,4000,1280,720,Low,Medium,Low,Off,Off,0,329.8
SpiderMan,17800,11000,3500,34900,24500,2500,1920,1080,Medium,Medium,Medium,Off,On,1,134.4
CS_GO,9000,5500,2500,22500,11000,3500,1920,1080,Medium,Ultra,Ultra,FXAA,On,1,301.9
LeagueOfLegends,8000,4500,2500,22500,17500,5500,1920,1080,Ultra,Ultra,Ultra,TAA,Off,-1,210.1
Overwatch,12000,8000,2500,25200,18100,6000,1920,1080,Ultra,Ultra,High,Off,Off,-1,118.5
Overwatch,12000,8000,2500,29000,17500,4000,1920,1080,High,Medium,Ultra,FXAA,On,1,201.9
Cyberpunk2077,14200,9000,2500,29000,18100,5500,1920,1080,Low,Ultra,Low,FXAA,On,0,103.7
CS_GO,9000,5500,2500,17800,17500,2500,1280,720,High,Ultra,Ultra,Off,Off,-1,353.6
ApexLegends,14200,9000,2500,28200,14000,3500,1920,1080,Ultra,Medium,Medium,FXAA,Off,0,93.4
Overwatch,12000,8000,2500,25200,11000,3500,1920,1080,High,High,Low,FXAA,On,0,146.1
Fortnite,12000,7500,2500,17800,17500,4000,2560,1440,High,Ultra,Medium,Off,Off,-1,79.3
RedDeadRedemption2,17800,11000,3500,25200,26500,3500,2560,1440,Low,Medium,Medium,FXAA,On,-1,48.2
SpiderMan,17800,11000,3500,28200,11000,4000,2560,1440,Medium,Ultra,High,TAA,Off,-1,36.1
Cyberpunk2077,14200,9000,2500,25200,26500,7500,2560,1440,Medium,Ultra,Ultra,TAA,On,1,66.1
Valorant,8000,5000,2500,25200,26500,3500,3840,2160,Medium,Low,Medium,FXAA,Off,1,302.7
Valorant,8000,5000,2500,17800,18100,4000,1920,1080,Medium,Low,Medium,FXAA,Off,0,380.8
Fortnite,12000,7500,2500,17800,24500,2500,1920,1080,Ultra,Ultra,Ultra,Off,Off,0,119.8
SpiderMan,17800,11000,3500,22500,14000,7500,1920,1080,High,Ultra,Ultra,TAA,Off,0,56.7
RainbowSixSiege,14200,9000,2500,28200,24500,3500,2560,1440,Medium,Ultra,Ultra,FXAA,Off,0,118.9
SpiderMan,17800,11000,3500,25200,24500,2500,3840,2160,Low,Ultra,Ultra,Off,On,0,40.1
Valorant,8000,5000,2500,28200,17500,2500,1920,1080,Medium,Ultra,Medium,TAA,On,0,398.1
RainbowSixSiege,14200,9000,2500,14200,11000,3500,1920,1080,Medium,Low,Medium,Off,Off,0,133.3
RocketLeague,11000,7000,2500,25200,24500,2500,2560,1440,Ultra,Medium,Low,Off,On,1,148.1
Cyberpunk2077,14200,9000,2500,19700,14000,5500,2560,1440,High,High,Medium,FXAA,On,-1,33.2
CS_GO,9000,5500,2500,28200,18100,2500,1920,1080,Medium,Low,Low,TAA,On,0,393.2
SpiderMan,17800,11000,3500,22500,24500,5500,1920,1080,High,Low,Low,TAA,On,-1,83.1
RainbowSixSiege,14200,9000,2500,28200,26500,2500,2560,1440,High,High,Medium,TAA,On,1,128.2
Fortnite,12000,7500,2500,25200,17500,4000,1920,1080,High,Low,Medium,TAA,On,1,177.6
CS_GO,9000,5500,2500,28200,26500,4000,1920,1080,Ultra,Low,High,TAA,On,0,375.7
Fortnite,12000,7500,2500,25200,11000,3500,3840,2160,Ultra,Ultra,Medium,Off,On,-1,27.2
HorizonZeroDawn,17800,11000,3500,19700,11000,4000,1920,1080,Medium,High,High,TAA,Off,1,57.3
TheWitcher3,14200,9000,2500,29000,11000,2500,1920,1080,Ultra,Low,Low,FXAA,On,0,62.0
Minecraft,8000,4000,2500,25200,18100,5500,1920,1080,Ultra,Medium,Medium,Off,Off,0,278.2
HorizonZeroDawn,17800,11000,3500,29000,14000,3500,1920,1080,Medium,Low,Low,TAA,Off,0,79.8
HorizonZeroDawn,17800,11000,3500,29000,14000,5500,1920,1080,Ultra,Ultra,High,FXAA,On,0,41.2
SpiderMan,17800,11000,3500,22500,24500,3500,2560,1440,Ultra,High,Ultra,Off,On,0,40.1
AssassinsCreed,17800,11000,3500,28200,24500,5500,1920,1080,Low,Medium,High,FXAA,Off,0,138.4
ApexLegends,14200,9000,2500,19700,17500,7500,2560,1440,High,Low,Ultra,FXAA,Off,0,93.8
SpiderMan,17800,11000,3500,19700,11000,4000,2560,1440,High,Low,High,FXAA,Off,1,41.1
EldenRing,14200,9000,3500,19700,26500,3500,2560,1440,Low,Ultra,Medium,TAA,Off,0,91.6
RainbowSixSiege,14200,9000,2500,14200,14000,4000,1920,1080,High,Medium,High,TAA,Off,0,114.5
RedDeadRedemption2,17800,11000,3500,17800,14000,5500,2560,1440,High,Low,Ultra,FXAA,Off,-1,22.9
EldenRing,14200,9000,3500,22500,9000,2500,1920,1080,Medium,Medium,Medium,Off,On,0,77.6
GTA_V,10000,6500,2500,29000,18100,3500,2560,1440,Low,Low,Ultra,Off,Off,0,163.8
Fortnite,12000,7500,2500,22500,26500,3500,1920,1080,Low,High,Ultra,TAA,On,0,226.4
HorizonZeroDawn,17800,11000,3500,17800,17500,2500,1920,1080,High,High,High,TAA,Off,0,52.5
Fortnite,12000,7500,2500,25200,11000,4000,1920,1080,Low,Ultra,Ultra,TAA,On,1,168.2
LeagueOfLegends,8000,4500,2500,25200,38500,6000,3840,2160,Ultra,High,Medium,FXAA,Off,0,194.3
RocketLeague,11000,7000,2500,19700,18100,5500,2560,1440,High,High,Medium,FXAA,Off,0,136.4
ApexLegends,14200,9000,2500,19700,18100,5500,1920,1080,High,Ultra,Low,FXAA,On,0,122.1
GenshinImpact,12000,7800,2500,19700,24500,4000,2560,1440,Ultra,Medium,Medium,Off,Off,0,80.3
RocketLeague,11000,7000,2500,17800,14000,5500,2560,1440,Ultra,Ultra,Low,Off,Off,0,87.9
Valorant,8000,5000,2500,28200,17500,2500,1920,1080,Low,Medium,High,Off,On,0,388.8
Cyberpunk2077,14200,9000,2500,22500,14000,3500,3840,2160,Medium,High,Low,FXAA,On,0,26.0
Overwatch,12000,8000,2500,14200,24500,7500,1920,1080,Low,Low,High,Off,Off,0,285.4
GTA_V,10000,6500,2500,25200,9000,7500,1920,1080,High,Low,Medium,Off,On,-1,127.4
HorizonZeroDawn,17800,11000,3500,22500,18100,7500,3840,2160,Medium,Ultra,Low,FXAA,Off,1,32.8
Minecraft,8000,4000,2500,29000,17500,5500,1920,1080,Low,High,High,Off,Off,1,287.7
Overwatch,12000,8000,2500,28200,18100,3500,2560,1440,Ultra,High,Low,TAA,Off,-1,80.5
PUBG,14200,9000,2500,28200,17500,5500,1920,1080,High,High,Medium,TAA,On,-1,89.2
GenshinImpact,12000,7800,2500,29000,11000,4000,2560,1440,Medium,Ultra,Medium,FXAA,Off,1,86.1
RocketLeague,11000,7000,2500,25200,24500,4000,2560,1440,Low,Ultra,Medium,Off,On,0,229.9
Overwatch,12000,8000,2500,25200,17500,5500,1280,720,Ultra,High,High,TAA,Off,0,193.7
Minecraft,8000,4000,2500,22500,18100,2500,1920,1080,High,Ultra,Low,TAA,Off,-1,292.0
SpiderMan,17800,11000,3500,29000,14000,4000,1920,1080,Ultra,High,Low,Off,On,1,58.1
RocketLeague,11000,7000,2500,25200,26500,3500,1920,1080,Ultra,Low,Low,TAA,Off,1,237.1
LeagueOfLegends,8000,4500,2500,25200,24500,5500,1920,1080,Ultra,Low,Ultra,TAA,Off,1,323.5
TheWitcher3,14200,9000,2500,29000,24500,5500,2560,1440,Medium,Ultra,Medium,Off,Off,0,87.1
Cyberpunk2077,14200,9000,2500,22500,26500,5500,1920,1080,Medium,High,Medium,TAA,On,0,103.8
CS_GO,9000,5500,2500,25200,18100,4000,3840,2160,Medium,Low,High,Off,Off,1,215.7
HorizonZeroDawn,17800,11000,3500,25200,18100,4000,2560,1440,Medium,High,Ultra,FXAA,On,1,52.5
Fortnite,12000,7500,2500,25200,38500,7500,1280,720,Medium,Ultra,Medium,Off,On,1,224.7
Warzone,17800,13000,3500,34900,26500,3500,2560,1440,Medium,Medium,High,FXAA,On,0,62.7
ApexLegends,14200,9000,2500,34900,17500,6000,1920,1080,Ultra,Medium,Low,Off,On,0,134.2
Minecraft,8000,4000,2500,22500,18100,2500,2560,1440,High,Low,High,Off,Off,0,276.3
HorizonZeroDawn,17800,11000,3500,25200,18100,2500,1920,1080,Medium,Low,Ultra,FXAA,On,0,78.1
HorizonZeroDawn,17800,11000,3500,22500,18100,3500,1920,1080,High,Ultra,High,TAA,On,0,53.2
EldenRing,14200,9000,3500,19700,17500,4000,1920,1080,Medium,Low,Medium,FXAA,Off,-1,100.9
RocketLeague,11000,7000,2500,25200,18100,3500,1920,1080,High,Ultra,Low,TAA,On,0,181.0
Valorant,8000,5000,2500,25200,14000,2500,2560,1440,Low,High,Low,TAA,Off,-1,347.3
RainbowSixSiege,14200,9000,2500,22500,14000,6000,2560,1440,High,Ultra,High,TAA,On,1,84.2
LeagueOfLegends,8000,4500,2500,25200,11000,6000,2560,1440,Low,Ultra,Ultra,FXAA,On,0,280.7
ApexLegends,14200,9000,2500,34900,14000,3500,3840,2160,Low,Ultra,Medium,Off,Off,0,59.9
HorizonZeroDawn,17800,11000,3500,25200,24500,2500,1920,1080,Low,Low,High,Off,Off,0,131.2
HorizonZeroDawn,17800,11000,3500,19700,18100,7500,1280,720,High,Ultra,Medium,FXAA,On,1,100.2
Fortnite,12000,7500,2500,22500,11000,5500,3840,2160,Low,Low,High,Off,On,-1,66.9
EldenRing,14200,9000,3500,22500,18100,4000,1920,1080,Ultra,Medium,High,FXAA,Off,-1,59.3
RainbowSixSiege,14200,9000,2500,22500,9000,3500,1920,1080,Low,Ultra,Low,TAA,On,-1,116.5
RedDeadRedemption2,17800,11000,3500,28200,24500,5500,2560,1440,Low,Ultra,Low,Off,Off,0,56.7
AssassinsCreed,17800,11000,3500,17800,14000,2500,1920,1080,Low,Medium,High,FXAA,On,0,75.4
Minecraft,8000,4000,2500,17800,17500,2500,1280,720,Ultra,High,Medium,TAA,Off,1,298.8
RedDeadRedemption2,17800,11000,3500,22500,26500,3500,2560,1440,Medium,Low,Ultra,TAA,On,0,43.6
RainbowSixSiege,14200,9000,2500,25200,18100,3500,2560,1440,High,Ultra,Low,Off,On,0,90.7
SpiderMan,17800,11000,3500,19700,17500,3500,1920,1080,Medium,Ultra,Ultra,Off,On,1,81.4
Minecraft,8000,4000,2500,22500,17500,4000,1920,1080,Medium,Low,Low,Off,Off,0,288.4
Warzone,17800,13000,3500,22500,18100,5500,1920,1080,Low,Low,Medium,TAA,On,0,100.0
EldenRing,14200,9000,3500,28200,18100,4000,2560,1440,Ultra,High,Low,TAA,Off,0,48.2
Overwatch,12000,8000,2500,19700,18100,3500,2560,1440,Ultra,Low,High,TAA,Off,-1,75.3
HorizonZeroDawn,17800,11000,3500,19700,24500,2500,2560,1440,High,Medium,Medium,FXAA,On,0,46.3
PUBG,14200,9000,2500,29000,24500,7500,1920,1080,High,High,High,TAA,On,0,140.2
GenshinImpact,12000,7800,2500,17800,17500,2500,1920,1080,Ultra,Ultra,Ultra,TAA,On,0,67.1
Warzone,17800,13000,3500,25200,17500,2500,1920,1080,Low,Ultra,Ultra,Off,On,0,71.1
SpiderMan,17800,11000,3500,22500,24500,3500,1920,1080,High,Medium,Low,TAA,On,0,88.5
TheWitcher3,14200,9000,2500,25200,18100,2500,1280,720,High,Ultra,High,FXAA,On,-1,88.9
RedDeadRedemption2,17800,11000,3500,34900,26500,2500,1920,1080,Low,Low,Medium,TAA,On,0,97.8
Overwatch,12000,8000,2500,17800,14000,5500,1920,1080,Low,High,Medium,FXAA,On,1,249.2
GenshinImpact,12000,7800,2500,22500,26500,2500,1920,1080,Ultra,Low,Ultra,TAA,Off,0,113.3
GenshinImpact,12000,7800,2500,22500,9000,2500,2560,1440,Medium,High,High,Off,On,1,76.5
Minecraft,8000,4000,2500,22500,18100,4000,2560,1440,Low,Medium,Low,Off,Off,0,281.0
SpiderMan,17800,11000,3500,19700,9000,4000,3840,2160,Ultra,Medium,High,Off,Off,1,14.8
Valorant,8000,5000,2500,34900,18100,5500,2560,1440,Ultra,Low,Medium,FXAA,Off,-1,254.4
Cyberpunk2077,14200,9000,2500,25200,26500,2500,1920,1080,Ultra,Medium,Medium,FXAA,On,-1,57.1
GenshinImpact,12000,7800,2500,17800,24500,4000,1280,720,Low,Low,Ultra,FXAA,On,1,114.5
RocketLeague,11000,7000,2500,22500,24500,2500,2560,1440,High,Ultra,Ultra,Off,Off,1,150.4
AssassinsCreed,17800,11000,3500,22500,17500,5500,1920,1080,Ultra,Ultra,Low,Off,Off,0,54.6
Cyberpunk2077,14200,9000,2500,22500,24500,2500,1920,1080,Low,Ultra,High,FXAA,On,0,98.7
Fortnite,12000,7500,2500,25200,17500,3500,2560,1440,Ultra,Medium,Medium,Off,Off,-1,73.1
SpiderMan,17800,11000,3500,19700,14000,3500,1280,720,Ultra,High,High,Off,On,1,71.4
ApexLegends,14200,9000,2500,19700,17500,5500,3840,2160,Ultra,Low,Medium,FXAA,Off,0,37.8
Warzone,17800,13000,3500,19700,14000,5500,1280,720,Low,High,High,TAA,On,0,98.5
AssassinsCreed,17800,11000,3500,28200,17500,5500,2560,1440,Ultra,Ultra,High,Off,On,1,37.2
PUBG,14200,9000,2500,25200,26500,4000,2560,1440,High,Ultra,Medium,TAA,On,0,71.8
RocketLeague,11000,7000,2500,14200,18100,5500,1920,1080,Low,Ultra,High,FXAA,On,0,266.6
RainbowSixSiege,14200,9000,2500,28200,14000,2500,2560,1440,Ultra,Low,High,TAA,On,0,64.8
PUBG,14200,9000,2500,29000,14000,4000,2560,1440,Ultra,High,High,TAA,Off,1,50.6
RedDeadRedemption2,17800,11000,3500,25200,26500,4000,1280,720,High,High,Low,Off,On,-1,72.1
RocketLeague,11000,7000,2500,19700,14000,4000,1920,1080,High,Medium,Medium,FXAA,Off,0,193.7
EldenRing,14200,9000,3500,28200,9000,4000,1280,720,Low,Low,Ultra,TAA,On,1,118.2
RedDeadRedemption2,17800,11000,3500,25200,26500,4000,1920,1080,High,High,Ultra,TAA,On,-1,42.7
LeagueOfLegends,8000,4500,2500,34900,11000,5500,1920,1080,Low,Medium,Ultra,TAA,Off,1,336.9
AssassinsCreed,17800,11000,3500,25200,11000,5500,3840,2160,Ultra,Ultra,Ultra,TAA,Off,1,13.9
Destiny2,14200,9000,2500,25200,18100,2500,1920,1080,Low,High,High,TAA,On,1,163.4
EldenRing,14200,9000,3500,19700,24500,3500,1920,1080,High,Medium,Medium,Off,Off,0,118.9
PUBG,14200,9000,2500,22500,14000,2500,2560,1440,Low,Medium,Medium,FXAA,On,1,92.3
RedDeadRedemption2,17800,11000,3500,22500,14000,3500,1920,1080,Medium,Medium,Ultra,Off,On,1,53.7
Destiny2,14200,9000,2500,29000,24500,4000,2560,1440,High,Ultra,High,Off,Off,-1,78.3
Overwatch,12000,8000,2500,22500,38500,4000,1920,1080,High,Low,Medium,FXAA,Off,0,294.0
ApexLegends,14200,9000,2500,28200,17500,5500,1280,720,Ultra,Ultra,Ultra,TAA,Off,0,117.0
Cyberpunk2077,14200,9000,2500,28200,17500,3500,1920,1080,Ultra,Medium,High,FXAA,Off,-1,45.9
Destiny2,14200,9000,2500,25200,24500,7500,1920,1080,Low,Ultra,Ultra,FXAA,Off,0,195.9
RocketLeague,11000,7000,2500,22500,18100,6000,1920,1080,Medium,Low,High,FXAA,On,-1,249.1
CS_GO,9000,5500,2500,19700,17500,5500,2560,1440,Ultra,High,Medium,FXAA,Off,0,190.3
TheWitcher3,14200,9000,2500,19700,26500,2500,1280,720,Low,Low,High,FXAA,On,0,140.2
TheWitcher3,14200,9000,2500,29000,14000,4000,1920,1080,Ultra,High,High,Off,On,0,66.7
Fortnite,12000,7500,2500,28200,24500,3500,2560,1440,Medium,High,Medium,Off,Off,-1,138.1
AssassinsCreed,17800,11000,3500,14200,18100,5500,1920,1080,Low,Low,Low,Off,Off,1,135.3
PUBG,14200,9000,2500,19700,26500,4000,1920,1080,High,Low,Low,TAA,Off,1,158.3
GenshinImpact,12000,7800,2500,28200,26500,4000,1920,1080,Low,Ultra,Low,Off,Off,0,111.4
TheWitcher3,14200,9000,2500,19700,24500,5500,2560,1440,High,Ultra,High,TAA,On,1,68.6
CS_GO,9000,5500,2500,25200,24500,3500,1280,720,High,High,Ultra,TAA,On,1,393.2
Minecraft,8000,4000,2500,19700,14000,6000,1280,720,Low,High,Ultra,Off,On,0,292.3
SpiderMan,17800,11000,3500,14200,17500,3500,2560,1440,Low,Medium,Medium,Off,Off,1,72.2
Minecraft,8000,4000,2500,19700,24500,3500,1920,1080,Ultra,Low,Low,Off,Off,0,292.2
EldenRing,14200,9000,3500,29000,18100,6000,1920,1080,Medium,Ultra,Medium,Off,Off,0,119.6
Valorant,8000,5000,2500,28200,17500,6000,1920,1080,Medium,Low,Low,TAA,Off,0,376.2
HorizonZeroDawn,17800,11000,3500,29000,9000,6000,1920,1080,Ultra,Ultra,Medium,FXAA,On,-1,30.3
LeagueOfLegends,8000,4500,2500,28200,17500,2500,1920,1080,Medium,High,High,TAA,Off,1,338.8
Warzone,17800,13000,3500,29000,18100,3500,3840,2160,Medium,Ultra,Ultra,Off,On,0,23.1
HorizonZeroDawn,17800,11000,3500,25200,9000,4000,3840,2160,High,Medium,Medium,Off,On,1,19.2
Valorant,8000,5000,2500,22500,26500,4000,2560,1440,Ultra,High,Ultra,TAA,On,0,258.9
Destiny2,14200,9000,2500,28200,11000,4000,1920,1080,Medium,Low,High,TAA,On,1,124.0
RocketLeague,11000,7000,2500,19700,24500,3500,1280,720,Low,Medium,Low,TAA,Off,0,283.4
PUBG,14200,9000,2500,29000,24500,2500,3840,2160,High,Medium,Medium,Off,On,0,47.2
PUBG,14200,9000,2500,25200,24500,4000,1280,720,Low,Low,Medium,TAA,On,-1,191.5
EldenRing,14200,9000,3500,22500,9000,4000,2560,1440,High,Ultra,High,Off,Off,0,40.6
HorizonZeroDawn,17800,11000,3500,28200,17500,2500,1920,1080,Low,High,Ultra,Off,On,1,99.9
GTA_V,10000,6500,2500,17800,17500,3500,1920,1080,Medium,Ultra,Low,TAA,Off,1,167.4
RedDeadRedemption2,17800,11000,3500,22500,17500,2500,1920,1080,Medium,Low,Ultra,TAA,On,0,50.7
AssassinsCreed,17800,11000,3500,28200,17500,3500,1280,720,Medium,High,High,Off,On,1,132.7
ApexLegends,14200,9000,2500,29000,11000,4000,1920,1080,Low,Medium,High,TAA,On,0,153.4
LeagueOfLegends,8000,4500,2500,19700,18100,4000,2560,1440,Ultra,Low,High,TAA,Off,-1,176.0
RedDeadRedemption2,17800,11000,3500,29000,17500,3500,2560,1440,Medium,Ultra,Medium,FXAA,Off,-1,28.5
ApexLegends,14200,9000,2500,28200,24500,4000,2560,1440,High,High,Medium,TAA,Off,0,104.4
TheWitcher3,14200,9000,2500,19700,17500,4000,1920,1080,Low,Ultra,High,TAA,On,0,104.2
CS_GO,9000,5500,2500,17800,18100,4000,1920,1080,Medium,Medium,High,TAA,Off,1,381.5
LeagueOfLegends,8000,4500,2500,28200,18100,5500,1920,1080,High,Medium,High,Off,On,0,322.3
GTA_V,10000,6500,2500,25200,9000,4000,3840,2160,Low,High,Medium,Off,On,-1,53.9
HorizonZeroDawn,17800,11000,3500,22500,24500,3500,1920,1080,Ultra,Medium,Low,FXAA,Off,-1,52.2
Valorant,8000,5000,2500,25200,14000,3500,2560,1440,High,Medium,Medium,Off,On,1,340.1
GenshinImpact,12000,7800,2500,28200,17500,5500,2560,1440,Medium,Low,Low,TAA,On,1,115.6
Destiny2,14200,9000,2500,19700,17500,5500,3840,2160,Ultra,Low,High,Off,On,1,35.7
LeagueOfLegends,8000,4500,2500,19700,9000,4000,1920,1080,Medium,Medium,Low,FXAA,On,0,341.9
RedDeadRedemption2,17800,11000,3500,17800,9000,3500,2560,1440,High,Low,Ultra,TAA,Off,0,18.4
EldenRing,14200,9000,3500,28200,17500,6000,1920,1080,Medium,Medium,High,FXAA,Off,1,116.4
ApexLegends,14200,9000,2500,22500,17500,4000,2560,1440,Ultra,High,Medium,TAA,On,0,57.3
RainbowSixSiege,14200,9000,2500,19700,17500,3500,1920,1080,High,Low,Ultra,FXAA,Off,1,156.2
EldenRing,14200,9000,3500,34900,18100,2500,1920,1080,Ultra,Low,Ultra,FXAA,Off,-1,69.1
TheWitcher3,14200,9000,2500,19700,11000,2500,2560,1440,Low,Low,Low,FXAA,Off,0,71.6
Destiny2,14200,9000,2500,19700,26500,6000,2560,1440,Medium,Medium,Ultra,Off,On,-1,100.2
GTA_V,10000,6500,2500,17800,18100,4000,1920,1080,Ultra,Medium,Ultra,FXAA,Off,1,122.1
RedDeadRedemption2,17800,11000,3500,28200,18100,3500,1280,720,Medium,High,High,FXAA,On,0,75.4
Cyberpunk2077,14200,9000,2500,17800,17500,5500,1920,1080,Low,Ultra,Ultra,FXAA,On,0,86.2
RocketLeague,11000,7000,2500,17800,26500,4000,1920,1080,Medium,Low,Medium,Off,Off,0,287.5
HorizonZeroDawn,17800,11000,3500,29000,24500,7500,1920,1080,Medium,High,Medium,TAA,On,-1,83.2
RainbowSixSiege,14200,9000,2500,17800,24500,3500,2560,1440,High,High,Ultra,FXAA,Off,-1,82.6
Overwatch,12000,8000,2500,19700,18100,2500,1920,1080,Low,Ultra,Low,Off,Off,0,245.6
AssassinsCreed,17800,11000,3500,19700,11000,2500,2560,1440,Low,High,High,TAA,On,-1,34.6
HorizonZeroDawn,17800,11000,3500,22500,26500,6000,1920,1080,Low,Medium,Ultra,TAA,On,1,133.4
Destiny2,14200,9000,2500,28200,26500,4000,2560,1440,Low,High,High,TAA,Off,-1,112.9
RocketLeague,11000,7000,2500,28200,11000,6000,1920,1080,Low,Medium,Low,TAA,Off,0,296.4
AssassinsCreed,17800,11000,3500,25200,17500,5500,1920,1080,Low,Ultra,High,FXAA,Off,0,101.9
RedDeadRedemption2,17800,11000,3500,14200,17500,5500,1920,1080,High,Medium,High,FXAA,Off,-1,39.7
EldenRing,14200,9000,3500,22500,24500,3500,1920,1080,Medium,Low,Ultra,Off,Off,-1,115.5
SpiderMan,17800,11000,3500,29000,11000,5500,2560,1440,Ultra,Low,Medium,FXAA,Off,-1,30.0
SpiderMan,17800,11000,3500,19700,18100,4000,1920,1080,High,High,High,Off,On,0,73.0
GenshinImpact,12000,7800,2500,34900,18100,4000,2560,1440,High,Medium,Ultra,TAA,Off,-1,73.9
Fortnite,12000,7500,2500,19700,24500,2500,1280,720,Medium,Ultra,Ultra,FXAA,On,0,224.6
Warzone,17800,13000,3500,19700,18100,3500,1920,1080,Medium,Low,Medium,FXAA,Off,0,76.2
Overwatch,12000,8000,2500,28200,17500,7500,1280,720,Ultra,Ultra,High,TAA,On,1,210.5
Warzone,17800,13000,3500,25200,26500,2500,1920,1080,Low,Medium,Ultra,TAA,On,1,110.0
Overwatch,12000,8000,2500,22500,26500,4000,1280,720,High,Ultra,Ultra,FXAA,Off,-1,238.1
TheWitcher3,14200,9000,2500,29000,17500,2500,2560,1440,Medium,Medium,Low,Off,On,-1,64.2
RainbowSixSiege,14200,9000,2500,19700,17500,6000,2560,1440,Low,Low,Low,TAA,On,1,169.5
SpiderMan,17800,11000,3500,19700,11000,4000,2560,1440,Medium,Low,Ultra,TAA,Off,-1,36.9
EldenRing,14200,9000,3500,29000,17500,5500,2560,1440,Medium,High,High,Off,On,0,78.6
Overwatch,12000,8000,2500,25200,18100,6000,3840,2160,Medium,Ultra,Low,Off,Off,1,90.0
TheWitcher3,14200,9000,2500,22500,18100,3500,3840,2160,Low,Medium,High,FXAA,On,-1,42.3
EldenRing,14200,9000,3500,19700,9000,3500,1920,1080,Medium,High,Ultra,TAA,On,0,65.8
RocketLeague,11000,7000,2500,22500,38500,5500,1920,1080,Low,Ultra,Low,Off,On,1,280.6
CS_GO,9000,5500,2500,19700,38500,3500,2560,1440,High,High,Low,Off,On,1,373.2
CS_GO,9000,5500,2500,22500,17500,4000,2560,1440,Medium,Medium,High,TAA,On,0,276.1
CS_GO,9000,5500,2500,22500,17500,6000,2560,1440,High,Ultra,Ultra,FXAA,Off,1,245.6
CS_GO,9000,5500,2500,22500,24500,3500,2560,1440,High,Low,Ultra,TAA,Off,0,281.3
Overwatch,12000,8000,2500,28200,24500,4000,1920,1080,Medium,Medium,Ultra,Off,Off,-1,230.4
AssassinsCreed,17800,11000,3500,28200,38500,3500,2560,1440,Low,High,Ultra,Off,Off,1,119.3
RocketLeague,11000,7000,2500,19700,14000,4000,2560,1440,Low,Low,High,TAA,On,1,199.8
Valorant,8000,5000,2500,19700,26500,6000,1920,1080,Ultra,Medium,High,Off,Off,0,390.6
SpiderMan,17800,11000,3500,19700,11000,4000,1920,1080,Ultra,High,Ultra,FXAA,Off,1,41.5
CS_GO,9000,5500,2500,19700,24500,3500,2560,1440,Ultra,High,Low,TAA,On,-1,173.5
RainbowSixSiege,14200,9000,2500,25200,26500,4000,2560,1440,Ultra,Medium,Ultra,TAA,Off,0,90.7
Warzone,17800,13000,3500,17800,14000,3500,1280,720,Ultra,Ultra,Ultra,Off,On,-1,35.6
Minecraft,8000,4000,2500,28200,14000,6000,2560,1440,High,Low,High,TAA,Off,0,251.9
ApexLegends,14200,9000,2500,25200,18100,4000,1920,1080,Medium,Ultra,Medium,TAA,On,0,138.2
RocketLeague,11000,7000,2500,25200,24500,4000,1920,1080,Medium,High,Low,TAA,Off,0,285.2
LeagueOfLegends,8000,4500,2500,28200,24500,7500,2560,1440,Ultra,Medium,Ultra,TAA,On,1,278.0
LeagueOfLegends,8000,4500,2500,34900,24500,6000,1920,1080,Medium,Medium,Medium,Off,On,0,333.8
EldenRing,14200,9000,3500,22500,18100,7500,1920,1080,Medium,Medium,Medium,FXAA,Off,0,114.4
RedDeadRedemption2,17800,11000,3500,29000,18100,4000,1920,1080,Medium,Ultra,Ultra,FXAA,Off,0,49.4
GenshinImpact,12000,7800,2500,14200,17500,5500,1920,1080,Low,Ultra,Low,Off,Off,1,119.1
Fortnite,12000,7500,2500,25200,14000,4000,1280,720,Ultra,Low,High,TAA,Off,1,164.1
CS_GO,9000,5500,2500,22500,24500,3500,3840,2160,High,Ultra,Ultra,Off,Off,0,139.8
AssassinsCreed,17800,11000,3500,29000,14000,3500,1280,720,Ultra,Ultra,Ultra,TAA,Off,0,52.2
ApexLegends,14200,9000,2500,28200,26500,2500,3840,2160,Low,Medium,Medium,FXAA,Off,0,89.3
RainbowSixSiege,14200,9000,2500,25200,18100,3500,1920,1080,Low,Medium,Ultra,Off,On,0,221.8
SpiderMan,17800,11000,3500,25200,14000,3500,1280,720,Ultra,Ultra,Medium,Off,On,0,65.0
LeagueOfLegends,8000,4500,2500,22500,17500,4000,1920,1080,Low,High,Low,Off,On,0,340.2
Overwatch,12000,8000,2500,34900,14000,4000,1280,720,Ultra,Ultra,High,Off,Off,-1,157.6
PUBG,14200,9000,2500,28200,14000,2500,1920,1080,Medium,High,Medium,FXAA,Off,0,106.0
Warzone,17800,13000,3500,14200,18100,4000,2560,1440,Low,High,High,Off,On,1,58.6
HorizonZeroDawn,17800,11000,3500,25200,18100,4000,1280,720,High,Medium,Low,Off,Off,0,106.2
CS_GO,9000,5500,2500,29000,11000,6000,1920,1080,High,Medium,Ultra,Off,Off,0,359.6
GenshinImpact,12000,7800,2500,25200,18100,3500,1280,720,High,High,Medium,TAA,Off,1,115.3
AssassinsCreed,17800,11000,3500,28200,18100,4000,2560,1440,Low,High,High,FXAA,Off,0,71.0
RedDeadRedemption2,17800,11000,3500,17800,24500,2500,1920,1080,Ultra,Low,Low,Off,On,0,43.2
RedDeadRedemption2,17800,11000,3500,28200,24500,4000,1280,720,Low,High,Medium,Off,On,0,116.2
TheWitcher3,14200,9000,2500,17800,17500,6000,1920,1080,Low,Low,Ultra,TAA,Off,1,143.6
SpiderMan,17800,11000,3500,25200,14000,5500,2560,1440,High,Low,Medium,FXAA,Off,0,50.0
GenshinImpact,12000,7800,2500,25200,18100,5500,1920,1080,High,Ultra,Low,TAA,Off,1,113.4
Valorant,8000,5000,2500,14200,11000,2500,1920,1080,High,Low,High,TAA,Off,-1,258.3
RocketLeague,11000,7000,2500,22500,17500,5500,1920,1080,Low,Medium,Ultra,TAA,Off,1,280.0
AssassinsCreed,17800,11000,3500,17800,24500,3500,3840,2160,Medium,Low,Ultra,Off,On,0,34.5
ApexLegends,14200,9000,2500,19700,24500,2500,2560,1440,Ultra,High,Low,TAA,On,0,63.2
RedDeadRedemption2,17800,11000,3500,28200,9000,2500,2560,1440,Low,High,Medium,FXAA,On,-1,26.9
AssassinsCreed,17800,11000,3500,22500,18100,7500,2560,1440,High,Low,High,FXAA,Off,0,55.5
Warzone,17800,13000,3500,25200,11000,3500,2560,1440,Medium,Medium,High,TAA,Off,-1,31.8
Overwatch,12000,8000,2500,28200,24500,5500,1280,720,Ultra,Ultra,High,FXAA,Off,-1,190.2
Overwatch,12000,8000,2500,19700,11000,5500,1920,1080,High,Low,High,Off,On,0,163.8
PUBG,14200,9000,2500,22500,18100,5500,2560,1440,Low,High,Medium,FXAA,Off,0,111.0
RocketLeague,11000,7000,2500,34900,14000,6000,1920,1080,Medium,Medium,Medium,FXAA,On,-1,250.3
RainbowSixSiege,14200,9000,2500,22500,17500,4000,1920,1080,Low,Low,Medium,FXAA,On,1,258.7
LeagueOfLegends,8000,4500,2500,22500,18100,5500,2560,1440,Low,Low,High,FXAA,Off,0,342.0
Cyberpunk2077,14200,9000,2500,14200,26500,2500,1920,1080,Medium,High,Low,FXAA,Off,0,97.7
EldenRing,14200,9000,3500,25200,17500,3500,2560,1440,High,Low,Low,FXAA,Off,0,66.7
Destiny2,14200,9000,2500,25200,17500,7500,2560,1440,Low,Ultra,Ultra,TAA,On,1,110.9
Warzone,17800,13000,3500,25200,38500,2500,2560,1440,High,Ultra,Low,FXAA,On,0,55.1
TheWitcher3,14200,9000,2500,28200,26500,7500,1920,1080,Ultra,High,Ultra,TAA,On,0,88.5
Warzone,17800,13000,3500,28200,17500,5500,1920,1080,High,Low,Low,FXAA,Off,1,83.8
Overwatch,12000,8000,2500,28200,14000,3500,1920,1080,Low,Ultra,Medium,FXAA,On,1,243.2
RocketLeague,11000,7000,2500,29000,26500,4000,3840,2160,Medium,High,Medium,TAA,Off,-1,101.4
Valorant,8000,5000,2500,29000,18100,4000,3840,2160,Low,Low,High,FXAA,Off,-1,238.5
EldenRing,14200,9000,3500,25200,18100,5500,1920,1080,Ultra,Ultra,Low,FXAA,On,0,66.3
TheWitcher3,14200,9000,2500,22500,24500,3500,1920,1080,Medium,Low,Low,TAA,Off,1,136.2
RedDeadRedemption2,17800,11000,3500,19700,17500,3500,1920,1080,High,Low,Medium,TAA,Off,0,46.0
HorizonZeroDawn,17800,11000,3500,19700,18100,7500,1920,1080,Medium,Low,High,FXAA,Off,-1,75.4
Destiny2,14200,9000,2500,25200,11000,3500,1920,1080,Ultra,Medium,Ultra,FXAA,Off,0,67.0
RocketLeague,11000,7000,2500,22500,24500,4000,3840,2160,High,Ultra,High,Off,Off,1,96.0
TheWitcher3,14200,9000,2500,17800,17500,5500,1920,1080,Medium,Low,High,Off,On,1,136.1
TheWitcher3,14200,9000,2500,28200,26500,3500,2560,1440,Ultra,Medium,Medium,FXAA,Off,1,71.0
GTA_V,10000,6500,2500,29000,18100,3500,1920,1080,Low,Medium,Low,TAA,Off,1,169.1
Destiny2,14200,9000,2500,19700,38500,7500,3840,2160,Medium,Low,Low,Off,On,-1,82.9
Minecraft,8000,4000,2500,28200,11000,3500,1920,1080,Medium,High,Ultra,Off,Off,-1,284.8
Destiny2,14200,9000,2500,28200,18100,5500,1280,720,Medium,High,Medium,Off,Off,0,192.2
PUBG,14200,9000,2500,28200,26500,6000,1920,1080,Ultra,Medium,Medium,Off,Off,-1,102.9
Warzone,17800,13000,3500,29000,18100,6000,2560,1440,High,Low,Low,FXAA,On,-1,41.4
Minecraft,8000,4000,2500,25200,38500,2500,1920,1080,Ultra,Ultra,Ultra,FXAA,Off,1,280.2
SpiderMan,17800,11000,3500,19700,14000,3500,1920,1080,Low,High,High,FXAA,On,-1,75.6
CS_GO,9000,5500,2500,25200,17500,2500,2560,1440,Ultra,Low,Medium,FXAA,On,0,203.8
AssassinsCreed,17800,11000,3500,28200,9000,4000,1920,1080,High,Low,Ultra,Off,Off,1,60.8
Minecraft,8000,4000,2500,34900,24500,2500,1920,1080,Ultra,Medium,Ultra,FXAA,On,0,278.9
EldenRing,14200,9000,3500,22500,14000,3500,1920,1080,Ultra,High,High,TAA,Off,-1,46.2
Destiny2,14200,9000,2500,17800,38500,5500,1920,1080,Ultra,High,High,FXAA,Off,1,148.4
EldenRing,14200,9000,3500,19700,18100,3500,1920,1080,Ultra,Low,High,Off,Off,0,75.9
TheWitcher3,14200,9000,2500,25200,9000,3500,1920,1080,Low,Low,High,TAA,Off,0,101.0
RedDeadRedemption2,17800,11000,3500,22500,14000,5500,2560,1440,Medium,Low,High,FXAA,On,-1,30.1
PUBG,14200,9000,2500,22500,14000,2500,1920,1080,High,Low,Medium,TAA,On,0,82.5
TheWitcher3,14200,9000,2500,22500,17500,3500,3840,2160,Low,Low,High,Off,On,-1,42.5
AssassinsCreed,17800,11000,3500,34900,18100,3500,1920,1080,Low,High,High,FXAA,On,1,125.9
LeagueOfLegends,8000,4500,2500,29000,24500,6000,1920,1080,High,High,Low,FXAA,On,0,326.2
EldenRing,14200,9000,3500,25200,26500,3500,2560,1440,High,Medium,Medium,Off,Off,0,87.0
PUBG,14200,9000,2500,17800,11000,6000,1920,1080,Low,High,High,FXAA,Off,0,122.7
TheWitcher3,14200,9000,2500,28200,18100,5500,2560,1440,High,Medium,Medium,Off,Off,-1,62.7
GenshinImpact,12000,7800,2500,28200,18100,5500,2560,1440,Ultra,Medium,High,FXAA,Off,1,84.6
HorizonZeroDawn,17800,11000,3500,29000,17500,4000,1920,1080,Medium,Ultra,High,Off,On,0,72.1
LeagueOfLegends,8000,4500,2500,25200,38500,4000,3840,2160,High,High,Low,TAA,Off,0,251.0
GTA_V,10000,6500,2500,22500,18100,4000,2560,1440,High,Medium,Low,FXAA,Off,1,113.8
LeagueOfLegends,8000,4500,2500,17800,17500,3500,2560,1440,Low,Low,Medium,FXAA,Off,0,343.2
ApexLegends,14200,9000,2500,29000,17500,4000,1920,1080,Ultra,Low,Low,TAA,Off,0,109.6
AssassinsCreed,17800,11000,3500,22500,17500,3500,1920,1080,High,Medium,High,Off,Off,0,68.1
Warzone,17800,13000,3500,19700,18100,4000,1920,1080,High,High,Ultra,Off,Off,0,53.5
RocketLeague,11000,7000,2500,22500,18100,5500,1920,1080,Medium,Low,High,Off,Off,1,290.5
PUBG,14200,9000,2500,19700,18100,3500,1920,1080,Ultra,Low,Low,FXAA,Off,1,92.9
LeagueOfLegends,8000,4500,2500,28200,17500,5500,1920,1080,Low,Low,Medium,Off,Off,0,344.4
GenshinImpact,12000,7800,2500,22500,24500,4000,1920,1080,Medium,Low,Low,FXAA,Off,-1,117.1
Minecraft,8000,4000,2500,22500,24500,5500,2560,1440,Ultra,Medium,High,TAA,Off,0,232.8
RocketLeague,11000,7000,2500,22500,24500,5500,1920,1080,Ultra,Low,High,TAA,On,-1,168.8
RainbowSixSiege,14200,9000,2500,22500,14000,7500,1920,1080,Medium,High,High,Off,On,0,187.7
ApexLegends,14200,9000,2500,25200,18100,6000,1920,1080,Ultra,Low,Medium,FXAA,On,-1,99.1
GenshinImpact,12000,7800,2500,25200,18100,2500,1280,720,Low,Medium,High,TAA,Off,0,112.7
HorizonZeroDawn,17800,11000,3500,19700,14000,2500,1920,1080,Low,Ultra,Low,Off,On,0,68.5
LeagueOfLegends,8000,4500,2500,19700,26500,3500,1280,720,Low,High,Ultra,Off,On,0,333.4
SpiderMan,17800,11000,3500,34900,18100,2500,1920,1080,Low,Low,Low,FXAA,On,1,139.7
Cyberpunk2077,14200,9000,2500,22500,24500,4000,1920,1080,Ultra,Low,High,FXAA,Off,0,64.8
Valorant,8000,5000,2500,34900,14000,3500,1920,1080,Ultra,High,Ultra,FXAA,On,-1,273.2
Minecraft,8000,4000,2500,22500,24500,7500,1920,1080,Low,Ultra,Low,FXAA,On,0,287.0
CS_GO,9000,5500,2500,29000,24500,3500,1920,1080,Medium,Low,Ultra,TAA,On,-1,380.4
Minecraft,8000,4000,2500,22500,18100,5500,2560,1440,Low,Low,Medium,TAA,Off,1,285.6
Destiny2,14200,9000,2500,22500,24500,3500,3840,2160,Medium,Medium,Low,TAA,On,0,54.9
AssassinsCreed,17800,11000,3500,22500,24500,4000,1920,1080,Ultra,High,Medium,FXAA,Off,1,68.5
Cyberpunk2077,14200,9000,2500,22500,26500,3500,2560,1440,Medium,Medium,Medium,TAA,Off,0,66.8
EldenRing,14200,9000,3500,25200,24500,4000,2560,1440,Ultra,High,Ultra,TAA,On,-1,42.3
Minecraft,8000,4000,2500,28200,26500,4000,1920,1080,Low,Low,High,FXAA,Off,0,284.7
CS_GO,9000,5500,2500,28200,9000,6000,2560,1440,High,Medium,Ultra,TAA,Off,1,216.3
SpiderMan,17800,11000,3500,22500,17500,5500,1280,720,High,Medium,Medium,TAA,Off,0,108.9
EldenRing,14200,9000,3500,22500,18100,5500,1280,720,High,Ultra,Ultra,FXAA,Off,-1,94.6
HorizonZeroDawn,17800,11000,3500,22500,38500,5500,1920,1080,Medium,Low,Ultra,FXAA,On,-1,110.1
RedDeadRedemption2,17800,11000,3500,17800,18100,5500,1920,1080,Medium,High,Ultra,FXAA,Off,-1,42.8
ApexLegends,14200,9000,2500,22500,24500,2500,1920,1080,High,Medium,High,FXAA,On,0,151.8
Minecraft,8000,4000,2500,28200,24500,5500,1920,1080,Medium,Ultra,Low,FXAA,Off,-1,295.8
PUBG,14200,9000,2500,29000,18100,2500,1920,1080,High,High,Medium,TAA,On,0,96.2
TheWitcher3,14200,9000,2500,19700,38500,2500,2560,1440,Low,Ultra,High,TAA,Off,-1,97.9
CS_GO,9000,5500,2500,14200,11000,7500,1280,720,Medium,Ultra,Ultra,Off,On,-1,355.9
Valorant,8000,5000,2500,17800,18100,3500,2560,1440,Medium,Ultra,Ultra,Off,On,-1,251.1
LeagueOfLegends,8000,4500,2500,28200,11000,2500,1920,1080,High,Medium,Medium,FXAA,Off,0,322.1
RocketLeague,11000,7000,2500,22500,26500,4000,1920,1080,Medium,Ultra,High,Off,On,0,292.8
Minecraft,8000,4000,2500,19700,24500,2500,2560,1440,Low,Medium,Medium,TAA,On,1,295.5
AssassinsCreed,17800,11000,3500,19700,17500,4000,3840,2160,Medium,Ultra,High,TAA,On,-1,18.5
Overwatch,12000,8000,2500,22500,26500,2500,2560,1440,Ultra,High,High,FXAA,On,1,112.9
Warzone,17800,13000,3500,34900,14000,2500,3840,2160,Medium,Medium,Medium,Off,Off,0,26.4
SpiderMan,17800,11000,3500,28200,17500,4000,1920,1080,High,Medium,Low,TAA,On,1,81.3
Warzone,17800,13000,3500,25200,17500,4000,1280,720,Ultra,Low,Low,FXAA,On,0,68.5
LeagueOfLegends,8000,4500,2500,28200,14000,5500,1280,720,Ultra,Low,Ultra,Off,On,1,335.2
GenshinImpact,12000,7800,2500,25200,11000,4000,1920,1080,Ultra,Low,Ultra,Off,Off,1,96.8
PUBG,14200,9000,2500,25200,9000,4000,1920,1080,Low,Ultra,Low,FXAA,Off,0,111.9
EldenRing,14200,9000,3500,19700,18100,3500,1280,720,High,Ultra,High,FXAA,On,-1,89.2
EldenRing,14200,9000,3500,28200,11000,2500,1280,720,High,Low,Low,FXAA,Off,1,117.9
AssassinsCreed,17800,11000,3500,19700,17500,5500,1920,1080,Medium,Ultra,High,TAA,On,-1,55.7
Overwatch,12000,8000,2500,17800,11000,2500,1920,1080,Low,High,Ultra,FXAA,Off,1,187.3
LeagueOfLegends,8000,4500,2500,25200,17500,4000,2560,1440,Medium,Medium,Low,TAA,Off,1,324.1
PUBG,14200,9000,2500,28200,11000,4000,1920,1080,Low,Medium,Medium,TAA,On,-1,109.7
EldenRing,14200,9000,3500,25200,11000,3500,1280,720,Ultra,Medium,Medium,TAA,Off,0,77.3
GenshinImpact,12000,7800,2500,22500,26500,3500,1280,720,Low,High,Low,Off,On,-1,116.7
GTA_V,10000,6500,2500,25200,14000,4000,1920,1080,Ultra,High,High,TAA,On,0,95.7
RainbowSixSiege,14200,9000,2500,25200,24500,4000,2560,1440,Low,Medium,Medium,TAA,Off,1,205.4
TheWitcher3,14200,9000,2500,17800,17500,2500,2560,1440,Ultra,Ultra,Medium,TAA,Off,0,31.9
RainbowSixSiege,14200,9000,2500,19700,24500,4000,2560,1440,Low,Low,Ultra,FXAA,Off,0,181.0
Fortnite,12000,7500,2500,25200,11000,2500,1920,1080,Low,Medium,High,TAA,Off,0,182.0
CS_GO,9000,5500,2500,25200,17500,3500,1920,1080,Ultra,Ultra,Ultra,FXAA,Off,0,251.4
HorizonZeroDawn,17800,11000,3500,22500,18100,4000,1920,1080,Low,High,Medium,FXAA,Off,1,103.2
CS_GO,9000,5500,2500,28200,18100,3500,1280,720,Ultra,Medium,Medium,Off,Off,1,368.5
Warzone,17800,13000,3500,25200,26500,4000,1920,1080,Low,Medium,High,Off,On,1,129.3
Destiny2,14200,9000,2500,28200,18100,3500,1920,1080,Low,High,High,FXAA,Off,-1,144.9
Destiny2,14200,9000,2500,29000,17500,5500,1920,1080,Ultra,High,High,Off,On,1,106.3
HorizonZeroDawn,17800,11000,3500,28200,17500,4000,2560,1440,High,Ultra,High,Off,On,0,38.1
Minecraft,8000,4000,2500,19700,18100,2500,3840,2160,High,Low,Low,FXAA,On,0,150.4
Overwatch,12000,8000,2500,22500,17500,2500,2560,1440,High,Ultra,High,Off,Off,1,113.7
RainbowSixSiege,14200,9000,2500,22500,18100,3500,2560,1440,Medium,Medium,Ultra,FXAA,On,0,109.9
GTA_V,10000,6500,2500,25200,24500,3500,2560,1440,Low,High,Low,Off,On,0,174.2
ApexLegends,14200,9000,2500,29000,14000,4000,3840,2160,Low,High,Ultra,Off,Off,0,63.9
LeagueOfLegends,8000,4500,2500,19700,11000,2500,1920,1080,Medium,High,Medium,TAA,On,-1,257.2
SpiderMan,17800,11000,3500,25200,26500,3500,1920,1080,High,High,High,FXAA,Off,1,103.1
Fortnite,12000,7500,2500,17800,24500,5500,3840,2160,Ultra,Ultra,Low,FXAA,On,-1,39.3
AssassinsCreed,17800,11000,3500,22500,18100,4000,2560,1440,Low,Low,Medium,FXAA,On,0,75.6
EldenRing,14200,9000,3500,19700,14000,3500,1920,1080,Low,Medium,Medium,TAA,On,0,113.6
CS_GO,9000,5500,2500,17800,17500,2500,1920,1080,Low,High,Medium,Off,On,-1,391.9
Destiny2,14200,9000,2500,22500,18100,3500,2560,1440,Ultra,High,Ultra,TAA,On,0,48.1
Destiny2,14200,9000,2500,19700,17500,2500,2560,1440,High,Low,Low,Off,On,-1,62.3
RedDeadRedemption2,17800,11000,3500,25200,11000,5500,2560,1440,Medium,Low,Ultra,TAA,On,-1,25.9
Minecraft,8000,4000,2500,25200,14000,3500,2560,1440,High,Ultra,Medium,TAA,On,0,179.6
Fortnite,12000,7500,2500,19700,14000,3500,1920,1080,Medium,Low,Ultra,FXAA,On,0,159.6
ApexLegends,14200,9000,2500,19700,24500,4000,3840,2160,Medium,Ultra,Ultra,FXAA,On,0,49.3
ApexLegends,14200,9000,2500,29000,17500,4000,2560,1440,Ultra,High,Low,Off,Off,0,73.8
Valorant,8000,5000,2500,22500,26500,3500,2560,1440,Ultra,Low,Medium,FXAA,On,1,354.1
Cyberpunk2077,14200,9000,2500,22500,24500,2500,2560,1440,Low,High,Medium,FXAA,On,1,78.7
GenshinImpact,12000,7800,2500,22500,14000,2500,2560,1440,Low,High,High,TAA,Off,-1,85.7
GenshinImpact,12000,7800,2500,14200,14000,4000,1920,1080,Medium,Low,Medium,FXAA,On,0,114.8
Fortnite,12000,7500,2500,22500,24500,4000,1280,720,Medium,Ultra,Medium,FXAA,Off,1,236.6
SpiderMan,17800,11000,3500,28200,14000,4000,1920,1080,Low,Low,High,TAA,Off,-1,94.3
Overwatch,12000,8000,2500,34900,26500,6000,2560,1440,Medium,Ultra,Ultra,FXAA,On,-1,142.0
AssassinsCreed,17800,11000,3500,22500,14000,4000,1920,1080,High,Medium,Ultra,TAA,On,1,61.4
Fortnite,12000,7500,2500,34900,11000,3500,3840,2160,Low,Medium,High,FXAA,Off,1,87.7
GenshinImpact,12000,7800,2500,29000,38500,7500,1920,1080,Low,Ultra,Ultra,Off,On,0,119.4
ApexLegends,14200,9000,2500,19700,18100,3500,1920,1080,Medium,Ultra,Ultra,FXAA,Off,1,126.6
RedDeadRedemption2,17800,11000,3500,25200,26500,4000,1280,720,Medium,Ultra,Low,TAA,On,0,88.8
EldenRing,14200,9000,3500,28200,14000,4000,2560,1440,Ultra,High,High,TAA,On,-1,34.3
SpiderMan,17800,11000,3500,25200,18100,3500,2560,1440,Low,Ultra,Low,Off,On,0,68.5
LeagueOfLegends,8000,4500,2500,19700,14000,4000,2560,1440,Ultra,Low,High,Off,Off,0,185.5
RocketLeague,11000,7000,2500,25200,11000,2500,1920,1080,Ultra,High,Ultra,TAA,Off,1,120.1
Cyberpunk2077,14200,9000,2500,14200,24500,4000,1920,1080,Ultra,Low,Low,FXAA,On,0,63.9
Destiny2,14200,9000,2500,22500,24500,3500,1920,1080,Medium,Medium,High,Off,Off,-1,154.8
Warzone,17800,13000,3500,22500,38500,5500,3840,2160,Ultra,Medium,Low,FXAA,Off,1,29.0
Minecraft,8000,4000,2500,29000,26500,4000,2560,1440,Low,Low,Medium,Off,Off,1,277.9
TheWitcher3,14200,9000,2500,17800,17500,5500,2560,1440,Low,Low,Medium,FXAA,On,-1,85.0
Destiny2,14200,9000,2500,19700,18100,2500,3840,2160,Medium,Low,Low,FXAA,On,1,51.0
RedDeadRedemption2,17800,11000,3500,22500,11000,3500,1920,1080,High,High,Low,TAA,On,0,32.4
Fortnite,12000,7500,2500,17800,24500,3500,1920,1080,Medium,High,Medium,TAA,Off,1,217.5
Fortnite,12000,7500,2500,25200,18100,3500,2560,1440,Low,High,High,TAA,On,1,159.3
Destiny2,14200,9000,2500,29000,11000,3500,2560,1440,Medium,Low,Low,Off,Off,1,98.4
HorizonZeroDawn,17800,11000,3500,22500,9000,2500,3840,2160,High,High,High,TAA,Off,1,14.9
ApexLegends,14200,9000,2500,17800,24500,3500,1280,720,Low,High,Low,FXAA,Off,0,232.6
Cyberpunk2077,14200,9000,2500,28200,9000,5500,1920,1080,Medium,High,Ultra,FXAA,Off,0,64.3
HorizonZeroDawn,17800,11000,3500,28200,17500,3500,2560,1440,Low,High,Medium,FXAA,Off,0,61.4
Destiny2,14200,9000,2500,25200,14000,7500,2560,1440,Ultra,Ultra,Ultra,Off,Off,1,60.3
CS_GO,9000,5500,2500,25200,38500,4000,3840,2160,Ultra,Ultra,Low,TAA,On,1,163.2
Destiny2,14200,9000,2500,28200,14000,3500,1920,1080,Ultra,Medium,Ultra,TAA,On,0,72.6
ApexLegends,14200,9000,2500,25200,18100,3500,2560,1440,High,Ultra,Medium,Off,On,0,74.8
RainbowSixSiege,14200,9000,2500,28200,17500,4000,2560,1440,Low,Ultra,High,TAA,Off,1,148.4
TheWitcher3,14200,9000,2500,28200,18100,2500,3840,2160,High,Ultra,Medium,TAA,Off,0,29.0
RainbowSixSiege,14200,9000,2500,25200,14000,3500,1920,1080,Low,Low,Low,TAA,Off,1,228.3
Valorant,8000,5000,2500,25200,11000,3500,2560,1440,Medium,Medium,High,Off,On,0,313.5
GenshinImpact,12000,7800,2500,28200,17500,2500,2560,1440,Medium,Low,Ultra,Off,Off,0,111.0
Warzone,17800,13000,3500,22500,18100,3500,2560,1440,Medium,Ultra,Medium,TAA,On,0,36.3
PUBG,14200,9000,2500,19700,18100,6000,1920,1080,High,Medium,High,TAA,On,-1,88.0
RocketLeague,11000,7000,2500,22500,11000,6000,1280,720,Low,Ultra,High,FXAA,Off,-1,278.2
Overwatch,12000,8000,2500,28200,26500,5500,1280,720,High,Medium,Medium,Off,Off,1,296.1
RocketLeague,11000,7000,2500,25200,14000,7500,2560,1440,Medium,Ultra,Low,FXAA,Off,0,163.8
Fortnite,12000,7500,2500,22500,18100,3500,2560,1440,Medium,High,Low,FXAA,On,1,130.3
GTA_V,10000,6500,2500,25200,24500,3500,2560,1440,Medium,High,High,FXAA,On,1,158.2
Destiny2,14200,9000,2500,17800,11000,5500,1280,720,Medium,High,Medium,TAA,On,-1,122.1
TheWitcher3,14200,9000,2500,22500,17500,3500,2560,1440,Ultra,Ultra,Ultra,FXAA,Off,-1,31.2
GenshinImpact,12000,7800,2500,34900,14000,4000,1920,1080,Low,High,High,Off,Off,1,117.1
Fortnite,12000,7500,2500,29000,18100,5500,3840,2160,Ultra,Medium,Ultra,Off,Off,0,47.7
HorizonZeroDawn,17800,11000,3500,14200,18100,4000,2560,1440,Medium,High,Medium,FXAA,On,-1,35.9
RainbowSixSiege,14200,9000,2500,22500,17500,3500,2560,1440,Low,Low,Medium,FXAA,On,1,172.2
Overwatch,12000,8000,2500,29000,24500,4000,2560,1440,Medium,Ultra,Medium,Off,On,0,173.3
Fortnite,12000,7500,2500,28200,24500,3500,1920,1080,High,Ultra,Ultra,FXAA,Off,0,164.0
TheWitcher3,14200,9000,2500,14200,17500,4000,1920,1080,Low,High,Ultra,FXAA,Off,1,128.2
AssassinsCreed,17800,11000,3500,19700,24500,5500,2560,1440,Ultra,Low,Low,Off,On,1,54.4
RocketLeague,11000,7000,2500,25200,11000,2500,3840,2160,Medium,Low,Ultra,FXAA,On,-1,57.3
LeagueOfLegends,8000,4500,2500,19700,14000,4000,3840,2160,High,High,Low,Off,Off,0,132.7
RocketLeague,11000,7000,2500,19700,18100,6000,2560,1440,Ultra,Medium,Low,Off,On,0,120.5
Minecraft,8000,4000,2500,25200,24500,3500,1920,1080,Medium,Ultra,Medium,FXAA,Off,1,285.0
Fortnite,12000,7500,2500,29000,14000,2500,2560,1440,High,Ultra,Ultra,Off,On,1,88.8
Destiny2,14200,9000,2500,28200,17500,3500,1920,1080,Medium,Medium,Ultra,Off,Off,0,144.7
RedDeadRedemption2,17800,11000,3500,19700,17500,3500,1920,1080,High,Ultra,High,FXAA,On,0,36.2
EldenRing,14200,9000,3500,28200,11000,2500,1920,1080,High,Ultra,Medium,FXAA,Off,-1,59.0
Overwatch,12000,8000,2500,28200,14000,4000,1920,1080,Ultra,Medium,Medium,FXAA,Off,0,131.9
PUBG,14200,9000,2500,28200,26500,7500,1920,1080,Low,Low,Ultra,Off,Off,0,195.6
Warzone,17800,13000,3500,25200,24500,6000,3840,2160,Medium,Low,High,TAA,Off,1,38.1
LeagueOfLegends,8000,4500,2500,22500,14000,4000,1920,1080,High,High,Medium,FXAA,On,1,347.6
EldenRing,14200,9000,3500,28200,14000,2500,1920,1080,High,Medium,Medium,Off,Off,0,90.9
RocketLeague,11000,7000,2500,25200,26500,3500,1920,1080,Low,High,Medium,FXAA,On,0,279.5
HorizonZeroDawn,17800,11000,3500,22500,17500,6000,3840,2160,Medium,Ultra,High,FXAA,Off,0,24.9
GTA_V,10000,6500,2500,19700,18100,6000,1280,720,High,Low,High,Off,On,1,178.2
PUBG,14200,9000,2500,22500,24500,4000,1920,1080,Ultra,Medium,Low,TAA,On,0,90.4
GTA_V,10000,6500,2500,25200,24500,3500,1920,1080,Ultra,High,Low,FXAA,Off,0,137.9
TheWitcher3,14200,9000,2500,25200,18100,4000,1920,1080,Ultra,High,High,TAA,Off,0,67.0
AssassinsCreed,17800,11000,3500,25200,11000,3500,2560,1440,Medium,Ultra,Medium,Off,On,0,40.7
LeagueOfLegends,8000,4500,2500,25200,26500,2500,1280,720,Medium,Low,Medium,Off,On,0,322.6
GenshinImpact,12000,7800,2500,14200,38500,4000,2560,1440,Low,Low,Ultra,TAA,On,0,114.0
CS_GO,9000,5500,2500,22500,18100,6000,1920,1080,Medium,Low,Low,TAA,Off,0,395.0
PUBG,14200,9000,2500,22500,18100,2500,2560,1440,High,Low,High,TAA,On,1,67.0
CS_GO,9000,5500,2500,22500,14000,4000,1920,1080,Ultra,Low,High,TAA,On,0,238.5
ApexLegends,14200,9000,2500,17800,26500,4000,3840,2160,Low,Ultra,Medium,Off,On,-1,64.8
TheWitcher3,14200,9000,2500,28200,26500,4000,1920,1080,High,Medium,High,TAA,Off,1,126.2
HorizonZeroDawn,17800,11000,3500,34900,24500,2500,1280,720,Ultra,Low,Medium,TAA,On,0,92.5
Overwatch,12000,8000,2500,29000,17500,2500,2560,1440,Medium,Medium,Medium,Off,Off,0,161.6
GTA_V,10000,6500,2500,25200,17500,5500,1280,720,Medium,Medium,Medium,Off,On,-1,179.2
Warzone,17800,13000,3500,25200,9000,5500,1920,1080,Low,Medium,Ultra,FXAA,On,-1,58.6
Warzone,17800,13000,3500,28200,38500,6000,1920,1080,High,Low,Medium,TAA,Off,0,112.2
RocketLeague,11000,7000,2500,22500,14000,4000,1920,1080,Medium,Medium,Medium,FXAA,Off,0,233.9
AssassinsCreed,17800,11000,3500,28200,11000,7500,1920,1080,Medium,Low,High,TAA,Off,-1,69.7
AssassinsCreed,17800,11000,3500,19700,26500,2500,1920,1080,Ultra,Low,Ultra,TAA,Off,0,59.8
EldenRing,14200,9000,3500,29000,14000,4000,1920,1080,Ultra,Low,Low,TAA,Off,1,81.3
CS_GO,9000,5500,2500,19700,18100,5500,2560,1440,High,Ultra,Medium,TAA,Off,0,218.6
Warzone,17800,13000,3500,22500,17500,2500,1920,1080,Ultra,Medium,Medium,FXAA,On,1,43.8
RocketLeague,11000,7000,2500,28200,38500,6000,2560,1440,Ultra,Low,Medium,FXAA,Off,0,209.6
CS_GO,9000,5500,2500,25200,24500,3500,2560,1440,High,Ultra,High,Off,On,-1,243.6
Destiny2,14200,9000,2500,22500,14000,7500,2560,1440,Ultra,Medium,Ultra,TAA,On,0,54.2
EldenRing,14200,9000,3500,28200,14000,4000,2560,1440,High,Medium,Ultra,TAA,Off,1,59.3
EldenRing,14200,9000,3500,25200,14000,2500,1920,1080,High,Ultra,High,FXAA,Off,0,70.8
Fortnite,12000,7500,2500,17800,17500,5500,3840,2160,Low,Low,Low,TAA,On,1,96.9
GenshinImpact,12000,7800,2500,22500,24500,3500,1920,1080,Ultra,Medium,High,TAA,Off,-1,99.6
HorizonZeroDawn,17800,11000,3500,25200,24500,3500,1280,720,Low,Ultra,High,TAA,On,-1,120.0
Warzone,17800,13000,3500,19700,24500,2500,3840,2160,Ultra,Medium,Low,TAA,Off,1,19.3
Overwatch,12000,8000,2500,25200,14000,3500,1280,720,Ultra,Ultra,Medium,FXAA,On,0,142.6
RainbowSixSiege,14200,9000,2500,34900,11000,2500,1280,720,Ultra,Low,Medium,TAA,Off,0,148.2
CS_GO,9000,5500,2500,19700,26500,3500,1920,1080,Medium,Ultra,Medium,Off,Off,0,384.8
PUBG,14200,9000,2500,25200,24500,3500,1920,1080,High,Low,Ultra,TAA,On,0,118.9
GenshinImpact,12000,7800,2500,19700,18100,4000,2560,1440,Medium,High,Ultra,FXAA,On,0,87.2
LeagueOfLegends,8000,4500,2500,28200,24500,4000,1920,1080,High,Ultra,Ultra,Off,Off,0,330.7
Warzone,17800,13000,3500,19700,17500,6000,2560,1440,High,Medium,Ultra,Off,Off,0,38.7
Minecraft,8000,4000,2500,22500,17500,2500,1920,1080,Ultra,Ultra,Ultra,Off,Off,-1,215.4
TheWitcher3,14200,9000,2500,19700,17500,4000,1920,1080,High,Medium,Low,Off,Off,0,95.8
Minecraft,8000,4000,2500,19700,17500,4000,2560,1440,Medium,Ultra,Ultra,Off,Off,-1,223.9
HorizonZeroDawn,17800,11000,3500,28200,17500,4000,2560,1440,High,Medium,Ultra,Off,On,-1,39.1
AssassinsCreed,17800,11000,3500,25200,17500,3500,3840,2160,High,Medium,Ultra,Off,On,0,23.8
TheWitcher3,14200,9000,2500,25200,18100,5500,3840,2160,Medium,High,Medium,FXAA,Off,-1,36.4
GTA_V,10000,6500,2500,28200,17500,7500,1920,1080,Medium,Ultra,High,FXAA,On,-1,156.6
GenshinImpact,12000,7800,2500,25200,17500,2500,1920,1080,Ultra,Low,Medium,Off,On,0,110.9
Minecraft,8000,4000,2500,25200,17500,4000,2560,1440,Ultra,Ultra,Low,FXAA,Off,1,201.4
Fortnite,12000,7500,2500,34900,24500,3500,1920,1080,Ultra,Medium,Low,Off,On,0,173.0
Destiny2,14200,9000,2500,14200,14000,5500,1280,720,High,Medium,High,Off,On,1,160.8
EldenRing,14200,9000,3500,22500,18100,3500,1920,1080,Ultra,Low,Ultra,Off,On,-1,62.8
GTA_V,10000,6500,2500,28200,14000,4000,1920,1080,Medium,High,Low,Off,On,0,166.1
TheWitcher3,14200,9000,2500,19700,26500,3500,1920,1080,Medium,Ultra,Medium,TAA,On,0,115.8
RainbowSixSiege,14200,9000,2500,28200,11000,4000,1920,1080,Low,Ultra,Ultra,TAA,On,0,156.1
SpiderMan,17800,11000,3500,28200,24500,3500,1280,720,Low,Low,Low,TAA,On,0,142.2
TheWitcher3,14200,9000,2500,17800,17500,3500,1920,1080,High,High,Ultra,FXAA,On,1,86.8
GTA_V,10000,6500,2500,25200,26500,2500,1920,1080,Ultra,Low,Ultra,FXAA,On,1,163.1
GTA_V,10000,6500,2500,17800,9000,3500,3840,2160,Ultra,Ultra,Low,FXAA,On,1,25.6
RocketLeague,11000,7000,2500,19700,17500,5500,1920,1080,Ultra,Ultra,Ultra,FXAA,On,0,132.0
AssassinsCreed,17800,11000,3500,17800,17500,4000,2560,1440,High,Ultra,Ultra,TAA,Off,1,37.1
Cyberpunk2077,14200,9000,2500,29000,26500,4000,2560,1440,High,Medium,High,Off,On,1,67.1
Valorant,8000,5000,2500,17800,24500,7500,3840,2160,Ultra,Medium,Medium,Off,On,1,191.5
TheWitcher3,14200,9000,2500,28200,17500,3500,2560,1440,High,Medium,High,TAA,Off,0,61.6
GTA_V,10000,6500,2500,25200,17500,4000,1920,1080,High,Ultra,Ultra,TAA,Off,1,140.1
LeagueOfLegends,8000,4500,2500,19700,11000,4000,3840,2160,Low,Low,High,TAA,On,-1,127.2
EldenRing,14200,9000,3500,25200,17500,6000,2560,1440,Ultra,Ultra,High,TAA,Off,1,45.8
Fortnite,12000,7500,2500,29000,11000,3500,2560,1440,High,Ultra,Low,TAA,Off,0,79.2
ApexLegends,14200,9000,2500,22500,38500,3500,1920,1080,Low,Medium,High,FXAA,Off,1,229.1
RedDeadRedemption2,17800,11000,3500,29000,17500,3500,1920,1080,Low,Low,Ultra,TAA,Off,0,70.6
Cyberpunk2077,14200,9000,2500,28200,26500,3500,1920,1080,Ultra,Medium,High,Off,Off,1,76.7
Overwatch,12000,8000,2500,29000,26500,3500,2560,1440,Medium,Low,Medium,Off,Off,0,224.4
GenshinImpact,12000,7800,2500,22500,18100,4000,1920,1080,Low,Ultra,Low,Off,On,1,118.5
Minecraft,8000,4000,2500,19700,24500,4000,2560,1440,Low,High,High,TAA,Off,1,298.0
TheWitcher3,14200,9000,2500,22500,11000,6000,1920,1080,Low,Low,Ultra,Off,Off,1,141.8
Warzone,17800,13000,3500,25200,38500,2500,1920,1080,Low,Ultra,Ultra,Off,On,0,117.9
GTA_V,10000,6500,2500,34900,26500,4000,1920,1080,Medium,Medium,High,TAA,Off,0,171.3
RocketLeague,11000,7000,2500,29000,24500,5500,1920,1080,High,Ultra,High,TAA,Off,-1,210.4
Overwatch,12000,8000,2500,22500,18100,4000,2560,1440,High,Ultra,Low,TAA,Off,-1,87.4
CS_GO,9000,5500,2500,29000,18100,2500,2560,1440,High,Low,High,TAA,Off,1,290.8
GenshinImpact,12000,7800,2500,22500,17500,3500,1280,720,Low,Medium,Medium,Off,Off,1,115.9
LeagueOfLegends,8000,4500,2500,22500,17500,6000,2560,1440,High,Low,High,TAA,On,-1,235.0
RedDeadRedemption2,17800,11000,3500,14200,26500,2500,1920,1080,Ultra,Medium,High,FXAA,On,-1,32.9
EldenRing,14200,9000,3500,22500,11000,6000,2560,1440,Medium,Medium,High,TAA,Off,0,62.0
GenshinImpact,12000,7800,2500,22500,26500,2500,2560,1440,Low,Medium,High,FXAA,On,0,116.6
Fortnite,12000,7500,2500,34900,11000,5500,2560,1440,High,Ultra,Medium,FXAA,On,-1,73.9
EldenRing,14200,9000,3500,22500,11000,3500,1920,1080,Ultra,Ultra,Medium,TAA,Off,0,44.0
SpiderMan,17800,11000,3500,34900,11000,2500,2560,1440,High,High,Medium,Off,Off,1,49.5
RocketLeague,11000,7000,2500,22500,14000,4000,2560,1440,Low,Ultra,Ultra,TAA,Off,-1,127.3
ApexLegends,14200,9000,2500,22500,18100,2500,1920,1080,Medium,Medium,Medium,Off,On,1,164.7
RainbowSixSiege,14200,9000,2500,17800,17500,3500,2560,1440,Low,Ultra,Low,Off,On,0,128.1
EldenRing,14200,9000,3500,25200,14000,3500,1920,1080,Low,Medium,Medium,FXAA,On,1,113.7
SpiderMan,17800,11000,3500,25200,9000,2500,2560,1440,Medium,Medium,Ultra,Off,Off,-1,32.5
Fortnite,12000,7500,2500,28200,17500,2500,1920,1080,Medium,Ultra,Medium,TAA,On,0,160.5
Valorant,8000,5000,2500,19700,26500,6000,2560,1440,High,Medium,High,FXAA,Off,1,384.6
Fortnite,12000,7500,2500,29000,17500,2500,3840,2160,Ultra,Ultra,High,FXAA,Off,0,39.0
CS_GO,9000,5500,2500,29000,14000,2500,1920,1080,Ultra,Ultra,High,TAA,Off,1,247.8
RocketLeague,11000,7000,2500,25200,18100,5500,1920,1080,High,High,High,Off,On,-1,195.5
EldenRing,14200,9000,3500,25200,17500,3500,2560,1440,High,Ultra,Medium,Off,Off,0,58.9
RedDeadRedemption2,17800,11000,3500,19700,14000,2500,1280,720,Low,High,High,TAA,On,1,77.9
RainbowSixSiege,14200,9000,2500,28200,26500,3500,2560,1440,Ultra,High,Ultra,TAA,Off,1,92.5
RocketLeague,11000,7000,2500,25200,18100,6000,1920,1080,High,Medium,Medium,TAA,Off,0,247.3
TheWitcher3,14200,9000,2500,22500,26500,6000,1920,1080,Ultra,Low,High,FXAA,Off,1,110.1
Valorant,8000,5000,2500,22500,17500,4000,1920,1080,Medium,Low,High,Off,Off,-1,369.9
Fortnite,12000,7500,2500,25200,11000,2500,1280,720,High,Medium,Medium,TAA,On,-1,139.2
Overwatch,12000,8000,2500,28200,17500,2500,1920,1080,Ultra,Ultra,High,TAA,Off,0,109.7
RedDeadRedemption2,17800,11000,3500,17800,18100,3500,1920,1080,Low,Medium,Low,Off,Off,0,71.2
RocketLeague,11000,7000,2500,22500,18100,2500,1920,1080,Medium,Ultra,Medium,FXAA,On,-1,179.9
AssassinsCreed,17800,11000,3500,22500,18100,2500,1920,1080,High,Ultra,Low,FXAA,Off,0,60.2
RedDeadRedemption2,17800,11000,3500,19700,14000,4000,1920,1080,Medium,High,High,FXAA,On,0,45.4
RedDeadRedemption2,17800,11000,3500,25200,17500,6000,1920,1080,High,Low,High,TAA,On,-1,41.8
Overwatch,12000,8000,2500,25200,14000,2500,1280,720,Ultra,Low,Ultra,Off,On,1,192.7
HorizonZeroDawn,17800,11000,3500,22500,17500,2500,1920,1080,Ultra,Medium,Low,FXAA,On,0,46.3
Fortnite,12000,7500,2500,17800,18100,2500,2560,1440,Low,Low,High,Off,Off,0,152.4
TheWitcher3,14200,9000,2500,28200,38500,2500,1920,1080,Ultra,High,Medium,Off,Off,-1,98.4
ApexLegends,14200,9000,2500,22500,17500,4000,1920,1080,Medium,High,Low,Off,On,0,159.5
RocketLeague,11000,7000,2500,25200,9000,3500,1920,1080,High,High,Medium,Off,Off,1,187.6
HorizonZeroDawn,17800,11000,3500,22500,14000,4000,1280,720,Low,Ultra,Medium,TAA,Off,0,102.8
Valorant,8000,5000,2500,22500,17500,3500,2560,1440,Ultra,Ultra,Medium,Off,Off,-1,173.5
RedDeadRedemption2,17800,11000,3500,28200,11000,3500,2560,1440,Medium,Low,Ultra,FXAA,On,-1,23.9
ApexLegends,14200,9000,2500,25200,24500,3500,1920,1080,Low,Ultra,Ultra,TAA,Off,-1,150.1
Overwatch,12000,8000,2500,25200,26500,4000,1920,1080,Ultra,High,Ultra,FXAA,On,1,183.7
Overwatch,12000,8000,2500,29000,9000,5500,1920,1080,Low,Low,Medium,TAA,Off,1,273.4
ApexLegends,14200,9000,2500,28200,11000,4000,1280,720,Low,High,Ultra,FXAA,Off,-1,187.7
HorizonZeroDawn,17800,11000,3500,25200,18100,3500,1920,1080,Medium,Medium,Medium,TAA,Off,0,79.8
Destiny2,14200,9000,2500,25200,14000,5500,1920,1080,Low,Ultra,Low,FXAA,On,0,153.8
Valorant,8000,5000,2500,17800,17500,2500,2560,1440,High,Low,High,TAA,On,0,279.4
GTA_V,10000,6500,2500,22500,11000,6000,1920,1080,Low,High,High,FXAA,On,-1,156.3
RocketLeague,11000,7000,2500,25200,24500,3500,1280,720,Medium,High,High,TAA,Off,0,287.2
Destiny2,14200,9000,2500,25200,24500,3500,2560,1440,Ultra,High,Medium,FXAA,Off,1,73.7
RainbowSixSiege,14200,9000,2500,25200,18100,5500,1920,1080,Ultra,Medium,Ultra,TAA,Off,1,121.8
LeagueOfLegends,8000,4500,2500,19700,26500,3500,1920,1080,Ultra,High,Low,Off,Off,0,325.0
RedDeadRedemption2,17800,11000,3500,22500,18100,2500,1920,1080,Low,High,Ultra,TAA,Off,0,59.5
Valorant,8000,5000,2500,25200,24500,2500,2560,1440,Medium,Low,Medium,TAA,On,0,387.1
LeagueOfLegends,8000,4500,2500,17800,17500,4000,3840,2160,Medium,Medium,High,Off,On,0,171.3
Cyberpunk2077,14200,9000,2500,25200,17500,5500,2560,1440,High,Medium,Ultra,FXAA,On,0,48.6
SpiderMan,17800,11000,3500,28200,17500,6000,1920,1080,High,High,Ultra,TAA,On,0,71.4
Valorant,8000,5000,2500,22500,24500,5500,1920,1080,Ultra,Ultra,Low,TAA,Off,0,384.4
RedDeadRedemption2,17800,11000,3500,22500,17500,2500,3840,2160,High,Medium,Low,Off,On,0,16.7
Cyberpunk2077,14200,9000,2500,25200,11000,4000,1920,1080,Medium,Ultra,High,Off,Off,-1,52.1
HorizonZeroDawn,17800,11000,3500,25200,18100,4000,1920,1080,High,Ultra,Low,TAA,On,0,57.4
Fortnite,12000,7500,2500,22500,11000,6000,2560,1440,High,Low,Medium,TAA,Off,1,102.7
Valorant,8000,5000,2500,22500,17500,3500,2560,1440,Ultra,Low,Ultra,Off,On,1,262.3
Destiny2,14200,9000,2500,22500,17500,5500,2560,1440,Medium,Low,Ultra,Off,Off,0,105.2
EldenRing,14200,9000,3500,19700,14000,3500,2560,1440,Ultra,Medium,Medium,FXAA,On,0,36.7
LeagueOfLegends,8000,4500,2500,28200,17500,4000,1920,1080,Medium,Medium,Ultra,TAA,On,1,326.9
AssassinsCreed,17800,11000,3500,22500,11000,4000,1920,1080,Low,Medium,Medium,TAA,Off,1,90.6
CS_GO,9000,5500,2500,17800,17500,4000,1920,1080,High,Low,Medium,Off,On,0,389.9
AssassinsCreed,17800,11000,3500,25200,18100,2500,1920,1080,High,Ultra,Low,FXAA,On,1,68.1
LeagueOfLegends,8000,4500,2500,19700,18100,5500,2560,1440,Ultra,Medium,Medium,FXAA,On,0,212.6
PUBG,14200,9000,2500,34900,18100,3500,3840,2160,Medium,Low,Medium,Off,On,1,62.1
CS_GO,9000,5500,2500,29000,11000,2500,1920,1080,Low,Low,Ultra,TAA,On,0,393.8
ApexLegends,14200,9000,2500,19700,24500,2500,3840,2160,High,Ultra,High,Off,Off,0,47.2
HorizonZeroDawn,17800,11000,3500,19700,18100,4000,2560,1440,Medium,Medium,High,FXAA,Off,1,52.5
AssassinsCreed,17800,11000,3500,28200,14000,6000,2560,1440,Ultra,Low,High,Off,On,0,36.8
SpiderMan,17800,11000,3500,28200,24500,2500,2560,1440,Medium,Low,High,FXAA,On,0,73.2
GenshinImpact,12000,7800,2500,19700,11000,2500,1920,1080,Medium,Ultra,Low,Off,Off,0,104.2
PUBG,14200,9000,2500,25200,38500,2500,1920,1080,Low,Ultra,Low,FXAA,On,1,198.5
Overwatch,12000,8000,2500,25200,14000,7500,2560,1440,Medium,Medium,Ultra,TAA,On,1,154.5
ApexLegends,14200,9000,2500,14200,14000,3500,3840,2160,High,Ultra,High,Off,Off,-1,25.6
PUBG,14200,9000,2500,19700,11000,3500,1920,1080,Medium,Ultra,High,TAA,On,1,80.4
Cyberpunk2077,14200,9000,2500,22500,18100,3500,1920,1080,Low,High,Medium,Off,Off,0,102.1
Overwatch,12000,8000,2500,29000,11000,2500,2560,1440,High,Ultra,High,Off,On,-1,74.5
GenshinImpact,12000,7800,2500,17800,14000,3500,1920,1080,High,Medium,High,TAA,On,0,99.2
Valorant,8000,5000,2500,22500,17500,2500,1280,720,Low,Medium,Ultra,FXAA,Off,-1,371.3
Valorant,8000,5000,2500,28200,14000,2500,3840,2160,High,Low,High,FXAA,Off,1,175.5
LeagueOfLegends,8000,4500,2500,25200,24500,4000,1920,1080,Low,Low,Low,TAA,Off,0,332.3
SpiderMan,17800,11000,3500,17800,24500,3500,1280,720,Medium,Ultra,Medium,FXAA,Off,0,122.4
Fortnite,12000,7500,2500,17800,18100,2500,1920,1080,Ultra,Medium,High,FXAA,Off,0,111.9
EldenRing,14200,9000,3500,22500,17500,5500,1920,1080,High,Medium,High,FXAA,Off,-1,85.5
Cyberpunk2077,14200,9000,2500,19700,26500,3500,1920,1080,Low,Low,Low,FXAA,Off,0,117.9
EldenRing,14200,9000,3500,28200,18100,3500,2560,1440,Medium,Low,Ultra,FXAA,On,-1,67.0
GenshinImpact,12000,7800,2500,22500,11000,3500,1920,1080,High,Medium,Medium,TAA,On,-1,80.5
Minecraft,8000,4000,2500,17800,9000,4000,1920,1080,Low,Medium,Low,Off,Off,-1,296.2
Cyberpunk2077,14200,9000,2500,34900,17500,3500,1920,1080,Medium,High,High,Off,On,0,95.6
RedDeadRedemption2,17800,11000,3500,19700,18100,4000,2560,1440,Medium,Medium,High,Off,On,1,38.8
RocketLeague,11000,7000,2500,22500,18100,5500,1920,1080,Low,High,Medium,Off,Off,0,284.0
LeagueOfLegends,8000,4500,2500,22500,18100,3500,2560,1440,Low,Low,Medium,FXAA,On,0,340.9
GTA_V,10000,6500,2500,19700,38500,3500,2560,1440,Ultra,Ultra,Medium,TAA,On,0,99.0
RainbowSixSiege,14200,9000,2500,17800,38500,4000,2560,1440,Medium,Ultra,Medium,FXAA,On,-1,138.0
Warzone,17800,13000,3500,28200,24500,4000,2560,1440,High,Medium,Ultra,Off,On,0,49.0
ApexLegends,14200,9000,2500,22500,38500,4000,2560,1440,Ultra,High,High,FXAA,Off,0,101.0
AssassinsCreed,17800,11000,3500,28200,9000,2500,2560,1440,Ultra,Ultra,High,TAA,On,-1,17.5
Warzone,17800,13000,3500,22500,18100,3500,1920,1080,Low,High,Ultra,FXAA,On,1,86.4
Valorant,8000,5000,2500,28200,18100,6000,3840,2160,Medium,Medium,Ultra,FXAA,On,0,225.5
SpiderMan,17800,11000,3500,14200,26500,4000,1920,1080,High,Low,Ultra,FXAA,On,0,84.5
RedDeadRedemption2,17800,11000,3500,17800,18100,4000,1280,720,Medium,High,Medium,Off,On,0,72.4
EldenRing,14200,9000,3500,29000,17500,2500,2560,1440,Ultra,High,Ultra,Off,On,-1,35.7
EldenRing,14200,9000,3500,28200,26500,2500,3840,2160,Ultra,High,Ultra,Off,On,0,30.1
EldenRing,14200,9000,3500,22500,24500,3500,2560,1440,Medium,Low,Ultra,TAA,Off,0,87.5
PUBG,14200,9000,2500,22500,11000,5500,1920,1080,Low,Medium,Ultra,Off,Off,1,145.3
HorizonZeroDawn,17800,11000,3500,25200,38500,6000,1920,1080,High,Medium,Medium,FXAA,On,1,126.3
Valorant,8000,5000,2500,22500,17500,4000,1920,1080,Medium,Ultra,Ultra,TAA,On,-1,361.6
GenshinImpact,12000,7800,2500,22500,11000,3500,1920,1080,Medium,Medium,Low,FXAA,On,1,114.8
Overwatch,12000,8000,2500,28200,17500,5500,1920,1080,Medium,Ultra,Low,Off,On,-1,202.2
Valorant,8000,5000,2500,19700,18100,3500,1920,1080,Medium,Ultra,Ultra,Off,Off,0,380.9
SpiderMan,17800,11000,3500,28200,18100,5500,1280,720,High,Low,Low,Off,Off,1,140.8
Minecraft,8000,4000,2500,17800,17500,3500,1280,720,Ultra,Low,Medium,FXAA,Off,-1,296.8
Cyberpunk2077,14200,9000,2500,34900,38500,4000,1920,1080,High,Medium,High,TAA,Off,0,115.5
ApexLegends,14200,9000,2500,25200,38500,3500,1920,1080,Low,Ultra,Ultra,Off,Off,-1,223.1
Warzone,17800,13000,3500,19700,14000,3500,3840,2160,Medium,Ultra,High,FXAA,Off,-1,15.0
TheWitcher3,14200,9000,2500,28200,14000,2500,2560,1440,Medium,Medium,Low,TAA,On,1,68.7
Valorant,8000,5000,2500,19700,17500,5500,3840,2160,Low,High,Ultra,TAA,Off,-1,178.6
ApexLegends,14200,9000,2500,28200,14000,3500,1920,1080,Ultra,High,Medium,TAA,On,1,87.7
CS_GO,9000,5500,2500,29000,14000,3500,1280,720,Medium,Low,Low,FXAA,Off,1,376.1
SpiderMan,17800,11000,3500,25200,9000,3500,1920,1080,Medium,Medium,Ultra,FXAA,Off,0,61.3
GenshinImpact,12000,7800,2500,28200,24500,2500,2560,1440,High,Medium,High,TAA,On,1,113.9
RainbowSixSiege,14200,9000,2500,22500,17500,4000,1920,1080,Medium,Medium,Low,Off,Off,0,194.3
Warzone,17800,13000,3500,22500,11000,5500,2560,1440,Medium,Ultra,Low,TAA,Off,0,35.9
Overwatch,12000,8000,2500,28200,24500,5500,2560,1440,Medium,Low,High,Off,Off,0,206.1
Cyberpunk2077,14200,9000,2500,22500,14000,7500,2560,1440,High,High,Medium,FXAA,Off,0,45.1
Destiny2,14200,9000,2500,28200,18100,6000,2560,1440,High,Low,High,FXAA,On,-1,79.2
RedDeadRedemption2,17800,11000,3500,28200,24500,4000,2560,1440,High,Low,Low,FXAA,On,0,40.1
SpiderMan,17800,11000,3500,28200,9000,5500,1920,1080,Low,High,Ultra,Off,On,0,91.2
LeagueOfLegends,8000,4500,2500,17800,18100,5500,2560,1440,Low,Medium,Low,TAA,On,0,349.3
LeagueOfLegends,8000,4500,2500,34900,17500,6000,1920,1080,High,Low,Ultra,FXAA,Off,-1,350.0
GenshinImpact,12000,7800,2500,28200,24500,3500,2560,1440,High,Medium,Medium,FXAA,Off,-1,94.0
GTA_V,10000,6500,2500,25200,26500,5500,3840,2160,High,Ultra,Medium,TAA,On,1,65.4
GenshinImpact,12000,7800,2500,19700,17500,4000,1920,1080,High,Ultra,Medium,Off,Off,0,111.5
LeagueOfLegends,8000,4500,2500,19700,18100,5500,1920,1080,Ultra,High,Ultra,TAA,On,0,272.0
AssassinsCreed,17800,11000,3500,22500,38500,6000,1920,1080,Medium,High,Medium,Off,Off,0,143.6
Overwatch,12000,8000,2500,19700,14000,3500,1920,1080,Ultra,Ultra,Low,TAA,On,1,101.1
GenshinImpact,12000,7800,2500,19700,11000,4000,2560,1440,High,Low,Low,Off,Off,-1,63.7
GenshinImpact,12000,7800,2500,29000,17500,5500,1920,1080,High,Medium,Ultra,TAA,Off,1,115.0
Warzone,17800,13000,3500,22500,18100,2500,1920,1080,Low,Ultra,Medium,TAA,Off,0,71.7
CS_GO,9000,5500,2500,19700,26500,2500,3840,2160,Medium,Ultra,Low,Off,Off,1,207.0
RedDeadRedemption2,17800,11000,3500,28200,14000,3500,1280,720,Ultra,Medium,Low,FXAA,Off,0,50.0
PUBG,14200,9000,2500,29000,24500,2500,2560,1440,Ultra,Medium,High,FXAA,Off,0,61.0
Fortnite,12000,7500,2500,28200,24500,3500,1920,1080,Low,High,Medium,TAA,Off,0,236.4
Warzone,17800,13000,3500,19700,14000,3500,2560,1440,Ultra,Low,High,TAA,Off,0,23.9
Valorant,8000,5000,2500,29000,24500,3500,2560,1440,Ultra,Low,Ultra,TAA,Off,1,329.5
SpiderMan,17800,11000,3500,22500,14000,5500,2560,1440,High,High,Medium,TAA,Off,1,47.5
PUBG,14200,9000,2500,19700,18100,4000,1920,1080,Ultra,Medium,High,Off,Off,0,79.8
Minecraft,8000,4000,2500,25200,26500,6000,1920,1080,Ultra,Low,High,Off,On,-1,291.5
Warzone,17800,13000,3500,19700,17500,2500,1920,1080,Low,Medium,Medium,FXAA,On,0,77.4
RedDeadRedemption2,17800,11000,3500,19700,18100,2500,1920,1080,High,High,High,Off,On,0,40.5
LeagueOfLegends,8000,4500,2500,22500,9000,6000,1920,1080,High,Medium,Ultra,TAA,On,1,312.9
TheWitcher3,14200,9000,2500,22500,24500,2500,2560,1440,Ultra,High,Medium,Off,Off,1,56.0
GenshinImpact,12000,7800,2500,28200,24500,3500,1920,1080,Ultra,Ultra,Low,FXAA,Off,-1,98.4
PUBG,14200,9000,2500,25200,26500,2500,3840,2160,Low,Medium,Medium,TAA,On,0,68.8
RocketLeague,11000,7000,2500,19700,18100,5500,1920,1080,Ultra,Low,Medium,FXAA,On,0,168.3
AssassinsCreed,17800,11000,3500,25200,18100,2500,1280,720,Medium,Medium,High,FXAA,Off,0,121.5
TheWitcher3,14200,9000,2500,28200,18100,5500,2560,1440,Medium,Medium,High,TAA,On,1,84.1
Valorant,8000,5000,2500,28200,14000,4000,2560,1440,Low,Medium,Low,FXAA,On,-1,392.3
EldenRing,14200,9000,3500,19700,9000,3500,1280,720,Medium,High,Medium,TAA,On,-1,84.8
Fortnite,12000,7500,2500,28200,26500,5500,1920,1080,Medium,Ultra,Medium,FXAA,On,1,227.2
Cyberpunk2077,14200,9000,2500,19700,14000,5500,1920,1080,Ultra,Low,High,Off,On,1,59.9
Warzone,17800,13000,3500,28200,26500,4000,2560,1440,Low,Medium,High,FXAA,On,1,83.4
Fortnite,12000,7500,2500,14200,14000,4000,2560,1440,High,Medium,Low,Off,On,1,100.5
LeagueOfLegends,8000,4500,2500,17800,38500,3500,1920,1080,High,Medium,Low,FXAA,Off,0,327.2
Overwatch,12000,8000,2500,34900,14000,5500,1920,1080,Ultra,High,Medium,TAA,On,1,156.2
SpiderMan,17800,11000,3500,19700,18100,3500,2560,1440,Ultra,Ultra,Ultra,FXAA,Off,1,31.5
Cyberpunk2077,14200,9000,2500,25200,26500,2500,1920,1080,Medium,Ultra,High,FXAA,Off,0,89.6
Minecraft,8000,4000,2500,25200,14000,3500,1280,720,Ultra,High,Ultra,Off,Off,0,279.2
Overwatch,12000,8000,2500,22500,18100,5500,1920,1080,Low,Ultra,Low,Off,On,1,299.2
TheWitcher3,14200,9000,2500,28200,14000,3500,2560,1440,Low,Ultra,Medium,Off,Off,0,80.5
Fortnite,12000,7500,2500,22500,18100,6000,2560,1440,Medium,High,Medium,TAA,Off,1,142.9
ApexLegends,14200,9000,2500,22500,11000,4000,2560,1440,Low,Medium,Low,Off,Off,0,113.0
TheWitcher3,14200,9000,2500,19700,17500,4000,1920,1080,Ultra,Low,High,Off,Off,0,71.9
Cyberpunk2077,14200,9000,2500,34900,17500,5500,2560,1440,Low,High,Ultra,Off,Off,-1,66.9
AssassinsCreed,17800,11000,3500,14200,18100,2500,2560,1440,High,High,Medium,TAA,Off,1,37.9
CS_GO,9000,5500,2500,22500,9000,4000,1920,1080,Ultra,Ultra,Low,Off,On,1,211.2
CS_GO,9000,5500,2500,28200,26500,5500,1920,1080,High,Low,Ultra,TAA,Off,0,374.2
HorizonZeroDawn,17800,11000,3500,25200,14000,7500,2560,1440,Medium,Ultra,High,TAA,Off,1,47.7
GTA_V,10000,6500,2500,34900,14000,2500,2560,1440,Low,Low,Low,TAA,Off,0,152.2
Minecraft,8000,4000,2500,29000,14000,3500,2560,1440,Medium,Low,Ultra,TAA,On,1,282.6
RedDeadRedemption2,17800,11000,3500,28200,18100,5500,1920,1080,High,High,Low,TAA,On,-1,40.6
RainbowSixSiege,14200,9000,2500,22500,18100,2500,1280,720,Ultra,Medium,Medium,Off,On,0,165.5
Destiny2,14200,9000,2500,17800,14000,3500,2560,1440,Medium,Low,High,Off,Off,-1,66.4
RedDeadRedemption2,17800,11000,3500,28200,24500,3500,2560,1440,High,Medium,Low,TAA,On,0,39.2
TheWitcher3,14200,9000,2500,19700,11000,4000,1920,1080,High,Low,Low,TAA,Off,0,78.4
GTA_V,10000,6500,2500,19700,17500,3500,1920,1080,Low,High,High,Off,Off,1,171.1
CS_GO,9000,5500,2500,22500,9000,5500,1920,1080,Ultra,Low,Medium,FXAA,On,1,248.8
Destiny2,14200,9000,2500,25200,11000,4000,1920,1080,Ultra,High,Low,Off,On,0,72.9
GenshinImpact,12000,7800,2500,22500,17500,4000,3840,2160,Low,Ultra,Low,Off,Off,0,63.7
Warzone,17800,13000,3500,29000,18100,6000,1920,1080,Medium,Medium,Medium,TAA,Off,0,81.6
Overwatch,12000,8000,2500,17800,24500,3500,1920,1080,Medium,Medium,Low,TAA,On,1,274.3
PUBG,14200,9000,2500,14200,14000,6000,3840,2160,Medium,Medium,Medium,FXAA,On,0,40.4
RedDeadRedemption2,17800,11000,3500,25200,18100,2500,1920,1080,Ultra,High,Low,FXAA,On,-1,30.1
HorizonZeroDawn,17800,11000,3500,25200,9000,4000,1920,1080,Ultra,High,Medium,Off,On,-1,31.5
RainbowSixSiege,14200,9000,2500,28200,18100,2500,2560,1440,Medium,Low,Low,TAA,On,0,128.5
Warzone,17800,13000,3500,34900,18100,3500,1920,1080,Medium,High,High,TAA,Off,0,78.1
Warzone,17800,13000,3500,14200,17500,5500,2560,1440,Medium,Ultra,Medium,TAA,On,0,35.7
Cyberpunk2077,14200,9000,2500,28200,18100,5500,2560,1440,Medium,Medium,Low,Off,Off,0,72.9
Fortnite,12000,7500,2500,17800,18100,5500,1920,1080,Ultra,High,Medium,Off,On,-1,107.9
Cyberpunk2077,14200,9000,2500,17800,17500,3500,2560,1440,Medium,Ultra,Medium,TAA,On,0,40.0
SpiderMan,17800,11000,3500,29000,38500,3500,1920,1080,Ultra,Low,Ultra,FXAA,On,0,94.8
RedDeadRedemption2,17800,11000,3500,22500,17500,2500,2560,1440,Low,Ultra,Medium,FXAA,On,-1,31.6
Destiny2,14200,9000,2500,17800,14000,3500,2560,1440,Low,High,Ultra,TAA,On,1,84.7
GTA_V,10000,6500,2500,28200,24500,2500,2560,1440,Medium,Ultra,Medium,TAA,Off,0,120.9
GenshinImpact,12000,7800,2500,19700,17500,3500,2560,1440,Medium,Ultra,Medium,TAA,Off,1,86.5
GenshinImpact,12000,7800,2500,28200,24500,3500,1920,1080,Medium,Low,High,FXAA,Off,0,110.6
LeagueOfLegends,8000,4500,2500,17800,17500,3500,2560,1440,Medium,High,Low,TAA,Off,0,279.0
CS_GO,9000,5500,2500,28200,17500,4000,3840,2160,Ultra,Low,Low,TAA,Off,-1,93.3
PUBG,14200,9000,2500,17800,11000,2500,2560,1440,Ultra,Ultra,Medium,FXAA,Off,0,28.8
RocketLeague,11000,7000,2500,17800,24500,5500,1920,1080,Ultra,Medium,Medium,Off,On,1,224.0
RocketLeague,11000,7000,2500,29000,11000,2500,1920,1080,High,Medium,Ultra,TAA,On,1,179.6
CS_GO,9000,5500,2500,25200,18100,6000,1920,1080,Medium,Low,Medium,TAA,Off,1,376.4
Destiny2,14200,9000,2500,34900,38500,4000,1920,1080,Low,Medium,Ultra,FXAA,On,-1,192.1
HorizonZeroDawn,17800,11000,3500,17800,17500,6000,2560,1440,High,Low,Medium,TAA,On,0,42.3
GTA_V,10000,6500,2500,25200,24500,7500,1920,1080,High,Medium,Medium,Off,Off,0,167.0
RedDeadRedemption2,17800,11000,3500,14200,38500,4000,1920,1080,Medium,Medium,High,TAA,On,1,91.6
RocketLeague,11000,7000,2500,25200,26500,3500,1920,1080,High,Ultra,Low,FXAA,Off,-1,212.3
Fortnite,12000,7500,2500,22500,18100,2500,1920,1080,Medium,Medium,Low,Off,Off,0,196.8
CS_GO,9000,5500,2500,19700,9000,3500,2560,1440,Low,Medium,High,TAA,Off,1,258.1
AssassinsCreed,17800,11000,3500,28200,26500,2500,3840,2160,High,Low,Medium,Off,Off,0,36.8
HorizonZeroDawn,17800,11000,3500,25200,24500,3500,2560,1440,Low,Medium,Low,Off,Off,0,85.7
TheWitcher3,14200,9000,2500,22500,17500,4000,1920,1080,Medium,High,Ultra,Off,Off,0,105.8
Destiny2,14200,9000,2500,14200,11000,5500,2560,1440,Medium,Low,Ultra,TAA,Off,0,64.5
TheWitcher3,14200,9000,2500,25200,24500,4000,2560,1440,Ultra,High,Medium,Off,On,0,59.6
HorizonZeroDawn,17800,11000,3500,22500,17500,6000,1920,1080,Medium,Ultra,Medium,Off,Off,0,78.3
LeagueOfLegends,8000,4500,2500,22500,17500,2500,1920,1080,Medium,Medium,Ultra,Off,On,-1,346.9
SpiderMan,17800,11000,3500,22500,14000,3500,1920,1080,Ultra,Low,High,Off,Off,-1,46.3
LeagueOfLegends,8000,4500,2500,22500,9000,2500,2560,1440,High,Low,High,TAA,Off,0,182.7
EldenRing,14200,9000,3500,19700,26500,2500,1920,1080,Ultra,Medium,High,Off,On,0,86.1
RocketLeague,11000,7000,2500,34900,17500,6000,2560,1440,Medium,Medium,Ultra,TAA,Off,0,191.2
AssassinsCreed,17800,11000,3500,29000,11000,3500,3840,2160,Medium,Ultra,High,TAA,Off,1,21.9
Destiny2,14200,9000,2500,25200,17500,5500,1920,1080,Medium,High,Low,TAA,Off,0,152.8
CS_GO,9000,5500,2500,19700,18100,4000,2560,1440,Ultra,Low,Ultra,Off,On,0,182.0
AssassinsCreed,17800,11000,3500,14200,24500,5500,1920,1080,High,High,High,TAA,Off,-1,61.4
HorizonZeroDawn,17800,11000,3500,22500,14000,2500,1920,1080,Ultra,High,High,Off,On,1,41.5
Minecraft,8000,4000,2500,29000,17500,2500,2560,1440,Medium,Ultra,Medium,TAA,Off,1,298.8
AssassinsCreed,17800,11000,3500,28200,11000,5500,2560,1440,Medium,Medium,Low,Off,On,-1,45.4
Valorant,8000,5000,2500,28200,18100,7500,1920,1080,Medium,High,Ultra,FXAA,Off,-1,391.9
Warzone,17800,13000,3500,19700,11000,2500,2560,1440,Ultra,Ultra,Low,FXAA,Off,1,19.6
TheWitcher3,14200,9000,2500,17800,26500,4000,1920,1080,Ultra,Medium,Medium,FXAA,On,1,98.7
Minecraft,8000,4000,2500,19700,24500,3500,1920,1080,Low,Low,Ultra,Off,Off,-1,285.4
TheWitcher3,14200,9000,2500,22500,24500,4000,1920,1080,Ultra,High,Medium,FXAA,On,0,79.6
Fortnite,12000,7500,2500,14200,26500,5500,1920,1080,Medium,Medium,Low,FXAA,Off,1,238.2
RainbowSixSiege,14200,9000,2500,22500,17500,3500,2560,1440,High,Ultra,High,Off,On,-1,70.7
SpiderMan,17800,11000,3500,22500,24500,7500,1920,1080,Low,Low,Medium,FXAA,On,0,133.7
RainbowSixSiege,14200,9000,2500,22500,11000,5500,1920,1080,High,Low,High,FXAA,On,-1,113.6
Fortnite,12000,7500,2500,14200,17500,3500,1920,1080,Low,Medium,Ultra,FXAA,On,0,206.6
HorizonZeroDawn,17800,11000,3500,22500,26500,6000,1920,1080,Ultra,Low,Low,FXAA,On,-1,62.0
ApexLegends,14200,9000,2500,19700,14000,5500,1920,1080,Medium,High,Low,Off,Off,1,172.5
LeagueOfLegends,8000,4500,2500,19700,18100,2500,1920,1080,Low,Ultra,High,TAA,On,1,336.9
TheWitcher3,14200,9000,2500,28200,18100,4000,2560,1440,Low,High,Medium,FXAA,Off,0,96.6
AssassinsCreed,17800,11000,3500,17800,14000,6000,2560,1440,Medium,Ultra,Low,FXAA,On,0,45.6
AssassinsCreed,17800,11000,3500,28200,14000,4000,1920,1080,Low,Ultra,Ultra,FXAA,Off,1,87.6
RedDeadRedemption2,17800,11000,3500,28200,17500,4000,1920,1080,High,High,Low,Off,Off,0,53.5
Cyberpunk2077,14200,9000,2500,28200,11000,4000,1920,1080,High,High,Low,FXAA,Off,-1,49.7
LeagueOfLegends,8000,4500,2500,22500,11000,7500,3840,2160,Low,Ultra,Low,TAA,On,1,163.7
Warzone,17800,13000,3500,19700,26500,4000,1920,1080,Low,High,Low,Off,Off,0,114.7
Cyberpunk2077,14200,9000,2500,29000,17500,2500,2560,1440,Medium,Ultra,Medium,Off,Off,0,53.0
AssassinsCreed,17800,11000,3500,25200,14000,4000,3840,2160,Ultra,Ultra,Medium,TAA,Off,0,14.0
AssassinsCreed,17800,11000,3500,14200,18100,3500,3840,2160,Medium,Ultra,High,TAA,On,1,22.3
Destiny2,14200,9000,2500,19700,18100,6000,2560,1440,Ultra,Medium,High,Off,Off,0,66.8
Fortnite,12000,7500,2500,22500,9000,3500,1280,720,Medium,Medium,High,TAA,On,1,195.6
RedDeadRedemption2,17800,11000,3500,25200,11000,4000,1920,1080,Ultra,Medium,Medium,TAA,On,-1,22.5
EldenRing,14200,9000,3500,22500,18100,7500,2560,1440,High,Low,Low,TAA,On,-1,58.9
Overwatch,12000,8000,2500,17800,18100,3500,1280,720,Low,Medium,Ultra,FXAA,Off,0,286.7
RocketLeague,11000,7000,2500,17800,18100,4000,2560,1440,Low,Low,Low,FXAA,Off,0,233.3
Minecraft,8000,4000,2500,29000,26500,4000,3840,2160,High,Ultra,High,TAA,Off,0,160.1
GenshinImpact,12000,7800,2500,25200,26500,5500,2560,1440,High,Medium,High,Off,On,0,115.4
CS_GO,9000,5500,2500,22500,17500,2500,1920,1080,Medium,Ultra,High,FXAA,Off,0,374.7
RedDeadRedemption2,17800,11000,3500,14200,9000,3500,1920,1080,Ultra,Ultra,Medium,TAA,On,1,19.7
AssassinsCreed,17800,11000,3500,19700,9000,4000,2560,1440,Ultra,Ultra,High,TAA,On,1,19.8
ApexLegends,14200,9000,2500,22500,24500,4000,2560,1440,Medium,High,Low,TAA,On,1,130.8
HorizonZeroDawn,17800,11000,3500,25200,17500,5500,3840,2160,Ultra,Medium,Ultra,TAA,Off,1,18.8
CS_GO,9000,5500,2500,17800,38500,5500,3840,2160,Medium,Low,Ultra,FXAA,Off,-1,223.5
RainbowSixSiege,14200,9000,2500,25200,24500,6000,1920,1080,Medium,High,Medium,Off,Off,-1,213.5
RainbowSixSiege,14200,9000,2500,22500,18100,2500,1920,1080,Medium,Low,Low,FXAA,On,0,194.4
SpiderMan,17800,11000,3500,19700,17500,4000,2560,1440,High,Low,Medium,FXAA,On,0,49.4
Destiny2,14200,9000,2500,25200,24500,4000,2560,1440,Ultra,Low,Medium,Off,Off,-1,65.6
Cyberpunk2077,14200,9000,2500,17800,17500,3500,1280,720,Low,Ultra,High,Off,On,0,114.5
PUBG,14200,9000,2500,22500,17500,2500,1920,1080,High,Medium,Low,TAA,On,1,104.8
HorizonZeroDawn,17800,11000,3500,29000,24500,5500,1920,1080,Medium,Medium,Medium,Off,On,0,110.0
RocketLeague,11000,7000,2500,17800,18100,4000,3840,2160,Low,High,High,Off,Off,0,108.0
TheWitcher3,14200,9000,2500,19700,38500,2500,1920,1080,Ultra,Low,High,Off,On,-1,95.2
RainbowSixSiege,14200,9000,2500,19700,18100,4000,2560,1440,High,Low,High,Off,Off,1,114.6
TheWitcher3,14200,9000,2500,25200,26500,2500,1920,1080,High,High,Ultra,Off,On,1,120.3
Cyberpunk2077,14200,9000,2500,19700,24500,4000,1920,1080,Ultra,High,Ultra,FXAA,On,0,57.7
Minecraft,8000,4000,2500,22500,24500,3500,1920,1080,Low,Medium,High,TAA,Off,1,285.1
RocketLeague,11000,7000,2500,29000,17500,6000,1280,720,Medium,Low,Ultra,Off,On,0,282.3
TheWitcher3,14200,9000,2500,17800,17500,3500,2560,1440,Medium,Ultra,High,FXAA,On,0,58.3
Warzone,17800,13000,3500,14200,14000,4000,1920,1080,High,Low,Ultra,Off,On,0,47.0
RainbowSixSiege,14200,9000,2500,25200,18100,7500,1920,1080,High,High,Low,TAA,On,0,167.3
TheWitcher3,14200,9000,2500,34900,14000,4000,2560,1440,High,Ultra,Low,TAA,On,1,56.4
CS_GO,9000,5500,2500,14200,24500,5500,2560,1440,Medium,High,High,Off,On,-1,304.6
TheWitcher3,14200,9000,2500,19700,24500,4000,1280,720,High,High,Low,Off,Off,1,133.1
TheWitcher3,14200,9000,2500,22500,11000,3500,1920,1080,Medium,Ultra,Medium,TAA,On,-1,63.0
SpiderMan,17800,11000,3500,28200,17500,7500,1920,1080,Low,Medium,Ultra,TAA,On,1,133.1
GenshinImpact,12000,7800,2500,19700,14000,2500,3840,2160,Ultra,Low,Ultra,TAA,On,0,25.4
Warzone,17800,13000,3500,22500,11000,4000,3840,2160,Ultra,Ultra,Ultra,FXAA,On,-1,8.4
AssassinsCreed,17800,11000,3500,28200,14000,6000,2560,1440,Low,Ultra,High,FXAA,Off,1,68.8
Cyberpunk2077,14200,9000,2500,14200,14000,6000,3840,2160,Ultra,Ultra,Low,TAA,Off,0,13.2
Overwatch,12000,8000,2500,19700,17500,4000,1920,1080,Ultra,Medium,Ultra,TAA,On,0,120.5
RainbowSixSiege,14200,9000,2500,25200,17500,6000,2560,1440,High,Medium,Medium,Off,On,0,118.1
GenshinImpact,12000,7800,2500,19700,14000,3500,1920,1080,Ultra,High,Medium,Off,On,0,86.7
TheWitcher3,14200,9000,2500,25200,17500,4000,1920,1080,Ultra,Ultra,Medium,TAA,Off,0,62.8
Cyberpunk2077,14200,9000,2500,22500,38500,3500,1920,1080,High,Low,Medium,Off,Off,1,111.3
GTA_V,10000,6500,2500,28200,18100,4000,1920,1080,Low,Medium,Ultra,Off,On,0,176.7
Warzone,17800,13000,3500,25200,24500,7500,3840,2160,Medium,Low,Low,Off,On,-1,34.5
RedDeadRedemption2,17800,11000,3500,22500,18100,3500,2560,1440,High,High,Medium,Off,On,1,34.2
Minecraft,8000,4000,2500,19700,18100,4000,1920,1080,Ultra,Low,Ultra,TAA,On,0,279.0
RedDeadRedemption2,17800,11000,3500,14200,17500,5500,2560,1440,Medium,Ultra,High,TAA,On,0,28.3
AssassinsCreed,17800,11000,3500,22500,17500,2500,1280,720,High,Medium,Medium,TAA,On,1,91.3
AssassinsCreed,17800,11000,3500,17800,17500,4000,1920,1080,Ultra,High,Low,Off,Off,0,50.5
Minecraft,8000,4000,2500,19700,24500,4000,1920,1080,Medium,Medium,Low,FXAA,Off,1,297.4
Cyberpunk2077,14200,9000,2500,28200,18100,4000,1920,1080,High,Medium,Low,FXAA,Off,0,77.6
RocketLeague,11000,7000,2500,19700,11000,4000,1920,1080,Low,Ultra,Medium,Off,Off,0,226.7
AssassinsCreed,17800,11000,3500,28200,18100,3500,2560,1440,Medium,Low,High,FXAA,Off,0,58.8
AssassinsCreed,17800,11000,3500,25200,17500,3500,2560,1440,Medium,Medium,Ultra,Off,Off,1,60.0
EldenRing,14200,9000,3500,29000,17500,6000,1920,1080,Low,Low,Low,TAA,On,-1,117.8
Fortnite,12000,7500,2500,25200,11000,3500,1920,1080,Ultra,Medium,High,Off,Off,0,106.2
EldenRing,14200,9000,3500,28200,17500,3500,3840,2160,Ultra,Ultra,Ultra,TAA,Off,-1,16.8
Destiny2,14200,9000,2500,17800,26500,4000,1920,1080,Low,Ultra,Low,FXAA,Off,0,196.5
GTA_V,10000,6500,2500,28200,17500,2500,1920,1080,Ultra,Medium,Low,Off,Off,0,128.9
LeagueOfLegends,8000,4500,2500,29000,26500,3500,2560,1440,Low,Medium,Ultra,Off,On,-1,346.3
AssassinsCreed,17800,11000,3500,29000,38500,4000,2560,1440,Low,High,Medium,TAA,On,-1,95.3
Fortnite,12000,7500,2500,17800,18100,2500,2560,1440,Medium,Ultra,Ultra,FXAA,On,1,97.2
HorizonZeroDawn,17800,11000,3500,17800,17500,4000,1920,1080,Low,Ultra,Ultra,Off,Off,1,85.8
Warzone,17800,13000,3500,22500,18100,3500,1280,720,Low,High,High,TAA,Off,0,114.2
LeagueOfLegends,8000,4500,2500,29000,14000,6000,2560,1440,Low,Ultra,High,FXAA,On,0,335.0
RocketLeague,11000,7000,2500,29000,17500,3500,3840,2160,Low,Medium,High,FXAA,On,1,124.3
Minecraft,8000,4000,2500,19700,18100,5500,2560,1440,Low,Ultra,Ultra,TAA,Off,0,299.6
AssassinsCreed,17800,11000,3500,19700,17500,5500,1280,720,Ultra,High,Ultra,Off,Off,1,76.0
Fortnite,12000,7500,2500,25200,24500,6000,1920,1080,Low,High,Medium,Off,On,0,223.7
SpiderMan,17800,11000,3500,22500,11000,4000,2560,1440,Ultra,Medium,Ultra,FXAA,On,-1,23.4
Cyberpunk2077,14200,9000,2500,34900,24500,3500,1920,1080,Medium,High,Low,Off,Off,0,117.6
RocketLeague,11000,7000,2500,22500,17500,6000,1920,1080,High,Low,High,FXAA,Off,0,246.0
ApexLegends,14200,9000,2500,19700,24500,6000,2560,1440,Medium,Low,Medium,FXAA,On,1,148.4
Overwatch,12000,8000,2500,19700,17500,2500,1920,1080,Medium,Medium,Ultra,FXAA,On,0,182.4
GenshinImpact,12000,7800,2500,22500,14000,2500,2560,1440,Ultra,Medium,Low,Off,Off,0,60.0
Minecraft,8000,4000,2500,22500,24500,4000,1920,1080,High,Low,Low,Off,On,-1,286.5
GTA_V,10000,6500,2500,14200,17500,3500,1920,1080,Low,Medium,High,FXAA,Off,0,176.0
Warzone,17800,13000,3500,22500,26500,3500,3840,2160,Low,Ultra,Low,FXAA,Off,0,33.4
SpiderMan,17800,11000,3500,22500,17500,3500,1920,1080,Ultra,Low,Low,FXAA,Off,0,60.4
Minecraft,8000,4000,2500,25200,17500,3500,1920,1080,High,Ultra,Medium,Off,Off,0,278.3
Destiny2,14200,9000,2500,25200,9000,2500,1280,720,Low,Ultra,Medium,FXAA,On,0,143.1
Valorant,8000,5000,2500,28200,17500,4000,2560,1440,Medium,Medium,Medium,TAA,Off,1,371.3
Valorant,8000,5000,2500,25200,11000,6000,1920,1080,High,High,Low,TAA,Off,0,391.2
Destiny2,14200,9000,2500,22500,24500,5500,1920,1080,High,Low,Medium,TAA,On,0,144.7
GTA_V,10000,6500,2500,29000,11000,5500,1280,720,High,High,Low,Off,Off,0,171.3
HorizonZeroDawn,17800,11000,3500,17800,11000,3500,2560,1440,High,Low,Low,TAA,Off,0,32.0
Destiny2,14200,9000,2500,25200,17500,3500,1280,720,Low,High,High,FXAA,On,-1,195.4
LeagueOfLegends,8000,4500,2500,22500,17500,4000,1920,1080,Medium,High,Ultra,TAA,Off,0,340.7
RedDeadRedemption2,17800,11000,3500,28200,17500,2500,1920,1080,Medium,Medium,Ultra,Off,On,0,52.1
SpiderMan,17800,11000,3500,22500,14000,2500,1920,1080,Medium,Medium,Medium,TAA,On,1,76.6
GTA_V,10000,6500,2500,28200,18100,6000,2560,1440,Medium,Ultra,Low,Off,Off,0,136.0
Minecraft,8000,4000,2500,19700,38500,4000,2560,1440,Medium,Low,Medium,Off,Off,1,298.8
SpiderMan,17800,11000,3500,28200,24500,4000,2560,1440,Medium,Medium,Low,Off,On,1,93.4
EldenRing,14200,9000,3500,25200,26500,6000,1920,1080,Medium,Ultra,Medium,TAA,Off,0,111.0
LeagueOfLegends,8000,4500,2500,25200,18100,3500,1920,1080,Medium,Medium,Ultra,Off,On,0,327.1
Warzone,17800,13000,3500,14200,38500,4000,1920,1080,Low,Medium,Low,FXAA,Off,-1,117.7
GTA_V,10000,6500,2500,25200,17500,6000,1920,1080,High,High,High,TAA,On,0,145.9
GenshinImpact,12000,7800,2500,29000,17500,4000,2560,1440,Medium,Medium,Ultra,FXAA,On,0,107.9
Destiny2,14200,9000,2500,28200,18100,3500,2560,1440,Ultra,Medium,Low,FXAA,Off,1,69.2
Cyberpunk2077,14200,9000,2500,34900,18100,5500,1920,1080,High,Medium,Medium,Off,Off,0,91.5
Minecraft,8000,4000,2500,19700,24500,2500,2560,1440,Low,Low,High,Off,Off,-1,277.2
Destiny2,14200,9000,2500,19700,11000,3500,1920,1080,Medium,High,Medium,FXAA,On,0,96.4
RocketLeague,11000,7000,2500,25200,26500,3500,1920,1080,High,Medium,High,Off,On,-1,249.4
Cyberpunk2077,14200,9000,2500,17800,11000,4000,1920,1080,Ultra,Low,High,FXAA,On,0,40.7
LeagueOfLegends,8000,4500,2500,19700,11000,4000,1280,720,Medium,Ultra,Ultra,TAA,On,0,328.9
SpiderMan,17800,11000,3500,22500,18100,7500,2560,1440,High,Medium,Medium,FXAA,On,-1,50.0
LeagueOfLegends,8000,4500,2500,19700,11000,4000,1280,720,High,Low,Medium,TAA,On,-1,343.7
EldenRing,14200,9000,3500,25200,26500,5500,2560,1440,Low,Medium,High,TAA,On,-1,96.9
TheWitcher3,14200,9000,2500,28200,24500,5500,1920,1080,Medium,Ultra,Low,TAA,Off,-1,115.7
RedDeadRedemption2,17800,11000,3500,28200,14000,5500,1920,1080,Ultra,High,Medium,TAA,Off,1,37.2
PUBG,14200,9000,2500,22500,24500,5500,2560,1440,Ultra,Low,Low,FXAA,On,-1,63.5
Overwatch,12000,8000,2500,28200,18100,4000,2560,1440,Ultra,Low,Ultra,Off,Off,-1,82.2
CS_GO,9000,5500,2500,25200,14000,4000,1920,1080,Ultra,Ultra,High,Off,Off,0,229.5
Valorant,8000,5000,2500,22500,24500,3500,1920,1080,Ultra,Medium,Ultra,TAA,Off,1,385.3
Destiny2,14200,9000,2500,19700,18100,7500,2560,1440,High,Low,Low,FXAA,On,-1,78.6
Overwatch,12000,8000,2500,28200,26500,3500,3840,2160,Ultra,Ultra,Ultra,Off,Off,1,57.3
ApexLegends,14200,9000,2500,19700,18100,3500,1920,1080,Ultra,Ultra,High,FXAA,On,1,84.2
Cyberpunk2077,14200,9000,2500,22500,17500,2500,1920,1080,Low,Medium,Low,TAA,On,-1,80.7
Fortnite,12000,7500,2500,34900,18100,5500,1920,1080,Medium,Low,Low,FXAA,Off,0,239.8
Minecraft,8000,4000,2500,34900,9000,3500,3840,2160,High,Medium,Ultra,Off,On,0,105.9
RedDeadRedemption2,17800,11000,3500,17800,11000,3500,2560,1440,High,Ultra,Medium,Off,On,1,21.8
ApexLegends,14200,9000,2500,19700,17500,7500,1920,1080,High,High,Ultra,Off,On,-1,115.7
Fortnite,12000,7500,2500,29000,18100,6000,1920,1080,Medium,Medium,Medium,Off,Off,-1,205.2
ApexLegends,14200,9000,2500,22500,17500,3500,1920,1080,Ultra,Ultra,Ultra,FXAA,Off,0,73.4
AssassinsCreed,17800,11000,3500,17800,14000,2500,1920,1080,Ultra,Low,Low,TAA,Off,-1,37.1
Warzone,17800,13000,3500,17800,18100,7500,2560,1440,Low,Medium,Medium,TAA,Off,0,64.3
EldenRing,14200,9000,3500,19700,11000,4000,3840,2160,Medium,Medium,High,TAA,On,0,28.3
AssassinsCreed,17800,11000,3500,22500,18100,4000,1920,1080,High,High,Low,FXAA,On,0,66.4
AssassinsCreed,17800,11000,3500,29000,11000,4000,1920,1080,High,Medium,Ultra,TAA,On,0,54.5
GTA_V,10000,6500,2500,29000,26500,4000,1920,1080,High,High,High,Off,Off,-1,177.0
Overwatch,12000,8000,2500,34900,17500,4000,3840,2160,High,High,Medium,TAA,Off,0,66.9
GTA_V,10000,6500,2500,28200,14000,7500,1920,1080,Ultra,Ultra,High,FXAA,On,1,113.7
Cyberpunk2077,14200,9000,2500,25200,18100,4000,2560,1440,Medium,Ultra,Low,FXAA,On,-1,41.9
ApexLegends,14200,9000,2500,22500,18100,7500,1920,1080,Medium,Low,Medium,TAA,Off,1,198.9
Warzone,17800,13000,3500,25200,38500,5500,2560,1440,High,Low,Low,Off,Off,-1,68.3
PUBG,14200,9000,2500,22500,24500,4000,2560,1440,Medium,Medium,Low,Off,Off,1,121.6
CS_GO,9000,5500,2500,14200,18100,2500,1920,1080,Medium,Ultra,Medium,Off,On,0,377.8
RocketLeague,11000,7000,2500,17800,14000,4000,2560,1440,High,Ultra,Ultra,TAA,On,0,84.3
LeagueOfLegends,8000,4500,2500,19700,24500,7500,1920,1080,Ultra,Ultra,High,TAA,Off,0,342.6
ApexLegends,14200,9000,2500,25200,26500,4000,1920,1080,Low,Medium,Ultra,FXAA,On,-1,191.4
AssassinsCreed,17800,11000,3500,17800,14000,2500,3840,2160,Low,High,High,Off,On,-1,23.7
GenshinImpact,12000,7800,2500,29000,14000,2500,2560,1440,High,Medium,Low,TAA,Off,0,77.8
Minecraft,8000,4000,2500,19700,24500,5500,1920,1080,Low,Medium,Medium,Off,Off,-1,289.8
Warzone,17800,13000,3500,14200,18100,3500,2560,1440,Medium,Medium,Low,TAA,Off,0,40.0
GTA_V,10000,6500,2500,14200,14000,4000,2560,1440,Low,High,Medium,FXAA,On,0,112.6
GenshinImpact,12000,7800,2500,17800,18100,2500,1280,720,Ultra,Low,Ultra,Off,On,-1,107.6
HorizonZeroDawn,17800,11000,3500,22500,38500,3500,1920,1080,Low,High,Medium,FXAA,On,0,133.1
RedDeadRedemption2,17800,11000,3500,19700,24500,2500,2560,1440,Low,Low,High,Off,Off,-1,47.0
RainbowSixSiege,14200,9000,2500,19700,14000,5500,1280,720,Ultra,Low,Low,TAA,On,0,145.6
Cyberpunk2077,14200,9000,2500,17800,18100,3500,3840,2160,Medium,Low,Low,TAA,On,-1,25.3
AssassinsCreed,17800,11000,3500,14200,11000,4000,2560,1440,Ultra,Ultra,High,TAA,On,0,18.8
Cyberpunk2077,14200,9000,2500,14200,17500,2500,2560,1440,Ultra,Ultra,Ultra,FXAA,Off,-1,18.7
RedDeadRedemption2,17800,11000,3500,17800,9000,3500,2560,1440,High,High,Ultra,FXAA,On,0,17.4
GTA_V,10000,6500,2500,14200,9000,4000,3840,2160,Ultra,High,High,TAA,On,0,22.4
Warzone,17800,13000,3500,14200,9000,2500,2560,1440,High,Ultra,Ultra,TAA,On,0,17.5
Cyberpunk2077,14200,9000,2500,17800,14000,3500,2560,1440,High,Ultra,High,TAA,On,-1,25.2
Cyberpunk2077,14200,9000,2500,17800,17500,2500,3840,2160,Ultra,High,Ultra,TAA,Off,0,13.8
AssassinsCreed,17800,11000,3500,14200,9000,2500,2560,1440,High,Ultra,High,FXAA,On,0,22.5
GTA_V,10000,6500,2500,14200,9000,2500,3840,2160,High,High,Ultra,TAA,Off,-1,22.7
HorizonZeroDawn,17800,11000,3500,17800,14000,3500,3840,2160,Ultra,Ultra,Ultra,TAA,On,0,10.0
RedDeadRedemption2,17800,11000,3500,17800,17500,4000,2560,1440,Ultra,Ultra,High,FXAA,On,-1,16.0
Cyberpunk2077,14200,9000,2500,17800,9000,2500,2560,1440,Ultra,Ultra,High,FXAA,Off,0,17.8
HorizonZeroDawn,17800,11000,3500,19700,14000,3500,2560,1440,Ultra,Ultra,High,TAA,On,-1,17.9
RedDeadRedemption2,17800,11000,3500,17800,11000,2500,2560,1440,High,Ultra,High,TAA,On,0,16.7
RedDeadRedemption2,17800,11000,3500,14200,14000,4000,2560,1440,Ultra,Ultra,Ultra,TAA,Off,0,13.7
Cyberpunk2077,14200,9000,2500,17800,9000,3500,3840,2160,Ultra,High,Ultra,TAA,Off,0,10.5
TheWitcher3,14200,9000,2500,17800,11000,2500,2560,1440,High,Ultra,Ultra,FXAA,On,-1,28.7
HorizonZeroDawn,17800,11000,3500,14200,14000,2500,2560,1440,High,High,High,FXAA,Off,-1,24.7
TheWitcher3,14200,9000,2500,14200,9000,3500,2560,1440,Ultra,Ultra,Ultra,FXAA,On,0,21.7
Cyberpunk2077,14200,9000,2500,14200,11000,2500,3840,2160,Ultra,High,Ultra,FXAA,On,0,10.6
GTA_V,10000,6500,2500,17800,9000,4000,2560,1440,High,Ultra,High,FXAA,Off,-1,49.9
EldenRing,14200,9000,3500,19700,11000,2500,2560,1440,Ultra,High,Ultra,TAA,Off,0,26.8
HorizonZeroDawn,17800,11000,3500,14200,9000,2500,2560,1440,Ultra,Ultra,High,TAA,Off,0,14.2
Cyberpunk2077,14200,9000,2500,17800,9000,2500,3840,2160,High,High,Ultra,FXAA,Off,-1,11.7
RedDeadRedemption2,17800,11000,3500,17800,9000,4000,2560,1440,Ultra,Ultra,Ultra,TAA,Off,0,11.4
Warzone,17800,13000,3500,17800,14000,2500,2560,1440,Ultra,High,High,FXAA,Off,0,21.4
RedDeadRedemption2,17800,11000,3500,14200,9000,2500,3840,2160,High,Ultra,Ultra,TAA,Off,0,6.9
RedDeadRedemption2,17800,11000,3500,17800,11000,3500,2560,1440,High,Ultra,High,TAA,Off,0,17.1
Cyberpunk2077,14200,9000,2500,14200,17500,2500,2560,1440,High,Ultra,High,FXAA,Off,-1,26.9
Warzone,17800,13000,3500,14200,9000,4000,2560,1440,Ultra,Ultra,High,FXAA,On,0,15.4
SpiderMan,17800,11000,3500,14200,11000,3500,3840,2160,Ultra,Ultra,Ultra,FXAA,On,0,10.4
PUBG,14200,9000,2500,14200,9000,2500,3840,2160,Ultra,Ultra,High,FXAA,On,0,12.7
Warzone,17800,13000,3500,19700,9000,3500,2560,1440,Ultra,High,High,TAA,Off,0,17.5
RedDeadRedemption2,17800,11000,3500,14200,9000,4000,2560,1440,High,High,High,TAA,Off,0,16.5
RedDeadRedemption2,17800,11000,3500,14200,9000,4000,2560,1440,High,Ultra,High,TAA,On,0,15.7
EldenRing,14200,9000,3500,14200,11000,2500,2560,1440,Ultra,Ultra,High,TAA,Off,-1,19.4
TheWitcher3,14200,9000,2500,19700,9000,4000,3840,2160,Ultra,High,Ultra,TAA,On,0,14.0
SpiderMan,17800,11000,3500,19700,14000,2500,2560,1440,Ultra,Ultra,High,FXAA,On,0,24.9
HorizonZeroDawn,17800,11000,3500,14200,17500,4000,2560,1440,High,High,High,FXAA,On,0,36.1
EldenRing,14200,9000,3500,17800,11000,3500,2560,1440,Ultra,Ultra,High,TAA,On,-1,21.8
RedDeadRedemption2,17800,11000,3500,14200,9000,2500,3840,2160,Ultra,Ultra,High,FXAA,On,-1,4.8
TheWitcher3,14200,9000,2500,17800,11000,2500,2560,1440,High,Ultra,Ultra,TAA,On,-1,26.3
Cyberpunk2077,14200,9000,2500,14200,11000,2500,3840,2160,High,High,Ultra,TAA,On,0,13.5
Cyberpunk2077,14200,9000,2500,19700,9000,2500,3840,2160,Ultra,Ultra,Ultra,FXAA,On,-1,8.2
EldenRing,14200,9000,3500,19700,9000,3500,3840,2160,Ultra,High,Ultra,TAA,Off,0,14.3
Cyberpunk2077,14200,9000,2500,14200,9000,3500,2560,1440,Ultra,Ultra,High,FXAA,Off,0,18.4
GTA_V,10000,6500,2500,14200,14000,2500,2560,1440,Ultra,High,Ultra,TAA,On,-1,39.3
TheWitcher3,14200,9000,2500,14200,9000,3500,3840,2160,Ultra,Ultra,Ultra,TAA,On,0,11.8
SpiderMan,17800,11000,3500,14200,14000,2500,2560,1440,Ultra,Ultra,Ultra,FXAA,Off,0,20.9
RedDeadRedemption2,17800,11000,3500,14200,9000,2500,3840,2160,High,Ultra,Ultra,TAA,On,-1,6.2
SpiderMan,17800,11000,3500,17800,9000,2500,2560,1440,High,High,Ultra,TAA,On,0,25.3
EldenRing,14200,9000,3500,14200,17500,3500,3840,2160,Ultra,Ultra,High,TAA,On,0,18.2
HorizonZeroDawn,17800,11000,3500,14200,11000,4000,2560,1440,Ultra,Ultra,Ultra,TAA,On,0,16.8
SpiderMan,17800,11000,3500,14200,11000,2500,2560,1440,High,High,High,TAA,On,0,27.6
EldenRing,14200,9000,3500,17800,17500,2500,2560,1440,Ultra,Ultra,Ultra,FXAA,Off,0,32.4
TheWitcher3,14200,9000,2500,19700,11000,3500,3840,2160,Ultra,High,High,TAA,Off,-1,13.4
Cyberpunk2077,14200,9000,2500,17800,9000,2500,3840,2160,Ultra,Ultra,Ultra,TAA,Off,0,8.7
GTA_V,10000,6500,2500,19700,17500,3500,3840,2160,Ultra,High,High,FXAA,On,-1,31.1
Warzone,17800,13000,3500,14200,9000,2500,3840,2160,Ultra,Ultra,High,TAA,Off,0,6.9
AssassinsCreed,17800,11000,3500,14200,9000,2500,3840,2160,Ultra,Ultra,High,FXAA,Off,0,9.0
HorizonZeroDawn,17800,11000,3500,14200,9000,4000,3840,2160,High,High,Ultra,FXAA,Off,-1,11.2
EldenRing,14200,9000,3500,19700,9000,2500,3840,2160,High,High,Ultra,TAA,On,0,16.8
HorizonZeroDawn,17800,11000,3500,14200,11000,2500,3840,2160,Ultra,Ultra,High,FXAA,Off,0,9.6
RedDeadRedemption2,17800,11000,3500,17800,14000,2500,3840,2160,Ultra,Ultra,High,FXAA,On,0,7.9
Warzone,17800,13000,3500,17800,14000,2500,3840,2160,High,Ultra,High,TAA,Off,0,12.4
RedDeadRedemption2,17800,11000,3500,14200,17500,4000,3840,2160,Ultra,High,Ultra,TAA,Off,0,9.5
GTA_V,10000,6500,2500,17800,11000,2500,2560,1440,Ultra,Ultra,Ultra,FXAA,Off,0,41.4
EldenRing,14200,9000,3500,14200,9000,2500,2560,1440,Ultra,High,Ultra,TAA,On,-1,19.1
RedDeadRedemption2,17800,11000,3500,19700,11000,2500,3840,2160,High,High,Ultra,TAA,On,-1,7.8
Cyberpunk2077,14200,9000,2500,17800,11000,2500,2560,1440,Ultra,High,Ultra,TAA,On,0,19.6
Cyberpunk2077,14200,9000,2500,14200,14000,2500,3840,2160,Ultra,Ultra,Ultra,FXAA,On,0,10.8
Cyberpunk2077,14200,9000,2500,14200,11000,3500,3840,2160,High,High,High,TAA,On,0,14.9
RedDeadRedemption2,17800,11000,3500,14200,17500,2500,2560,1440,High,Ultra,Ultra,TAA,Off,0,20.5
AssassinsCreed,17800,11000,3500,14200,9000,2500,3840,2160,Ultra,Ultra,Ultra,TAA,Off,-1,6.5
AssassinsCreed,17800,11000,3500,14200,9000,4000,2560,1440,Ultra,Ultra,High,FXAA,Off,0,18.9
EldenRing,14200,9000,3500,19700,11000,3500,2560,1440,High,High,Ultra,TAA,On,-1,31.1
EldenRing,14200,9000,3500,14200,9000,2500,2560,1440,Ultra,Ultra,Ultra,TAA,Off,0,19.1
RedDeadRedemption2,17800,11000,3500,14200,11000,3500,2560,1440,High,Ultra,High,FXAA,Off,0,17.0
EldenRing,14200,9000,3500,14200,14000,4000,3840,2160,Ultra,High,High,FXAA,On,0,18.2
Cyberpunk2077,14200,9000,2500,19700,9000,2500,3840,2160,High,High,Ultra,TAA,On,0,13.5
TheWitcher3,14200,9000,2500,19700,14000,2500,2560,1440,Ultra,Ultra,High,TAA,On,0,28.8
Warzone,17800,13000,3500,14200,14000,3500,3840,2160,Ultra,Ultra,Ultra,FXAA,Off,0,10.1
Warzone,17800,13000,3500,19700,9000,2500,3840,2160,Ultra,Ultra,Ultra,TAA,On,0,7.9
EldenRing,14200,9000,3500,19700,9000,2500,2560,1440,High,High,Ultra,TAA,Off,0,34.8
GTA_V,10000,6500,2500,19700,9000,3500,2560,1440,High,Ultra,High,FXAA,Off,0,55.9
EldenRing,14200,9000,3500,19700,9000,3500,2560,1440,Ultra,High,Ultra,FXAA,Off,0,27.7
SpiderMan,17800,11000,3500,14200,11000,4000,2560,1440,High,High,Ultra,FXAA,Off,0,31.5
Cyberpunk2077,14200,9000,2500,14200,11000,2500,3840,2160,High,High,Ultra,TAA,Off,-1,11.4
RedDeadRedemption2,17800,11000,3500,14200,9000,2500,2560,1440,Ultra,Ultra,Ultra,TAA,Off,0,10.3
TheWitcher3,14200,9000,2500,19700,9000,2500,2560,1440,High,Ultra,Ultra,TAA,Off,0,31.2
RedDeadRedemption2,17800,11000,3500,14200,11000,3500,2560,1440,High,Ultra,Ultra,TAA,On,-1,12.5
Cyberpunk2077,14200,9000,2500,19700,9000,3500,2560,1440,Ultra,Ultra,High,FXAA,On,-1,16.0
HorizonZeroDawn,17800,11000,3500,14200,11000,2500,2560,1440,High,High,High,TAA,Off,0,24.6
HorizonZeroDawn,17800,11000,3500,14200,17500,2500,3840,2160,Ultra,High,Ultra,TAA,On,-1,10.6
HorizonZeroDawn,17800,11000,3500,14200,9000,3500,2560,1440,High,Ultra,Ultra,TAA,Off,-1,17.2
PUBG,14200,9000,2500,14200,14000,4000,3840,2160,High,Ultra,High,TAA,Off,0,23.5
Cyberpunk2077,14200,9000,2500,14200,9000,4000,3840,2160,High,Ultra,Ultra,FXAA,Off,-1,11.0
HorizonZeroDawn,17800,11000,3500,14200,11000,2500,2560,1440,High,Ultra,High,TAA,On,-1,17.3
TheWitcher3,14200,9000,2500,19700,17500,3500,2560,1440,Ultra,Ultra,Ultra,TAA,On,-1,27.0
AssassinsCreed,17800,11000,3500,14200,9000,3500,2560,1440,High,High,Ultra,FXAA,Off,0,24.6
EldenRing,14200,9000,3500,14200,9000,2500,3840,2160,Ultra,Ultra,High,FXAA,Off,0,12.0
GTA_V,10000,6500,2500,14200,11000,3500,3840,2160,Ultra,High,Ultra,FXAA,Off,-1,20.4
RedDeadRedemption2,17800,11000,3500,14200,11000,2500,2560,1440,Ultra,High,High,TAA,On,-1,10.6
PUBG,14200,9000,2500,19700,11000,3500,3840,2160,Ultra,High,High,TAA,Off,0,19.4
RedDeadRedemption2,17800,11000,3500,14200,9000,3500,3840,2160,Ultra,Ultra,Ultra,TAA,On,0,5.4
Cyberpunk2077,14200,9000,2500,17800,9000,2500,2560,1440,High,High,Ultra,FXAA,On,0,25.5
HorizonZeroDawn,17800,11000,3500,17800,9000,2500,2560,1440,High,High,Ultra,FXAA,On,0,21.8
Cyberpunk2077,14200,9000,2500,14200,14000,2500,3840,2160,Ultra,Ultra,Ultra,TAA,Off,0,10.8
RedDeadRedemption2,17800,11000,3500,14200,11000,2500,3840,2160,Ultra,Ultra,Ultra,TAA,Off,0,5.7
Warzone,17800,13000,3500,17800,9000,2500,3840,2160,High,Ultra,Ultra,TAA,Off,0,9.5
TheWitcher3,14200,9000,2500,17800,11000,2500,2560,1440,Ultra,High,Ultra,TAA,Off,0,25.4
AssassinsCreed,17800,11000,3500,14200,14000,2500,2560,1440,High,Ultra,Ultra,TAA,On,0,24.8
Warzone,17800,13000,3500,14200,14000,3500,2560,1440,High,High,Ultra,TAA,On,0,23.7
GTA_V,10000,6500,2500,14200,11000,3500,2560,1440,Ultra,Ultra,Ultra,TAA,On,0,37.0
Cyberpunk2077,14200,9000,2500,14200,9000,4000,2560,1440,Ultra,Ultra,Ultra,FXAA,On,-1,14.7
TheWitcher3,14200,9000,2500,17800,11000,2500,3840,2160,Ultra,High,High,TAA,Off,0,15.2
PUBG,14200,9000,2500,14200,11000,3500,2560,1440,High,Ultra,Ultra,TAA,Off,-1,30.8
Cyberpunk2077,14200,9000,2500,19700,14000,2500,2560,1440,Ultra,High,Ultra,FXAA,On,0,23.6
PUBG,14200,9000,2500,17800,9000,4000,2560,1440,High,Ultra,High,TAA,Off,0,37.3
AssassinsCreed,17800,11000,3500,14200,9000,2500,2560,1440,Ultra,Ultra,High,FXAA,Off,-1,13.8
RedDeadRedemption2,17800,11000,3500,17800,9000,2500,3840,2160,Ultra,High,High,FXAA,Off,-1,5.8
Cyberpunk2077,14200,9000,2500,19700,9000,2500,2560,1440,High,Ultra,Ultra,FXAA,On,0,22.4
RedDeadRedemption2,17800,11000,3500,17800,11000,3500,3840,2160,Ultra,High,Ultra,FXAA,Off,0,7.9
Warzone,17800,13000,3500,14200,17500,2500,2560,1440,Ultra,Ultra,Ultra,FXAA,Off,0,20.0
TheWitcher3,14200,9000,2500,17800,9000,2500,3840,2160,High,Ultra,Ultra,TAA,On,0,15.4
RedDeadRedemption2,17800,11000,3500,17800,9000,2500,3840,2160,Ultra,Ultra,Ultra,FXAA,On,0,5.8
PUBG,14200,9000,2500,14200,14000,2500,2560,1440,High,Ultra,Ultra,TAA,On,0,38.0
EldenRing,14200,9000,3500,19700,9000,3500,2560,1440,Ultra,High,Ultra,TAA,On,-1,22.2
HorizonZeroDawn,17800,11000,3500,14200,17500,2500,3840,2160,High,High,Ultra,FXAA,On,0,16.4
RedDeadRedemption2,17800,11000,3500,14200,14000,2500,2560,1440,Ultra,High,High,FXAA,On,0,15.2
EldenRing,14200,9000,3500,19700,11000,2500,2560,1440,High,Ultra,High,TAA,On,0,35.6
TheWitcher3,14200,9000,2500,19700,14000,2500,2560,1440,Ultra,Ultra,High,FXAA,Off,0,29.3
EldenRing,14200,9000,3500,14200,11000,3500,2560,1440,High,Ultra,Ultra,TAA,On,0,31.5
HorizonZeroDawn,17800,11000,3500,17800,14000,2500,3840,2160,Ultra,Ultra,Ultra,FXAA,On,0,10.6
PUBG,14200,9000,2500,19700,11000,3500,2560,1440,Ultra,Ultra,High,TAA,On,-1,25.1
HorizonZeroDawn,17800,11000,3500,14200,9000,3500,2560,1440,Ultra,Ultra,Ultra,TAA,Off,0,14.3
EldenRing,14200,9000,3500,14200,9000,3500,2560,1440,Ultra,High,Ultra,TAA,On,0,24.2
Warzone,17800,13000,3500,19700,9000,2500,2560,1440,Ultra,Ultra,Ultra,TAA,Off,0,14.8
SpiderMan,17800,11000,3500,14200,11000,4000,2560,1440,High,Ultra,High,TAA,On,0,27.6
EldenRing,14200,9000,3500,17800,9000,3500,3840,2160,Ultra,High,Ultra,TAA,On,-1,11.0
Cyberpunk2077,14200,9000,2500,14200,9000,2500,3840,2160,Ultra,Ultra,High,FXAA,Off,0,8.7
GTA_V,10000,6500,2500,14200,14000,3500,3840,2160,Ultra,High,Ultra,TAA,Off,-1,22.8
GTA_V,10000,6500,2500,17800,11000,2500,2560,1440,Ultra,Ultra,High,TAA,Off,0,39.9
EldenRing,14200,9000,3500,14200,9000,2500,2560,1440,Ultra,Ultra,High,TAA,On,0,20.7
SpiderMan,17800,11000,3500,17800,9000,4000,2560,1440,Ultra,Ultra,Ultra,FXAA,Off,-1,17.4
RedDeadRedemption2,17800,11000,3500,14200,14000,3500,2560,1440,Ultra,High,Ultra,FXAA,Off,-1,13.7
SpiderMan,17800,11000,3500,17800,9000,2500,3840,2160,Ultra,Ultra,Ultra,FXAA,On,0,9.7
Warzone,17800,13000,3500,14200,9000,2500,2560,1440,Ultra,Ultra,Ultra,TAA,On,0,13.1
Warzone,17800,13000,3500,17800,9000,2500,3840,2160,Ultra,High,High,TAA,Off,0,8.6
GTA_V,10000,6500,2500,14200,11000,4000,3840,2160,Ultra,Ultra,Ultra,TAA,On,-1,17.9
Warzone,17800,13000,3500,17800,9000,3500,2560,1440,High,High,Ultra,TAA,On,-1,17.7
SpiderMan,17800,11000,3500,14200,9000,4000,2560,1440,Ultra,Ultra,High,TAA,On,0,17.5
AssassinsCreed,17800,11000,3500,14200,9000,2500,3840,2160,Ultra,High,Ultra,TAA,Off,0,8.9
Cyberpunk2077,14200,9000,2500,19700,9000,2500,2560,1440,Ultra,Ultra,Ultra,TAA,On,0,15.8
AssassinsCreed,17800,11000,3500,17800,9000,3500,2560,1440,High,Ultra,High,TAA,On,0,22.5
TheWitcher3,14200,9000,2500,14200,11000,2500,3840,2160,Ultra,Ultra,Ultra,TAA,On,0,12.0
GTA_V,10000,6500,2500,14200,14000,2500,3840,2160,High,Ultra,Ultra,TAA,On,0,28.5
Cyberpunk2077,14200,9000,2500,14200,11000,2500,2560,1440,High,Ultra,High,TAA,Off,0,23.8
EldenRing,14200,9000,3500,17800,14000,4000,3840,2160,High,High,High,TAA,Off,0,25.4
AssassinsCreed,17800,11000,3500,17800,11000,2500,3840,2160,High,High,High,TAA,On,-1,12.6
AssassinsCreed,17800,11000,3500,14200,9000,2500,2560,1440,High,Ultra,High,TAA,Off,0,20.3
SpiderMan,17800,11000,3500,14200,11000,2500,2560,1440,Ultra,High,High,TAA,On,0,20.0
SpiderMan,17800,11000,3500,17800,14000,2500,3840,2160,High,High,Ultra,TAA,Off,-1,15.0
GTA_V,10000,6500,2500,14200,11000,2500,3840,2160,High,High,Ultra,TAA,On,-1,25.4
SpiderMan,17800,11000,3500,14200,17500,3500,3840,2160,High,Ultra,Ultra,FXAA,On,0,17.7
Cyberpunk2077,14200,9000,2500,17800,11000,3500,2560,1440,High,High,High,FXAA,Off,-1,26.3
Cyberpunk2077,14200,9000,2500,19700,9000,4000,3840,2160,Ultra,Ultra,High,FXAA,Off,-1,9.6
RedDeadRedemption2,17800,11000,3500,14200,11000,3500,2560,1440,High,Ultra,Ultra,FXAA,On,0,16.2
EldenRing,14200,9000,3500,14200,9000,2500,2560,1440,Ultra,Ultra,Ultra,TAA,Off,0,20.3
RedDeadRedemption2,17800,11000,3500,14200,17500,2500,3840,2160,High,High,Ultra,TAA,Off,0,12.3
SpiderMan,17800,11000,3500,14200,17500,4000,2560,1440,High,High,High,FXAA,Off,-1,36.0
RedDeadRedemption2,17800,11000,3500,19700,9000,3500,2560,1440,Ultra,High,High,FXAA,Off,0,14.1
Cyberpunk2077,14200,9000,2500,19700,11000,2500,2560,1440,Ultra,High,High,TAA,On,0,21.8
HorizonZeroDawn,17800,11000,3500,14200,14000,2500,3840,2160,Ultra,Ultra,High,FXAA,On,0,10.9
Warzone,17800,13000,3500,14200,11000,4000,2560,1440,Ultra,Ultra,Ultra,TAA,On,-1,12.4
GTA_V,10000,6500,2500,17800,9000,4000,2560,1440,Ultra,Ultra,High,TAA,On,0,41.4
EldenRing,14200,9000,3500,17800,9000,2500,2560,1440,Ultra,High,Ultra,TAA,Off,-1,19.8
Cyberpunk2077,14200,9000,2500,17800,11000,2500,3840,2160,Ultra,High,High,TAA,Off,-1,9.4
Warzone,17800,13000,3500,14200,17500,2500,3840,2160,High,High,Ultra,FXAA,On,-1,13.2
EldenRing,14200,9000,3500,14200,14000,2500,2560,1440,Ultra,Ultra,High,TAA,Off,-1,22.5
GTA_V,10000,6500,2500,14200,9000,3500,2560,1440,Ultra,Ultra,High,TAA,On,-1,31.3
TheWitcher3,14200,9000,2500,14200,11000,2500,2560,1440,High,Ultra,High,TAA,Off,0,30.1
HorizonZeroDawn,17800,11000,3500,17800,11000,2500,2560,1440,High,High,Ultra,FXAA,On,0,23.9
AssassinsCreed,17800,11000,3500,17800,14000,3500,2560,1440,Ultra,High,High,TAA,On,0,23.9
EldenRing,14200,9000,3500,14200,11000,2500,2560,1440,Ultra,Ultra,Ultra,FXAA,On,0,24.0
SpiderMan,17800,11000,3500,17800,14000,3500,3840,2160,High,Ultra,Ultra,FXAA,On,0,16.3
SpiderMan,17800,11000,3500,14200,9000,3500,2560,1440,Ultra,Ultra,Ultra,TAA,Off,0,16.5
HorizonZeroDawn,17800,11000,3500,19700,9000,3500,2560,1440,Ultra,High,Ultra,TAA,Off,0,18.4
SpiderMan,17800,11000,3500,14200,11000,2500,2560,1440,High,High,Ultra,FXAA,Off,0,26.3
HorizonZeroDawn,17800,11000,3500,14200,9000,2500,3840,2160,High,Ultra,High,FXAA,On,-1,9.5
RedDeadRedemption2,17800,11000,3500,17800,14000,2500,3840,2160,Ultra,High,Ultra,FXAA,On,0,7.9
PUBG,14200,9000,2500,19700,9000,2500,3840,2160,Ultra,High,Ultra,TAA,Off,0,15.2
EldenRing,14200,9000,3500,19700,11000,2500,2560,1440,High,Ultra,Ultra,TAA,On,0,33.4
AssassinsCreed,17800,11000,3500,14200,17500,4000,3840,2160,High,High,Ultra,FXAA,On,0,18.7
HorizonZeroDawn,17800,11000,3500,14200,11000,4000,3840,2160,Ultra,High,Ultra,FXAA,Off,0,11.1
AssassinsCreed,17800,11000,3500,14200,14000,2500,2560,1440,High,Ultra,Ultra,FXAA,Off,-1,21.6
TheWitcher3,14200,9000,2500,14200,9000,3500,2560,1440,High,Ultra,High,TAA,On,0,29.1
EldenRing,14200,9000,3500,17800,9000,3500,2560,1440,Ultra,Ultra,High,TAA,Off,0,25.1
AssassinsCreed,17800,11000,3500,19700,17500,2500,3840,2160,Ultra,Ultra,High,FXAA,On,0,14.1
EldenRing,14200,9000,3500,19700,9000,3500,2560,1440,High,Ultra,High,FXAA,Off,0,35.0
Warzone,17800,13000,3500,14200,9000,2500,3840,2160,Ultra,Ultra,Ultra,FXAA,Off,0,7.4
SpiderMan,17800,11000,3500,14200,14000,2500,3840,2160,Ultra,Ultra,Ultra,FXAA,Off,0,11.6
Warzone,17800,13000,3500,14200,9000,2500,2560,1440,Ultra,Ultra,High,TAA,On,0,13.3
Warzone,17800,13000,3500,14200,9000,2500,2560,1440,High,Ultra,Ultra,TAA,On,-1,14.4
Cyberpunk2077,14200,9000,2500,14200,11000,3500,3840,2160,Ultra,Ultra,High,FXAA,On,-1,9.0
AssassinsCreed,17800,11000,3500,14200,14000,4000,3840,2160,Ultra,High,High,FXAA,On,0,13.0
Warzone,17800,13000,3500,17800,17500,2500,3840,2160,High,Ultra,Ultra,TAA,Off,0,13.4
RedDeadRedemption2,17800,11000,3500,14200,14000,2500,2560,1440,Ultra,Ultra,High,FXAA,Off,0,13.8
Cyberpunk2077,14200,9000,2500,19700,14000,4000,3840,2160,High,Ultra,Ultra,FXAA,On,-1,13.8
HorizonZeroDawn,17800,11000,3500,19700,9000,2500,2560,1440,Ultra,High,High,FXAA,On,-1,15.3
Cyberpunk2077,14200,9000,2500,19700,11000,2500,2560,1440,High,High,High,FXAA,Off,0,30.7
SpiderMan,17800,11000,3500,14200,9000,4000,2560,1440,Ultra,Ultra,Ultra,TAA,On,0,17.0
Cyberpunk2077,14200,9000,2500,14200,11000,2500,2560,1440,Ultra,Ultra,Ultra,FXAA,On,0,17.0
RedDeadRedemption2,17800,11000,3500,19700,11000,2500,3840,2160,High,Ultra,Ultra,TAA,Off,-1,7.6
Warzone,17800,13000,3500,19700,17500,4000,2560,1440,High,High,Ultra,TAA,On,0,32.6
SpiderMan,17800,11000,3500,14200,9000,2500,2560,1440,Ultra,High,High,TAA,On,0,17.5
EldenRing,14200,9000,3500,14200,11000,2500,3840,2160,Ultra,High,Ultra,TAA,Off,0,13.7
HorizonZeroDawn,17800,11000,3500,17800,14000,2500,2560,1440,Ultra,High,High,TAA,Off,0,22.8
RedDeadRedemption2,17800,11000,3500,14200,9000,2500,2560,1440,Ultra,Ultra,Ultra,TAA,On,0,9.4
SpiderMan,17800,11000,3500,14200,14000,2500,3840,2160,Ultra,Ultra,Ultra,TAA,On,-1,8.7
Warzone,17800,13000,3500,19700,11000,2500,3840,2160,Ultra,Ultra,High,TAA,Off,0,8.7
GTA_V,10000,6500,2500,14200,9000,2500,2560,1440,Ultra,Ultra,Ultra,FXAA,Off,-1,28.8
Warzone,17800,13000,3500,17800,11000,2500,2560,1440,High,Ultra,High,FXAA,On,0,21.9
HorizonZeroDawn,17800,11000,3500,17800,14000,4000,3840,2160,High,Ultra,Ultra,FXAA,On,0,15.7
Cyberpunk2077,14200,9000,2500,17800,14000,4000,3840,2160,High,Ultra,Ultra,TAA,On,0,15.4
Warzone,17800,13000,3500,17800,11000,2500,3840,2160,High,Ultra,Ultra,TAA,On,0,10.3
Warzone,17800,13000,3500,14200,17500,2500,3840,2160,High,Ultra,Ultra,TAA,On,0,13.1
HorizonZeroDawn,17800,11000,3500,19700,14000,3500,3840,2160,High,Ultra,High,TAA,Off,0,15.3
Cyberpunk2077,14200,9000,2500,14200,9000,2500,2560,1440,High,Ultra,Ultra,FXAA,On,0,20.0
AssassinsCreed,17800,11000,3500,14200,17500,2500,3840,2160,High,High,Ultra,TAA,On,0,17.0
SpiderMan,17800,11000,3500,19700,14000,3500,2560,1440,Ultra,Ultra,High,TAA,On,0,23.9
Cyberpunk2077,14200,9000,2500,14200,14000,3500,2560,1440,High,High,High,TAA,On,0,30.4
RedDeadRedemption2,17800,11000,3500,14200,9000,2500,2560,1440,High,Ultra,High,FXAA,Off,-1,11.9
Warzone,17800,13000,3500,17800,11000,2500,2560,1440,High,Ultra,Ultra,FXAA,On,0,20.8
RedDeadRedemption2,17800,11000,3500,17800,14000,3500,2560,1440,Ultra,High,Ultra,FXAA,On,0,15.6
AssassinsCreed,17800,11000,3500,14200,14000,3500,3840,2160,Ultra,Ultra,Ultra,TAA,Off,-1,9.6
TheWitcher3,14200,9000,2500,14200,11000,2500,2560,1440,Ultra,High,High,FXAA,Off,-1,22.4
AssassinsCreed,17800,11000,3500,14200,11000,2500,2560,1440,Ultra,Ultra,High,TAA,Off,0,16.8
PUBG,14200,9000,2500,17800,9000,3500,2560,1440,High,Ultra,Ultra,TAA,On,0,34.5
EldenRing,14200,9000,3500,14200,11000,2500,2560,1440,High,Ultra,High,FXAA,On,0,33.6
Cyberpunk2077,14200,9000,2500,14200,11000,3500,3840,2160,Ultra,Ultra,High,FXAA,Off,0,10.9
EldenRing,14200,9000,3500,14200,9000,2500,3840,2160,High,High,Ultra,FXAA,On,0,17.0
HorizonZeroDawn,17800,11000,3500,17800,11000,3500,3840,2160,High,Ultra,High,TAA,On,-1,11.5
PUBG,14200,9000,2500,14200,11000,2500,2560,1440,High,Ultra,High,TAA,Off,0,36.6
EldenRing,14200,9000,3500,14200,11000,2500,2560,1440,Ultra,Ultra,Ultra,FXAA,On,-1,19.7
RedDeadRedemption2,17800,11000,3500,19700,9000,2500,2560,1440,Ultra,High,Ultra,TAA,Off,0,11.8
SpiderMan,17800,11000,3500,14200,11000,3500,2560,1440,High,Ultra,Ultra,FXAA,On,-1,21.0
HorizonZeroDawn,17800,11000,3500,19700,17500,2500,2560,1440,High,High,Ultra,TAA,On,0,32.4
SpiderMan,17800,11000,3500,14200,9000,2500,2560,1440,Ultra,High,High,TAA,On,0,18.8
GTA_V,10000,6500,2500,17800,9000,2500,2560,1440,Ultra,Ultra,Ultra,TAA,On,0,36.2
Warzone,17800,13000,3500,14200,9000,2500,2560,1440,High,Ultra,High,TAA,On,-1,15.1
PUBG,14200,9000,2500,14200,11000,4000,3840,2160,Ultra,Ultra,Ultra,TAA,On,0,14.0
SpiderMan,17800,11000,3500,14200,9000,3500,2560,1440,High,High,High,TAA,Off,0,25.5
HorizonZeroDawn,17800,11000,3500,14200,9000,2500,3840,2160,Ultra,Ultra,Ultra,TAA,On,0,7.0
PUBG,14200,9000,2500,17800,11000,2500,2560,1440,Ultra,High,Ultra,TAA,On,0,29.1
RedDeadRedemption2,17800,11000,3500,14200,9000,2500,2560,1440,Ultra,Ultra,Ultra,TAA,On,0,9.2
SpiderMan,17800,11000,3500,14200,14000,4000,3840,2160,Ultra,Ultra,Ultra,TAA,On,0,11.3
PUBG,14200,9000,2500,17800,11000,2500,3840,2160,High,Ultra,High,TAA,On,0,20.4
EldenRing,14200,9000,3500,14200,14000,4000,3840,2160,High,Ultra,Ultra,TAA,On,0,19.1
TheWitcher3,14200,9000,2500,14200,11000,2500,2560,1440,Ultra,High,Ultra,TAA,On,-1,20.3
PUBG,14200,9000,2500,14200,11000,3500,2560,1440,Ultra,High,Ultra,TAA,Off,-1,25.8
RedDeadRedemption2,17800,11000,3500,19700,11000,2500,3840,2160,High,Ultra,High,FXAA,Off,0,9.6
TheWitcher3,14200,9000,2500,19700,11000,3500,3840,2160,Ultra,Ultra,Ultra,TAA,On,0,13.4
RedDeadRedemption2,17800,11000,3500,14200,9000,4000,2560,1440,High,Ultra,Ultra,TAA,On,-1,12.3
SpiderMan,17800,11000,3500,14200,11000,3500,3840,2160,Ultra,Ultra,Ultra,TAA,On,0,9.5
AssassinsCreed,17800,11000,3500,14200,11000,2500,2560,1440,Ultra,Ultra,Ultra,TAA,Off,0,16.0
HorizonZeroDawn,17800,11000,3500,19700,17500,2500,2560,1440,Ultra,High,Ultra,TAA,Off,-1,21.8
AssassinsCreed,17800,11000,3500,14200,11000,2500,2560,1440,High,Ultra,High,FXAA,On,-1,20.6
Cyberpunk2077,14200,9000,2500,17800,14000,2500,2560,1440,Ultra,Ultra,Ultra,TAA,On,0,19.1
Warzone,17800,13000,3500,17800,11000,3500,2560,1440,Ultra,Ultra,Ultra,FXAA,Off,0,16.6
RedDeadRedemption2,17800,11000,3500,17800,14000,3500,3840,2160,Ultra,Ultra,Ultra,TAA,On,0,7.5
RedDeadRedemption2,17800,11000,3500,19700,9000,4000,2560,1440,Ultra,Ultra,Ultra,TAA,On,0,12.4
AssassinsCreed,17800,11000,3500,19700,9000,2500,3840,2160,Ultra,High,High,TAA,Off,0,10.5
Warzone,17800,13000,3500,14200,9000,3500,2560,1440,Ultra,Ultra,High,FXAA,Off,-1,13.3
EldenRing,14200,9000,3500,17800,11000,3500,2560,1440,Ultra,Ultra,High,TAA,On,0,26.7
Cyberpunk2077,14200,9000,2500,19700,14000,4000,2560,1440,Ultra,High,Ultra,TAA,Off,-1,22.4
HorizonZeroDawn,17800,11000,3500,14200,11000,3500,2560,1440,High,Ultra,Ultra,TAA,On,-1,19.0
Warzone,17800,13000,3500,14200,14000,2500,2560,1440,Ultra,High,Ultra,FXAA,On,0,18.8
Cyberpunk2077,14200,9000,2500,17800,11000,2500,2560,1440,Ultra,Ultra,Ultra,FXAA,Off,-1,16.4
HorizonZeroDawn,17800,11000,3500,14200,9000,2500,2560,1440,High,High,Ultra,TAA,Off,0,20.2
Cyberpunk2077,14200,9000,2500,19700,9000,2500,2560,1440,Ultra,Ultra,High,FXAA,On,0,18.4
PUBG,14200,9000,2500,14200,14000,2500,3840,2160,Ultra,Ultra,Ultra,TAA,Off,0,15.6
AssassinsCreed,17800,11000,3500,14200,9000,2500,2560,1440,Ultra,High,High,TAA,Off,0,17.7
AssassinsCreed,17800,11000,3500,14200,9000,4000,3840,2160,Ultra,Ultra,Ultra,FXAA,On,0,9.1
AssassinsCreed,17800,11000,3500,14200,14000,3500,3840,2160,Ultra,High,Ultra,FXAA,Off,0,13.2
Cyberpunk2077,14200,9000,2500,17800,9000,2500,3840,2160,High,Ultra,Ultra,TAA,On,0,11.1
AssassinsCreed,17800,11000,3500,14200,9000,2500,2560,1440,High,Ultra,Ultra,FXAA,On,0,20.5
Warzone,17800,13000,3500,17800,9000,2500,2560,1440,Ultra,Ultra,Ultra,TAA,Off,0,13.4
Warzone,17800,13000,3500,17800,11000,2500,2560,1440,Ultra,Ultra,Ultra,TAA,On,-1,13.3
TheWitcher3,14200,9000,2500,17800,14000,2500,3840,2160,Ultra,Ultra,High,TAA,Off,0,15.3
RedDeadRedemption2,17800,11000,3500,17800,17500,2500,2560,1440,High,Ultra,Ultra,FXAA,Off,0,21.7
HorizonZeroDawn,17800,11000,3500,17800,11000,4000,3840,2160,Ultra,Ultra,High,FXAA,On,0,10.0
RedDeadRedemption2,17800,11000,3500,14200,9000,3500,2560,1440,Ultra,High,Ultra,TAA,On,0,12.1
PUBG,14200,9000,2500,14200,9000,2500,3840,2160,Ultra,High,High,TAA,On,-1,12.3
TheWitcher3,14200,9000,2500,19700,11000,2500,3840,2160,Ultra,Ultra,Ultra,TAA,Off,0,13.6
SpiderMan,17800,11000,3500,17800,11000,2500,2560,1440,High,Ultra,High,TAA,Off,0,25.4
TheWitcher3,14200,9000,2500,17800,9000,4000,2560,1440,High,High,Ultra,FXAA,Off,0,38.6
RedDeadRedemption2,17800,11000,3500,14200,11000,3500,3840,2160,High,High,Ultra,TAA,On,0,9.3
Warzone,17800,13000,3500,17800,11000,2500,3840,2160,High,Ultra,High,FXAA,On,0,12.4
Warzone,17800,13000,3500,14200,11000,3500,2560,1440,Ultra,Ultra,Ultra,TAA,Off,0,15.0
Warzone,17800,13000,3500,17800,9000,2500,3840,2160,Ultra,High,Ultra,FXAA,On,-1,7.4
EldenRing,14200,9000,3500,14200,11000,3500,3840,2160,Ultra,Ultra,Ultra,TAA,Off,0,12.3
RedDeadRedemption2,17800,11000,3500,14200,11000,3500,2560,1440,High,Ultra,Ultra,FXAA,On,0,15.4
EldenRing,14200,9000,3500,14200,14000,4000,2560,1440,High,Ultra,Ultra,FXAA,On,0,38.8
GTA_V,10000,6500,2500,17800,9000,3500,3840,2160,Ultra,Ultra,High,FXAA,Off,0,22.1
RedDeadRedemption2,17800,11000,3500,14200,14000,2500,2560,1440,Ultra,High,High,FXAA,On,0,15.4
HorizonZeroDawn,17800,11000,3500,14200,14000,3500,2560,1440,Ultra,High,High,FXAA,Off,-1,19.7
RedDeadRedemption2,17800,11000,3500,14200,14000,2500,3840,2160,Ultra,High,Ultra,FXAA,Off,0,8.0
SpiderMan,17800,11000,3500,14200,14000,2500,2560,1440,High,High,High,TAA,Off,-1,27.5
AssassinsCreed,17800,11000,3500,19700,11000,4000,2560,1440,Ultra,Ultra,Ultra,FXAA,Off,-1,17.9
AssassinsCreed,17800,11000,3500,17800,9000,2500,3840,2160,High,Ultra,High,TAA,Off,-1,10.5
RedDeadRedemption2,17800,11000,3500,17800,11000,3500,3840,2160,High,Ultra,High,TAA,Off,0,9.9
Cyberpunk2077,14200,9000,2500,19700,14000,2500,3840,2160,Ultra,High,Ultra,TAA,Off,0,12.8
Warzone,17800,13000,3500,19700,17500,2500,3840,2160,High,Ultra,Ultra,TAA,Off,0,14.2
Warzone,17800,13000,3500,14200,11000,2500,2560,1440,High,High,High,FXAA,Off,0,23.2
GTA_V,10000,6500,2500,17800,9000,4000,3840,2160,Ultra,Ultra,High,FXAA,Off,0,23.8
GTA_V,10000,6500,2500,17800,14000,4000,2560,1440,Ultra,Ultra,High,TAA,Off,0,50.8
PUBG,14200,9000,2500,14200,17500,2500,3840,2160,Ultra,High,Ultra,FXAA,On,-1,17.6
Warzone,17800,13000,3500,19700,9000,3500,2560,1440,High,Ultra,High,TAA,On,0,20.6
AssassinsCreed,17800,11000,3500,17800,9000,3500,2560,1440,Ultra,Ultra,Ultra,TAA,Off,0,16.5
SpiderMan,17800,11000,3500,17800,11000,3500,3840,2160,High,Ultra,Ultra,FXAA,On,-1,12.4
Warzone,17800,13000,3500,19700,14000,4000,2560,1440,High,Ultra,High,FXAA,On,0,27.0
RedDeadRedemption2,17800,11000,3500,19700,14000,3500,2560,1440,High,High,Ultra,TAA,Off,0,22.7
Cyberpunk2077,14200,9000,2500,19700,14000,4000,3840,2160,High,Ultra,High,TAA,Off,0,17.9
HorizonZeroDawn,17800,11000,3500,14200,9000,2500,3840,2160,High,Ultra,Ultra,TAA,On,-1,8.4
Cyberpunk2077,14200,9000,2500,14200,11000,4000,2560,1440,High,Ultra,High,TAA,Off,-1,22.1
Cyberpunk2077,14200,9000,2500,14200,11000,3500,3840,2160,Ultra,High,Ultra,FXAA,Off,0,11.4
Cyberpunk2077,14200,9000,2500,14200,14000,2500,3840,2160,High,Ultra,Ultra,TAA,Off,0,13.4
EldenRing,14200,9000,3500,19700,9000,2500,3840,2160,Ultra,Ultra,Ultra,TAA,Off,0,11.5
AssassinsCreed,17800,11000,3500,14200,9000,4000,2560,1440,Ultra,Ultra,High,TAA,On,0,17.0
SpiderMan,17800,11000,3500,17800,17500,2500,2560,1440,Ultra,Ultra,Ultra,FXAA,On,0,26.2
AssassinsCreed,17800,11000,3500,17800,9000,2500,2560,1440,Ultra,High,Ultra,FXAA,Off,0,18.1
RedDeadRedemption2,17800,11000,3500,14200,11000,3500,2560,1440,High,High,Ultra,FXAA,Off,-1,14.9
AssassinsCreed,17800,11000,3500,17800,9000,3500,3840,2160,High,High,High,TAA,Off,0,14.7
GTA_V,10000,6500,2500,17800,9000,3500,2560,1440,Ultra,Ultra,Ultra,TAA,Off,0,35.8
AssassinsCreed,17800,11000,3500,14200,9000,2500,2560,1440,High,Ultra,Ultra,TAA,On,-1,16.8
SpiderMan,17800,11000,3500,17800,14000,4000,2560,1440,Ultra,Ultra,Ultra,FXAA,Off,0,24.9
Cyberpunk2077,14200,9000,2500,19700,11000,2500,2560,1440,Ultra,Ultra,Ultra,FXAA,Off,0,19.0
RedDeadRedemption2,17800,11000,3500,17800,9000,2500,2560,1440,High,High,Ultra,TAA,Off,0,15.1
EldenRing,14200,9000,3500,14200,9000,2500,3840,2160,High,Ultra,Ultra,FXAA,On,0,14.5
TheWitcher3,14200,9000,2500,17800,9000,2500,3840,2160,High,High,High,TAA,On,0,17.9
RedDeadRedemption2,17800,11000,3500,14200,14000,4000,3840,2160,Ultra,Ultra,Ultra,TAA,On,-1,6.0
EldenRing,14200,9000,3500,14200,14000,2500,2560,1440,High,Ultra,High,FXAA,Off,0,40.0
SpiderMan,17800,11000,3500,14200,9000,2500,2560,1440,Ultra,Ultra,Ultra,FXAA,Off,0,16.6
Warzone,17800,13000,3500,17800,11000,4000,2560,1440,High,Ultra,High,TAA,On,-1,20.4
RedDeadRedemption2,17800,11000,3500,17800,11000,2500,2560,1440,High,High,High,TAA,Off,0,18.5
AssassinsCreed,17800,11000,3500,19700,11000,3500,2560,1440,Ultra,Ultra,High,TAA,Off,0,20.6
SpiderMan,17800,11000,3500,19700,11000,3500,3840,2160,Ultra,High,High,TAA,Off,0,13.6
AssassinsCreed,17800,11000,3500,17800,11000,2500,3840,2160,High,Ultra,Ultra,FXAA,Off,0,13.5
PUBG,14200,9000,2500,17800,9000,3500,2560,1440,Ultra,High,Ultra,TAA,On,0,27.6
SpiderMan,17800,11000,3500,17800,11000,2500,2560,1440,Ultra,Ultra,Ultra,TAA,On,-1,15.0
TheWitcher3,14200,9000,2500,19700,14000,2500,3840,2160,Ultra,Ultra,Ultra,TAA,Off,-1,12.5
GTA_V,10000,6500,2500,19700,11000,4000,2560,1440,Ultra,High,High,TAA,Off,-1,45.5
SpiderMan,17800,11000,3500,14200,17500,2500,3840,2160,Ultra,Ultra,High,FXAA,On,0,14.0
Cyberpunk2077,14200,9000,2500,17800,14000,3500,3840,2160,High,Ultra,High,TAA,On,0,16.0
SpiderMan,17800,11000,3500,14200,11000,2500,2560,1440,Ultra,Ultra,Ultra,TAA,Off,0,17.4
SpiderMan,17800,11000,3500,17800,9000,2500,2560,1440,Ultra,Ultra,Ultra,TAA,Off,0,16.3
AssassinsCreed,17800,11000,3500,17800,14000,2500,2560,1440,Ultra,High,Ultra,FXAA,On,0,22.8
SpiderMan,17800,11000,3500,14200,9000,2500,2560,1440,Ultra,Ultra,High,TAA,On,0,15.7
PUBG,14200,9000,2500,14200,17500,3500,2560,1440,Ultra,Ultra,Ultra,FXAA,On,0,35.9
AssassinsCreed,17800,11000,3500,14200,9000,4000,3840,2160,High,High,High,TAA,Off,0,14.3
GTA_V,10000,6500,2500,19700,17500,3500,3840,2160,High,Ultra,Ultra,TAA,On,0,40.0
EldenRing,14200,9000,3500,17800,9000,4000,3840,2160,High,Ultra,Ultra,FXAA,Off,0,18.2
Warzone,17800,13000,3500,19700,9000,2500,2560,1440,Ultra,Ultra,High,TAA,Off,0,14.5
SpiderMan,17800,11000,3500,14200,9000,2500,2560,1440,High,High,High,TAA,Off,-1,20.7
HorizonZeroDawn,17800,11000,3500,14200,14000,2500,2560,1440,Ultra,Ultra,High,TAA,Off,0,18.0
Cyberpunk2077,14200,9000,2500,14200,17500,2500,2560,1440,Ultra,High,Ultra,FXAA,Off,0,25.8
Cyberpunk2077,14200,9000,2500,14200,14000,3500,3840,2160,Ultra,High,Ultra,FXAA,On,-1,10.3
SpiderMan,17800,11000,3500,14200,14000,2500,3840,2160,High,Ultra,Ultra,TAA,Off,-1,12.1
Warzone,17800,13000,3500,14200,17500,4000,3840,2160,Ultra,High,High,TAA,On,-1,11.0
RedDeadRedemption2,17800,11000,3500,17800,11000,4000,2560,1440,Ultra,Ultra,Ultra,TAA,Off,0,12.7
RedDeadRedemption2,17800,11000,3500,14200,11000,2500,3840,2160,High,High,High,FXAA,On,0,9.5
EldenRing,14200,9000,3500,14200,11000,2500,2560,1440,High,Ultra,Ultra,TAA,Off,0,30.5
RedDeadRedemption2,17800,11000,3500,19700,9000,4000,3840,2160,Ultra,Ultra,Ultra,FXAA,On,0,6.8
SpiderMan,17800,11000,3500,14200,11000,2500,3840,2160,High,Ultra,Ultra,TAA,Off,0,12.7
EldenRing,14200,9000,3500,14200,9000,3500,2560,1440,High,Ultra,High,TAA,Off,0,29.5
Cyberpunk2077,14200,9000,2500,17800,9000,3500,3840,2160,High,Ultra,Ultra,TAA,Off,0,12.6
Warzone,17800,13000,3500,17800,9000,2500,2560,1440,High,High,Ultra,TAA,On,-1,16.9
GTA_V,10000,6500,2500,14200,11000,2500,2560,1440,Ultra,Ultra,Ultra,TAA,Off,-1,30.1
HorizonZeroDawn,17800,11000,3500,14200,9000,2500,2560,1440,High,High,High,TAA,On,0,21.3
HorizonZeroDawn,17800,11000,3500,17800,17500,4000,2560,1440,High,Ultra,Ultra,TAA,Off,0,32.0
SpiderMan,17800,11000,3500,14200,11000,2500,2560,1440,High,Ultra,Ultra,TAA,On,0,23.4
EldenRing,14200,9000,3500,14200,9000,2500,3840,2160,High,High,Ultra,TAA,On,0,15.1
Warzone,17800,13000,3500,19700,11000,4000,3840,2160,High,Ultra,High,TAA,Off,0,13.6
HorizonZeroDawn,17800,11000,3500,14200,9000,4000,2560,1440,Ultra,High,Ultra,FXAA,On,0,17.6
EldenRing,14200,9000,3500,14200,14000,2500,2560,1440,Ultra,Ultra,High,FXAA,On,0,28.0
HorizonZeroDawn,17800,11000,3500,14200,17500,3500,2560,1440,Ultra,Ultra,High,TAA,Off,0,21.8
HorizonZeroDawn,17800,11000,3500,19700,11000,2500,2560,1440,Ultra,Ultra,High,TAA,On,0,17.5
Warzone,17800,13000,3500,17800,17500,4000,2560,1440,Ultra,Ultra,High,FXAA,Off,-1,18.8
SpiderMan,17800,11000,3500,17800,17500,3500,3840,2160,Ultra,Ultra,High,FXAA,Off,0,16.0
RedDeadRedemption2,17800,11000,3500,14200,9000,2500,2560,1440,Ultra,Ultra,High,TAA,On,0,10.4
HorizonZeroDawn,17800,11000,3500,17800,14000,4000,2560,1440,Ultra,High,Ultra,TAA,Off,0,21.6
Cyberpunk2077,14200,9000,2500,19700,11000,2500,2560,1440,High,High,High,TAA,On,-1,24.4
AssassinsCreed,17800,11000,3500,17800,9000,3500,3840,2160,Ultra,Ultra,High,TAA,On,-1,7.9
RedDeadRedemption2,17800,11000,3500,17800,14000,3500,2560,1440,High,Ultra,Ultra,FXAA,Off,0,20.6
GTA_V,10000,6500,2500,14200,9000,3500,2560,1440,Ultra,Ultra,Ultra,TAA,On,-1,29.3
RedDeadRedemption2,17800,11000,3500,14200,9000,2500,3840,2160,Ultra,Ultra,Ultra,FXAA,On,0,5.4
EldenRing,14200,9000,3500,14200,9000,2500,2560,1440,Ultra,Ultra,High,TAA,Off,-1,17.3
TheWitcher3,14200,9000,2500,14200,14000,2500,2560,1440,High,High,Ultra,TAA,On,-1,30.1
EldenRing,14200,9000,3500,17800,11000,4000,3840,2160,High,High,High,FXAA,On,0,23.2
GTA_V,10000,6500,2500,17800,11000,4000,3840,2160,Ultra,Ultra,Ultra,FXAA,Off,0,25.0
EldenRing,14200,9000,3500,14200,9000,4000,2560,1440,Ultra,Ultra,High,FXAA,Off,-1,21.4
EldenRing,14200,9000,3500,14200,9000,4000,3840,2160,Ultra,Ultra,Ultra,FXAA,Off,0,12.6
TheWitcher3,14200,9000,2500,14200,11000,2500,2560,1440,Ultra,High,High,TAA,Off,0,24.7
Warzone,17800,13000,3500,14200,14000,3500,3840,2160,Ultra,High,Ultra,TAA,Off,-1,8.5
Cyberpunk2077,14200,9000,2500,17800,9000,2500,2560,1440,Ultra,Ultra,Ultra,FXAA,Off,-1,14.0
RedDeadRedemption2,17800,11000,3500,19700,11000,2500,3840,2160,High,High,Ultra,FXAA,Off,0,10.0
SpiderMan,17800,11000,3500,14200,9000,3500,2560,1440,Ultra,Ultra,Ultra,FXAA,Off,0,17.6
Cyberpunk2077,14200,9000,2500,14200,9000,3500,2560,1440,Ultra,High,Ultra,TAA,On,-1,15.2
Cyberpunk2077,14200,9000,2500,17800,11000,4000,2560,1440,High,High,High,TAA,Off,0,31.4
AssassinsCreed,17800,11000,3500,14200,9000,3500,2560,1440,Ultra,Ultra,Ultra,TAA,On,-1,13.8
SpiderMan,17800,11000,3500,19700,14000,4000,2560,1440,High,Ultra,Ultra,TAA,Off,0,30.4
RedDeadRedemption2,17800,11000,3500,14200,11000,2500,2560,1440,High,Ultra,Ultra,TAA,On,0,14.2
Cyberpunk2077,14200,9000,2500,14200,17500,4000,3840,2160,Ultra,High,Ultra,TAA,Off,0,14.8
Cyberpunk2077,14200,9000,2500,14200,9000,2500,3840,2160,Ultra,High,Ultra,TAA,On,-1,7.3
RedDeadRedemption2,17800,11000,3500,14200,11000,3500,2560,1440,Ultra,High,High,TAA,On,0,13.2
AssassinsCreed,17800,11000,3500,17800,11000,2500,2560,1440,Ultra,Ultra,Ultra,TAA,Off,0,17.1
TheWitcher3,14200,9000,2500,19700,9000,3500,2560,1440,High,High,Ultra,FXAA,Off,0,38.7
EldenRing,14200,9000,3500,17800,9000,2500,2560,1440,Ultra,Ultra,High,FXAA,On,0,22.7
SpiderMan,17800,11000,3500,14200,11000,2500,3840,2160,High,Ultra,Ultra,TAA,Off,-1,11.0
PUBG,14200,9000,2500,14200,14000,3500,3840,2160,High,Ultra,Ultra,TAA,On,-1,18.0
Warzone,17800,13000,3500,14200,14000,2500,3840,2160,Ultra,High,High,TAA,On,0,9.6
TheWitcher3,14200,9000,2500,14200,9000,4000,3840,2160,High,Ultra,High,FXAA,On,0,16.9
AssassinsCreed,17800,11000,3500,14200,9000,2500,2560,1440,Ultra,Ultra,Ultra,TAA,Off,0,14.9
EldenRing,14200,9000,3500,19700,14000,2500,2560,1440,High,Ultra,Ultra,TAA,Off,0,39.8
EldenRing,14200,9000,3500,14200,11000,2500,2560,1440,High,High,Ultra,TAA,On,0,32.1
EldenRing,14200,9000,3500,14200,14000,3500,2560,1440,High,Ultra,Ultra,FXAA,On,0,36.2
SpiderMan,17800,11000,3500,14200,9000,2500,2560,1440,Ultra,Ultra,Ultra,TAA,On,-1,13.3
TheWitcher3,14200,9000,2500,19700,17500,3500,3840,2160,High,High,High,TAA,Off,0,28.5
RedDeadRedemption2,17800,11000,3500,17800,14000,2500,3840,2160,High,Ultra,High,FXAA,Off,0,11.2
Cyberpunk2077,14200,9000,2500,14200,9000,3500,3840,2160,Ultra,High,High,FXAA,On,0,11.0
HorizonZeroDawn,17800,11000,3500,14200,14000,3500,2560,1440,Ultra,High,Ultra,FXAA,On,-1,17.9
HorizonZeroDawn,17800,11000,3500,14200,11000,2500,3840,2160,Ultra,Ultra,Ultra,FXAA,Off,-1,7.3
AssassinsCreed,17800,11000,3500,14200,11000,2500,2560,1440,Ultra,High,High,TAA,On,0,18.1
GTA_V,10000,6500,2500,17800,9000,2500,2560,1440,Ultra,Ultra,Ultra,FXAA,Off,-1,32.2
RedDeadRedemption2,17800,11000,3500,17800,11000,2500,3840,2160,Ultra,Ultra,High,TAA,Off,-1,5.6
SpiderMan,17800,11000,3500,14200,11000,3500,3840,2160,High,High,High,TAA,On,-1,13.0
Warzone,17800,13000,3500,14200,9000,2500,2560,1440,Ultra,High,Ultra,FXAA,Off,-1,13.1
GTA_V,10000,6500,2500,14200,9000,3500,2560,1440,High,Ultra,Ultra,TAA,On,0,48.0
HorizonZeroDawn,17800,11000,3500,17800,11000,2500,3840,2160,Ultra,High,Ultra,TAA,On,0,9.6
HorizonZeroDawn,17800,11000,3500,14200,17500,4000,2560,1440,High,Ultra,Ultra,FXAA,Off,0,31.6
RedDeadRedemption2,17800,11000,3500,17800,17500,3500,2560,1440,High,Ultra,Ultra,TAA,Off,-1,18.8
AssassinsCreed,17800,11000,3500,19700,9000,2500,2560,1440,Ultra,Ultra,Ultra,TAA,Off,0,16.4
RedDeadRedemption2,17800,11000,3500,14200,11000,2500,2560,1440,Ultra,High,High,TAA,Off,-1,11.0
AssassinsCreed,17800,11000,3500,14200,11000,4000,2560,1440,Ultra,Ultra,High,TAA,On,0,19.6
SpiderMan,17800,11000,3500,19700,9000,2500,2560,1440,High,Ultra,High,FXAA,On,0,24.3
PUBG,14200,9000,2500,19700,14000,4000,3840,2160,High,Ultra,Ultra,TAA,On,0,23.4
AssassinsCreed,17800,11000,3500,19700,11000,4000,3840,2160,Ultra,High,Ultra,TAA,On,-1,9.5
Warzone,17800,13000,3500,17800,9000,3500,2560,1440,High,Ultra,Ultra,TAA,Off,0,20.0
TheWitcher3,14200,9000,2500,14200,9000,2500,2560,1440,Ultra,Ultra,Ultra,TAA,Off,0,19.2
TheWitcher3,14200,9000,2500,14200,14000,3500,2560,1440,High,High,Ultra,FXAA,On,0,41.2
Cyberpunk2077,14200,9000,2500,14200,17500,2500,2560,1440,High,High,Ultra,TAA,Off,0,33.8
EldenRing,14200,9000,3500,19700,11000,3500,3840,2160,Ultra,Ultra,Ultra,FXAA,Off,0,15.0
Warzone,17800,13000,3500,14200,11000,2500,3840,2160,Ultra,High,High,FXAA,Off,-1,8.1
EldenRing,14200,9000,3500,19700,9000,4000,3840,2160,Ultra,High,High,FXAA,Off,0,16.2
EldenRing,14200,9000,3500,17800,9000,2500,2560,1440,Ultra,High,Ultra,TAA,On,0,23.6
TheWitcher3,14200,9000,2500,14200,14000,4000,2560,1440,High,High,Ultra,TAA,Off,0,41.8
AssassinsCreed,17800,11000,3500,14200,11000,3500,3840,2160,Ultra,Ultra,High,TAA,On,-1,8.7
RedDeadRedemption2,17800,11000,3500,19700,11000,4000,2560,1440,High,High,High,TAA,Off,0,20.9
HorizonZeroDawn,17800,11000,3500,19700,11000,3500,3840,2160,Ultra,Ultra,Ultra,FXAA,On,0,10.3
HorizonZeroDawn,17800,11000,3500,14200,9000,3500,2560,1440,Ultra,High,Ultra,FXAA,Off,0,17.2
Cyberpunk2077,14200,9000,2500,19700,9000,2500,2560,1440,Ultra,Ultra,Ultra,TAA,Off,0,16.7
Cyberpunk2077,14200,9000,2500,17800,9000,2500,2560,1440,High,High,High,TAA,Off,-1,20.4
AssassinsCreed,17800,11000,3500,17800,17500,2500,2560,1440,Ultra,Ultra,Ultra,TAA,On,0,22.3
Warzone,17800,13000,3500,19700,11000,3500,3840,2160,Ultra,High,Ultra,TAA,Off,0,10.3
HorizonZeroDawn,17800,11000,3500,19700,9000,2500,3840,2160,Ultra,Ultra,Ultra,FXAA,Off,0,9.2
GTA_V,10000,6500,2500,14200,17500,3500,2560,1440,High,Ultra,High,TAA,Off,0,69.5
RedDeadRedemption2,17800,11000,3500,14200,17500,2500,3840,2160,High,High,High,FXAA,On,0,12.9
SpiderMan,17800,11000,3500,14200,17500,3500,2560,1440,High,High,High,FXAA,Off,0,40.3
RedDeadRedemption2,17800,11000,3500,14200,11000,2500,2560,1440,Ultra,Ultra,Ultra,FXAA,Off,0,12.0
AssassinsCreed,17800,11000,3500,14200,9000,2500,3840,2160,Ultra,High,Ultra,TAA,Off,0,9.0
Cyberpunk2077,14200,9000,2500,14200,11000,2500,2560,1440,Ultra,High,Ultra,TAA,On,0,18.6
PUBG,14200,9000,2500,19700,14000,4000,2560,1440,High,High,Ultra,FXAA,On,-1,44.9
HorizonZeroDawn,17800,11000,3500,14200,14000,2500,2560,1440,Ultra,Ultra,High,FXAA,Off,0,19.4
TheWitcher3,14200,9000,2500,14200,14000,4000,2560,1440,Ultra,High,High,TAA,Off,-1,26.5
AssassinsCreed,17800,11000,3500,19700,14000,2500,3840,2160,Ultra,High,Ultra,FXAA,Off,0,12.6
SpiderMan,17800,11000,3500,17800,17500,4000,2560,1440,High,Ultra,High,FXAA,On,0,38.8
SpiderMan,17800,11000,3500,19700,9000,4000,2560,1440,Ultra,Ultra,High,TAA,Off,-1,16.8
EldenRing,14200,9000,3500,14200,14000,4000,2560,1440,Ultra,High,Ultra,FXAA,Off,0,31.0
AssassinsCreed,17800,11000,3500,14200,14000,3500,2560,1440,Ultra,Ultra,Ultra,FXAA,Off,-1,18.7
RedDeadRedemption2,17800,11000,3500,14200,14000,2500,3840,2160,Ultra,Ultra,Ultra,FXAA,On,0,7.2
GTA_V,10000,6500,2500,17800,11000,2500,2560,1440,Ultra,Ultra,Ultra,FXAA,On,0,39.2
EldenRing,14200,9000,3500,14200,11000,3500,2560,1440,High,High,High,TAA,On,0,34.7
HorizonZeroDawn,17800,11000,3500,19700,9000,2500,3840,2160,High,High,High,TAA,Off,0,13.6
Warzone,17800,13000,3500,14200,11000,3500,3840,2160,Ultra,Ultra,High,TAA,Off,0,8.5
AssassinsCreed,17800,11000,3500,17800,9000,3500,2560,1440,Ultra,Ultra,Ultra,TAA,Off,-1,14.7
PUBG,14200,9000,2500,14200,11000,2500,2560,1440,Ultra,Ultra,Ultra,TAA,On,-1,20.3
HorizonZeroDawn,17800,11000,3500,17800,17500,4000,3840,2160,Ultra,High,Ultra,FXAA,On,-1,11.6
Warzone,17800,13000,3500,19700,9000,3500,3840,2160,High,High,Ultra,TAA,Off,-1,10.9
Cyberpunk2077,14200,9000,2500,19700,11000,2500,2560,1440,High,Ultra,Ultra,FXAA,Off,0,24.7
GTA_V,10000,6500,2500,17800,9000,3500,3840,2160,Ultra,Ultra,Ultra,FXAA,On,-1,18.4
HorizonZeroDawn,17800,11000,3500,17800,9000,2500,3840,2160,Ultra,Ultra,Ultra,FXAA,Off,0,8.6
TheWitcher3,14200,9000,2500,17800,14000,2500,2560,1440,Ultra,Ultra,Ultra,FXAA,Off,0,29.2
TheWitcher3,14200,9000,2500,14200,14000,2500,3840,2160,High,High,High,FXAA,Off,0,22.8
SpiderMan,17800,11000,3500,14200,9000,3500,3840,2160,High,High,High,FXAA,On,-1,11.9
HorizonZeroDawn,17800,11000,3500,14200,17500,2500,3840,2160,Ultra,High,Ultra,FXAA,On,0,12.4
EldenRing,14200,9000,3500,14200,11000,3500,3840,2160,High,Ultra,High,FXAA,On,0,18.9
Warzone,17800,13000,3500,17800,9000,2500,3840,2160,High,Ultra,Ultra,FXAA,On,0,9.9
TheWitcher3,14200,9000,2500,19700,9000,2500,2560,1440,High,Ultra,Ultra,TAA,Off,0,28.5
SpiderMan,17800,11000,3500,14200,14000,2500,2560,1440,High,Ultra,High,FXAA,Off,0,31.2
HorizonZeroDawn,17800,11000,3500,17800,11000,3500,2560,1440,Ultra,Ultra,High,TAA,Off,-1,16.0
Warzone,17800,13000,3500,14200,14000,2500,2560,1440,Ultra,High,Ultra,FXAA,On,0,18.4
RedDeadRedemption2,17800,11000,3500,14200,17500,4000,3840,2160,Ultra,High,Ultra,FXAA,Off,0,9.8
RedDeadRedemption2,17800,11000,3500,14200,9000,3500,2560,1440,Ultra,Ultra,Ultra,TAA,On,0,10.3
AssassinsCreed,17800,11000,3500,14200,9000,3500,3840,2160,High,High,High,TAA,On,-1,10.6
HorizonZeroDawn,17800,11000,3500,14200,9000,2500,3840,2160,High,High,High,FXAA,Off,0,11.6
Warzone,17800,13000,3500,19700,11000,3500,3840,2160,Ultra,Ultra,Ultra,TAA,Off,-1,8.0
AssassinsCreed,17800,11000,3500,14200,9000,2500,2560,1440,Ultra,Ultra,Ultra,TAA,On,0,14.9
AssassinsCreed,17800,11000,3500,19700,11000,3500,3840,2160,Ultra,Ultra,High,TAA,On,0,11.1
AssassinsCreed,17800,11000,3500,17800,9000,3500,2560,1440,Ultra,High,Ultra,TAA,Off,-1,15.8
HorizonZeroDawn,17800,11000,3500,19700,9000,2500,3840,2160,High,Ultra,Ultra,TAA,On,0,11.4
RedDeadRedemption2,17800,11000,3500,19700,9000,2500,2560,1440,Ultra,Ultra,High,FXAA,On,0,12.2
Cyberpunk2077,14200,9000,2500,14200,9000,2500,2560,1440,Ultra,High,Ultra,FXAA,Off,0,16.7
SpiderMan,17800,11000,3500,17800,9000,2500,3840,2160,Ultra,Ultra,High,TAA,Off,0,9.5
SpiderMan,17800,11000,3500,14200,17500,4000,2560,1440,Ultra,Ultra,High,FXAA,Off,0,28.4
HorizonZeroDawn,17800,11000,3500,14200,9000,2500,3840,2160,Ultra,High,Ultra,TAA,Off,0,8.5
EldenRing,14200,9000,3500,14200,9000,2500,3840,2160,Ultra,Ultra,Ultra,FXAA,On,-1,9.1
Cyberpunk2077,14200,9000,2500,19700,14000,4000,2560,1440,Ultra,Ultra,High,TAA,On,0,24.3
EldenRing,14200,9000,3500,14200,9000,4000,2560,1440,Ultra,Ultra,Ultra,TAA,Off,0,21.1
RedDeadRedemption2,17800,11000,3500,19700,11000,2500,2560,1440,Ultra,High,High,TAA,On,0,13.3
TheWitcher3,14200,9000,2500,17800,11000,3500,2560,1440,High,Ultra,Ultra,TAA,Off,0,32.5
RedDeadRedemption2,17800,11000,3500,17800,9000,2500,2560,1440,Ultra,Ultra,Ultra,TAA,Off,0,11.0
RedDeadRedemption2,17800,11000,3500,17800,9000,2500,2560,1440,High,High,Ultra,TAA,Off,0,15.8
AssassinsCreed,17800,11000,3500,14200,11000,2500,2560,1440,Ultra,Ultra,Ultra,TAA,On,-1,13.2
SpiderMan,17800,11000,3500,17800,9000,2500,3840,2160,High,Ultra,Ultra,FXAA,Off,0,12.5
RedDeadRedemption2,17800,11000,3500,19700,17500,2500,3840,2160,High,Ultra,High,TAA,On,0,12.3
HorizonZeroDawn,17800,11000,3500,17800,14000,3500,2560,1440,High,High,Ultra,FXAA,On,0,28.8
Warzone,17800,13000,3500,14200,9000,3500,2560,1440,Ultra,High,High,TAA,On,0,15.8
HorizonZeroDawn,17800,11000,3500,14200,11000,4000,2560,1440,High,Ultra,High,FXAA,Off,0,23.9
RedDeadRedemption2,17800,11000,3500,14200,9000,2500,2560,1440,High,High,High,FXAA,Off,-1,13.8
GTA_V,10000,6500,2500,14200,9000,3500,2560,1440,Ultra,High,Ultra,TAA,Off,0,39.4
AssassinsCreed,17800,11000,3500,17800,17500,3500,2560,1440,High,High,Ultra,TAA,Off,0,35.6
PUBG,14200,9000,2500,19700,11000,4000,2560,1440,Ultra,High,Ultra,TAA,Off,-1,29.0
HorizonZeroDawn,17800,11000,3500,14200,11000,4000,2560,1440,Ultra,High,High,TAA,On,0,19.3
PUBG,14200,9000,2500,17800,14000,2500,2560,1440,High,Ultra,Ultra,FXAA,Off,0,42.9
GTA_V,10000,6500,2500,14200,9000,2500,3840,2160,Ultra,High,High,TAA,Off,0,20.1
RedDeadRedemption2,17800,11000,3500,14200,11000,3500,2560,1440,Ultra,Ultra,High,TAA,Off,0,11.8
SpiderMan,17800,11000,3500,19700,11000,3500,3840,2160,Ultra,High,High,TAA,Off,0,12.8
Cyberpunk2077,14200,9000,2500,14200,9000,3500,2560,1440,Ultra,Ultra,Ultra,FXAA,Off,0,16.6
AssassinsCreed,17800,11000,3500,14200,9000,3500,2560,1440,Ultra,High,Ultra,TAA,On,0,17.8
RedDeadRedemption2,17800,11000,3500,14200,17500,3500,3840,2160,High,High,High,TAA,Off,-1,11.3
GTA_V,10000,6500,2500,17800,17500,3500,3840,2160,Ultra,High,Ultra,FXAA,Off,0,34.4
Cyberpunk2077,14200,9000,2500,14200,9000,3500,2560,1440,High,Ultra,High,TAA,Off,0,23.5
AssassinsCreed,17800,11000,3500,19700,17500,4000,3840,2160,Ultra,Ultra,Ultra,TAA,On,0,13.1
RedDeadRedemption2,17800,11000,3500,17800,9000,2500,3840,2160,High,High,Ultra,FXAA,Off,-1,7.4
Warzone,17800,13000,3500,19700,17500,2500,3840,2160,Ultra,Ultra,Ultra,FXAA,On,-1,9.8
RedDeadRedemption2,17800,11000,3500,17800,11000,2500,2560,1440,Ultra,Ultra,Ultra,FXAA,Off,0,12.4
Cyberpunk2077,14200,9000,2500,19700,17500,3500,2560,1440,Ultra,High,High,FXAA,Off,0,32.3
TheWitcher3,14200,9000,2500,17800,17500,2500,2560,1440,Ultra,High,Ultra,FXAA,On,-1,30.0
AssassinsCreed,17800,11000,3500,14200,11000,3500,3840,2160,Ultra,High,Ultra,TAA,Off,-1,8.5
RedDeadRedemption2,17800,11000,3500,14200,11000,3500,2560,1440,Ultra,Ultra,Ultra,FXAA,Off,0,12.0
RedDeadRedemption2,17800,11000,3500,19700,9000,2500,2560,1440,High,Ultra,High,TAA,Off,-1,13.4
Warzone,17800,13000,3500,14200,11000,3500,2560,1440,High,Ultra,Ultra,TAA,On,0,19.9
SpiderMan,17800,11000,3500,17800,11000,2500,2560,1440,Ultra,Ultra,High,FXAA,Off,0,21.8
Warzone,17800,13000,3500,14200,9000,4000,2560,1440,Ultra,High,Ultra,TAA,On,0,15.5
EldenRing,14200,9000,3500,14200,9000,2500,2560,1440,Ultra,Ultra,Ultra,TAA,On,-1,16.4
TheWitcher3,14200,9000,2500,14200,9000,2500,2560,1440,High,High,Ultra,TAA,Off,-1,24.3
AssassinsCreed,17800,11000,3500,17800,11000,4000,3840,2160,Ultra,Ultra,High,TAA,On,-1,8.7
RedDeadRedemption2,17800,11000,3500,17800,11000,2500,3840,2160,Ultra,High,High,FXAA,On,0,7.9
Cyberpunk2077,14200,9000,2500,19700,9000,2500,2560,1440,Ultra,Ultra,Ultra,TAA,Off,-1,14.2
Warzone,17800,13000,3500,17800,14000,2500,2560,1440,Ultra,High,High,FXAA,Off,-1,17.7
EldenRing,14200,9000,3500,14200,14000,3500,3840,2160,Ultra,Ultra,Ultra,TAA,Off,0,15.3
HorizonZeroDawn,17800,11000,3500,14200,9000,2500,2560,1440,High,High,High,TAA,On,-1,18.0
HorizonZeroDawn,17800,11000,3500,14200,9000,2500,2560,1440,Ultra,High,Ultra,FXAA,On,0,15.7
AssassinsCreed,17800,11000,3500,19700,9000,2500,2560,1440,Ultra,Ultra,High,TAA,Off,0,17.0
TheWitcher3,14200,9000,2500,14200,9000,4000,3840,2160,Ultra,Ultra,High,TAA,On,0,13.0
Warzone,17800,13000,3500,14200,9000,3500,2560,1440,High,Ultra,Ultra,TAA,On,-1,15.6
Cyberpunk2077,14200,9000,2500,14200,17500,2500,3840,2160,High,High,Ultra,TAA,Off,-1,14.6
Cyberpunk2077,14200,9000,2500,19700,9000,4000,2560,1440,Ultra,Ultra,Ultra,TAA,On,-1,14.8
RedDeadRedemption2,17800,11000,3500,19700,11000,4000,3840,2160,High,Ultra,Ultra,TAA,On,-1,7.7
EldenRing,14200,9000,3500,14200,14000,3500,3840,2160,Ultra,High,Ultra,FXAA,Off,0,17.7
Cyberpunk2077,14200,9000,2500,19700,11000,3500,2560,1440,High,Ultra,High,FXAA,Off,0,27.5
AssassinsCreed,17800,11000,3500,19700,11000,2500,2560,1440,Ultra,Ultra,Ultra,TAA,On,-1,14.6
SpiderMan,17800,11000,3500,14200,11000,2500,2560,1440,High,Ultra,Ultra,FXAA,Off,0,24.9
EldenRing,14200,9000,3500,14200,17500,3500,3840,2160,Ultra,High,Ultra,TAA,Off,-1,16.7
RedDeadRedemption2,17800,11000,3500,19700,11000,2500,3840,2160,Ultra,Ultra,Ultra,TAA,Off,-1,5.9
Cyberpunk2077,14200,9000,2500,17800,11000,2500,2560,1440,Ultra,Ultra,Ultra,TAA,Off,0,17.3
RedDeadRedemption2,17800,11000,3500,14200,14000,2500,2560,1440,High,Ultra,Ultra,TAA,On,-1,13.8
SpiderMan,17800,11000,3500,14200,11000,3500,3840,2160,Ultra,Ultra,Ultra,FXAA,On,0,10.2
AssassinsCreed,17800,11000,3500,17800,9000,4000,2560,1440,High,High,High,TAA,On,0,26.3
AssassinsCreed,17800,11000,3500,17800,9000,2500,2560,1440,Ultra,Ultra,High,TAA,On,-1,13.8
EldenRing,14200,9000,3500,14200,11000,2500,3840,2160,Ultra,High,Ultra,FXAA,On,0,13.2
Warzone,17800,13000,3500,19700,9000,2500,2560,1440,Ultra,High,Ultra,TAA,On,0,15.9
SpiderMan,17800,11000,3500,14200,9000,3500,3840,2160,Ultra,Ultra,High,TAA,Off,0,10.1
EldenRing,14200,9000,3500,19700,9000,2500,3840,2160,High,High,Ultra,FXAA,Off,-1,16.0
SpiderMan,17800,11000,3500,14200,9000,2500,2560,1440,Ultra,High,Ultra,FXAA,Off,0,19.3
Warzone,17800,13000,3500,14200,17500,2500,3840,2160,High,Ultra,Ultra,TAA,Off,-1,11.4
Cyberpunk2077,14200,9000,2500,17800,11000,4000,3840,2160,High,Ultra,Ultra,TAA,Off,0,13.5
Cyberpunk2077,14200,9000,2500,14200,9000,2500,3840,2160,Ultra,Ultra,Ultra,TAA,Off,0,7.9
Warzone,17800,13000,3500,14200,14000,2500,3840,2160,Ultra,High,High,TAA,Off,0,10.1
Warzone,17800,13000,3500,14200,9000,2500,3840,2160,High,Ultra,High,TAA,Off,0,9.7
EldenRing,14200,9000,3500,14200,11000,3500,2560,1440,Ultra,High,High,FXAA,Off,0,28.0
HorizonZeroDawn,17800,11000,3500,19700,11000,2500,3840,2160,Ultra,Ultra,High,TAA,Off,-1,8.1
SpiderMan,17800,11000,3500,17800,11000,2500,2560,1440,High,High,Ultra,TAA,Off,0,27.6
SpiderMan,17800,11000,3500,14200,9000,3500,3840,2160,High,High,Ultra,FXAA,On,0,13.8
RedDeadRedemption2,17800,11000,3500,19700,11000,4000,3840,2160,Ultra,Ultra,Ultra,TAA,Off,0,7.2
RedDeadRedemption2,17800,11000,3500,19700,14000,2500,2560,1440,Ultra,High,High,TAA,Off,0,15.9
PUBG,14200,9000,2500,17800,11000,3500,3840,2160,Ultra,Ultra,Ultra,FXAA,On,-1,13.4
TheWitcher3,14200,9000,2500,14200,11000,2500,3840,2160,High,High,High,FXAA,On,0,19.1
EldenRing,14200,9000,3500,14200,11000,2500,2560,1440,High,Ultra,Ultra,TAA,Off,-1,26.5
RedDeadRedemption2,17800,11000,3500,14200,9000,4000,2560,1440,Ultra,Ultra,High,TAA,Off,0,11.8
AssassinsCreed,17800,11000,3500,17800,17500,3500,3840,2160,Ultra,Ultra,Ultra,TAA,On,0,12.6
AssassinsCreed,17800,11000,3500,14200,17500,3500,3840,2160,Ultra,High,High,TAA,On,0,13.9
Cyberpunk2077,14200,9000,2500,14200,14000,4000,3840,2160,High,Ultra,High,TAA,Off,-1,13.4
SpiderMan,17800,11000,3500,14200,11000,4000,2560,1440,High,High,Ultra,TAA,Off,0,27.3
AssassinsCreed,17800,11000,3500,19700,11000,2500,2560,1440,Ultra,Ultra,Ultra,TAA,Off,-1,15.1
RedDeadRedemption2,17800,11000,3500,17800,14000,2500,2560,1440,High,Ultra,Ultra,FXAA,On,0,19.2
Cyberpunk2077,14200,9000,2500,19700,14000,2500,2560,1440,Ultra,High,High,FXAA,Off,0,26.2
TheWitcher3,14200,9000,2500,14200,9000,3500,3840,2160,Ultra,Ultra,High,FXAA,On,0,12.7
RedDeadRedemption2,17800,11000,3500,19700,11000,3500,3840,2160,Ultra,High,High,TAA,Off,0,8.1
TheWitcher3,14200,9000,2500,14200,14000,2500,2560,1440,Ultra,Ultra,High,TAA,Off,0,25.6
TheWitcher3,14200,9000,2500,14200,14000,2500,3840,2160,High,Ultra,Ultra,FXAA,On,-1,16.1
Warzone,17800,13000,3500,19700,9000,2500,2560,1440,Ultra,High,Ultra,FXAA,On,0,17.0
AssassinsCreed,17800,11000,3500,14200,9000,2500,2560,1440,Ultra,High,High,TAA,Off,0,16.8
EldenRing,14200,9000,3500,14200,9000,2500,3840,2160,High,High,High,FXAA,Off,0,17.7
Cyberpunk2077,14200,9000,2500,17800,9000,2500,2560,1440,Ultra,Ultra,High,FXAA,On,0,17.0
TheWitcher3,14200,9000,2500,14200,14000,2500,3840,2160,High,High,High,TAA,Off,0,20.5
Warzone,17800,13000,3500,19700,14000,2500,2560,1440,Ultra,Ultra,High,TAA,On,-1,15.0
EldenRing,14200,9000,3500,14200,9000,2500,2560,1440,Ultra,Ultra,High,FXAA,On,0,22.7
Cyberpunk2077,14200,9000,2500,17800,17500,2500,3840,2160,Ultra,Ultra,Ultra,TAA,Off,0,12.4
RedDeadRedemption2,17800,11000,3500,17800,11000,2500,3840,2160,Ultra,Ultra,High,TAA,Off,-1,5.4
AssassinsCreed,17800,11000,3500,19700,14000,4000,3840,2160,High,Ultra,Ultra,FXAA,Off,0,17.1
TheWitcher3,14200,9000,2500,14200,9000,2500,3840,2160,Ultra,Ultra,Ultra,TAA,Off,0,10.5
Cyberpunk2077,14200,9000,2500,17800,9000,2500,2560,1440,Ultra,High,Ultra,TAA,On,-1,14.8
RedDeadRedemption2,17800,11000,3500,14200,9000,4000,2560,1440,High,High,Ultra,FXAA,Off,-1,14.8
AssassinsCreed,17800,11000,3500,14200,11000,4000,2560,1440,High,High,Ultra,TAA,On,-1,22.8
Cyberpunk2077,14200,9000,2500,14200,9000,3500,3840,2160,High,High,High,FXAA,Off,0,14.8
EldenRing,14200,9000,3500,14200,9000,2500,3840,2160,Ultra,Ultra,High,TAA,Off,0,11.1
Warzone,17800,13000,3500,14200,11000,4000,3840,2160,High,High,High,TAA,Off,0,13.3
GTA_V,10000,6500,2500,19700,9000,2500,2560,1440,Ultra,Ultra,Ultra,FXAA,Off,-1,31.8
SpiderMan,17800,11000,3500,17800,11000,4000,2560,1440,High,Ultra,High,TAA,Off,-1,24.9
Cyberpunk2077,14200,9000,2500,14200,17500,3500,2560,1440,Ultra,High,High,TAA,On,-1,23.4
Cyberpunk2077,14200,9000,2500,17800,9000,3500,2560,1440,High,Ultra,High,TAA,On,-1,21.1
RedDeadRedemption2,17800,11000,3500,14200,9000,4000,3840,2160,Ultra,Ultra,Ultra,FXAA,Off,-1,5.4
TheWitcher3,14200,9000,2500,14200,9000,3500,2560,1440,Ultra,Ultra,High,TAA,Off,0,22.7
SpiderMan,17800,11000,3500,17800,9000,3500,2560,1440,Ultra,Ultra,Ultra,TAA,On,0,18.5
PUBG,14200,9000,2500,14200,9000,3500,2560,1440,Ultra,Ultra,High,TAA,Off,0,24.7
Cyberpunk2077,14200,9000,2500,17800,11000,2500,3840,2160,Ultra,High,Ultra,TAA,On,-1,8.8
Warzone,17800,13000,3500,14200,14000,2500,3840,2160,High,Ultra,Ultra,TAA,Off,0,11.6
Cyberpunk2077,14200,9000,2500,17800,9000,2500,2560,1440,Ultra,High,High,FXAA,Off,0,19.9
AssassinsCreed,17800,11000,3500,14200,14000,2500,3840,2160,High,High,Ultra,TAA,On,0,14.7
EldenRing,14200,9000,3500,17800,17500,2500,3840,2160,Ultra,Ultra,Ultra,TAA,Off,-1,14.6
GTA_V,10000,6500,2500,19700,17500,2500,3840,2160,High,High,High,TAA,On,0,45.7
HorizonZeroDawn,17800,11000,3500,17800,11000,4000,2560,1440,Ultra,Ultra,High,FXAA,Off,0,20.5
RedDeadRedemption2,17800,11000,3500,14200,14000,2500,2560,1440,High,Ultra,Ultra,TAA,Off,0,17.6
Warzone,17800,13000,3500,17800,11000,2500,2560,1440,High,Ultra,Ultra,FXAA,On,-1,18.1
Warzone,17800,13000,3500,14200,17500,3500,2560,1440,High,High,Ultra,TAA,Off,0,29.6
EldenRing,14200,9000,3500,14200,11000,2500,3840,2160,Ultra,Ultra,Ultra,TAA,Off,0,12.2
Warzone,17800,13000,3500,14200,11000,2500,3840,2160,Ultra,Ultra,Ultra,FXAA,On,0,7.7
TheWitcher3,14200,9000,2500,17800,9000,2500,3840,2160,Ultra,Ultra,High,TAA,On,0,12.5
SpiderMan,17800,11000,3500,17800,11000,2500,2560,1440,High,Ultra,High,TAA,On,0,25.0
SpiderMan,17800,11000,3500,14200,9000,2500,3840,2160,Ultra,Ultra,Ultra,TAA,Off,0,8.4
SpiderMan,17800,11000,3500,14200,9000,4000,2560,1440,High,Ultra,Ultra,FXAA,Off,0,25.0
Cyberpunk2077,14200,9000,2500,14200,11000,4000,2560,1440,High,Ultra,Ultra,TAA,Off,0,25.1
PUBG,14200,9000,2500,19700,9000,4000,3840,2160,Ultra,Ultra,Ultra,FXAA,Off,0,16.4
EldenRing,14200,9000,3500,17800,9000,2500,2560,1440,High,High,Ultra,TAA,On,0,32.4
EldenRing,14200,9000,3500,19700,11000,4000,3840,2160,Ultra,High,Ultra,FXAA,Off,-1,14.2
Cyberpunk2077,14200,9000,2500,14200,9000,2500,2560,1440,High,Ultra,Ultra,TAA,Off,0,19.5
RedDeadRedemption2,17800,11000,3500,17800,9000,3500,2560,1440,Ultra,Ultra,High,FXAA,Off,0,12.3
TheWitcher3,14200,9000,2500,17800,9000,4000,3840,2160,High,Ultra,Ultra,FXAA,On,0,18.3
PUBG,14200,9000,2500,14200,14000,3500,2560,1440,High,Ultra,High,TAA,Off,0,41.2
RedDeadRedemption2,17800,11000,3500,14200,11000,3500,2560,1440,Ultra,Ultra,High,FXAA,On,0,12.5
EldenRing,14200,9000,3500,17800,9000,2500,3840,2160,Ultra,High,High,TAA,On,0,13.8
RedDeadRedemption2,17800,11000,3500,19700,11000,2500,3840,2160,Ultra,High,Ultra,TAA,On,0,7.1
RedDeadRedemption2,17800,11000,3500,14200,14000,4000,2560,1440,High,Ultra,High,TAA,On,-1,16.3
AssassinsCreed,17800,11000,3500,14200,14000,3500,2560,1440,High,Ultra,Ultra,FXAA,Off,-1,24.4
SpiderMan,17800,11000,3500,19700,9000,4000,2560,1440,High,Ultra,High,TAA,Off,-1,23.5
PUBG,14200,9000,2500,17800,9000,3500,2560,1440,High,Ultra,High,FXAA,Off,0,37.9
PUBG,14200,9000,2500,17800,11000,2500,2560,1440,High,Ultra,High,TAA,Off,0,38.3
Warzone,17800,13000,3500,14200,11000,3500,2560,1440,Ultra,High,High,TAA,On,0,17.4
Cyberpunk2077,14200,9000,2500,19700,14000,2500,2560,1440,High,Ultra,Ultra,TAA,On,0,27.5
PUBG,14200,9000,2500,17800,17500,3500,2560,1440,High,Ultra,High,TAA,On,-1,42.9
EldenRing,14200,9000,3500,14200,9000,2500,3840,2160,Ultra,Ultra,High,FXAA,On,0,11.7
GTA_V,10000,6500,2500,14200,11000,2500,2560,1440,Ultra,Ultra,High,TAA,On,0,36.6
AssassinsCreed,17800,11000,3500,17800,9000,4000,3840,2160,Ultra,Ultra,Ultra,TAA,Off,0,9.5
EldenRing,14200,9000,3500,14200,11000,2500,3840,2160,High,High,Ultra,TAA,On,0,17.6
SpiderMan,17800,11000,3500,17800,14000,4000,3840,2160,High,Ultra,Ultra,TAA,Off,-1,14.7
AssassinsCreed,17800,11000,3500,19700,14000,4000,2560,1440,Ultra,Ultra,High,FXAA,Off,-1,21.5
Cyberpunk2077,14200,9000,2500,17800,11000,2500,2560,1440,High,Ultra,Ultra,TAA,Off,-1,20.8
RedDeadRedemption2,17800,11000,3500,14200,9000,2500,3840,2160,Ultra,Ultra,Ultra,TAA,Off,0,5.3
Warzone,17800,13000,3500,14200,11000,3500,3840,2160,Ultra,Ultra,Ultra,FXAA,Off,-1,6.9
TheWitcher3,14200,9000,2500,14200,9000,2500,3840,2160,Ultra,Ultra,High,FXAA,On,0,11.4
Cyberpunk2077,14200,9000,2500,14200,14000,4000,2560,1440,Ultra,High,Ultra,TAA,Off,0,22.8
PUBG,14200,9000,2500,17800,9000,2500,3840,2160,Ultra,Ultra,Ultra,TAA,Off,-1,10.7
SpiderMan,17800,11000,3500,14200,9000,2500,2560,1440,Ultra,Ultra,Ultra,FXAA,On,-1,14.3
Cyberpunk2077,14200,9000,2500,17800,11000,2500,2560,1440,Ultra,High,Ultra,FXAA,Off,-1,18.4
TheWitcher3,14200,9000,2500,14200,17500,2500,2560,1440,High,Ultra,High,FXAA,Off,-1,37.7
SpiderMan,17800,11000,3500,17800,9000,2500,3840,2160,Ultra,Ultra,High,TAA,On,-1,7.8
Cyberpunk2077,14200,9000,2500,17800,11000,2500,2560,1440,High,Ultra,High,FXAA,Off,-1,22.8
TheWitcher3,14200,9000,2500,19700,17500,3500,3840,2160,High,Ultra,High,TAA,On,0,25.2
AssassinsCreed,17800,11000,3500,17800,9000,3500,3840,2160,Ultra,High,High,TAA,Off,0,11.2
AssassinsCreed,17800,11000,3500,17800,11000,4000,3840,2160,High,Ultra,Ultra,FXAA,Off,-1,12.3
Warzone,17800,13000,3500,17800,9000,2500,2560,1440,Ultra,High,Ultra,FXAA,On,-1,12.8
PUBG,14200,9000,2500,14200,9000,3500,2560,1440,High,High,Ultra,FXAA,On,-1,32.5
SpiderMan,17800,11000,3500,17800,9000,3500,3840,2160,Ultra,Ultra,Ultra,TAA,On,0,9.3
SpiderMan,17800,11000,3500,19700,11000,4000,2560,1440,Ultra,Ultra,High,FXAA,On,0,23.0
AssassinsCreed,17800,11000,3500,14200,14000,3500,2560,1440,Ultra,Ultra,Ultra,FXAA,On,0,21.6
EldenRing,14200,9000,3500,17800,9000,2500,3840,2160,Ultra,High,Ultra,TAA,On,0,12.2
TheWitcher3,14200,9000,2500,19700,9000,4000,3840,2160,High,High,High,TAA,On,-1,17.6
EldenRing,14200,9000,3500,17800,9000,4000,2560,1440,Ultra,Ultra,High,FXAA,Off,0,24.8
TheWitcher3,14200,9000,2500,14200,9000,3500,2560,1440,Ultra,High,Ultra,FXAA,Off,0,24.2
HorizonZeroDawn,17800,11000,3500,19700,17500,3500,3840,2160,High,Ultra,Ultra,TAA,Off,0,16.6
HorizonZeroDawn,17800,11000,3500,17800,11000,2500,3840,2160,Ultra,Ultra,High,FXAA,Off,0,9.5
RedDeadRedemption2,17800,11000,3500,14200,14000,2500,3840,2160,Ultra,High,Ultra,TAA,Off,0,7.9
HorizonZeroDawn,17800,11000,3500,14200,9000,2500,3840,2160,Ultra,Ultra,Ultra,TAA,On,0,7.4
HorizonZeroDawn,17800,11000,3500,14200,11000,2500,3840,2160,Ultra,High,Ultra,FXAA,Off,0,10.0
Warzone,17800,13000,3500,19700,17500,2500,2560,1440,Ultra,High,Ultra,TAA,On,-1,18.7
Warzone,17800,13000,3500,17800,14000,4000,2560,1440,Ultra,Ultra,Ultra,FXAA,Off,0,19.3
EldenRing,14200,9000,3500,17800,17500,4000,2560,1440,Ultra,High,Ultra,FXAA,On,0,39.6
SpiderMan,17800,11000,3500,19700,9000,3500,2560,1440,Ultra,Ultra,High,TAA,Off,0,20.3
SpiderMan,17800,11000,3500,14200,9000,2500,2560,1440,Ultra,High,Ultra,TAA,On,0,17.7
TheWitcher3,14200,9000,2500,14200,9000,4000,3840,2160,High,Ultra,Ultra,TAA,Off,-1,13.6
HorizonZeroDawn,17800,11000,3500,14200,11000,4000,2560,1440,Ultra,Ultra,High,TAA,Off,0,17.2
TheWitcher3,14200,9000,2500,19700,11000,3500,3840,2160,Ultra,Ultra,Ultra,TAA,Off,0,14.0
Cyberpunk2077,14200,9000,2500,14200,9000,3500,2560,1440,Ultra,Ultra,Ultra,FXAA,On,0,15.9
Warzone,17800,13000,3500,19700,11000,2500,2560,1440,High,High,High,TAA,On,0,22.9
RedDeadRedemption2,17800,11000,3500,14200,11000,3500,2560,1440,High,High,Ultra,FXAA,On,0,17.2
RedDeadRedemption2,17800,11000,3500,19700,9000,2500,2560,1440,High,Ultra,High,TAA,On,0,14.6
PUBG,14200,9000,2500,14200,9000,4000,2560,1440,Ultra,Ultra,High,FXAA,On,0,27.8
Cyberpunk2077,14200,9000,2500,19700,14000,3500,2560,1440,Ultra,Ultra,Ultra,TAA,Off,0,23.2
SpiderMan,17800,11000,3500,14200,11000,2500,3840,2160,High,Ultra,Ultra,FXAA,Off,0,13.9
PUBG,14200,9000,2500,17800,14000,2500,2560,1440,High,Ultra,Ultra,TAA,Off,0,39.4
Cyberpunk2077,14200,9000,2500,17800,14000,2500,3840,2160,High,Ultra,High,TAA,Off,0,15.4
SpiderMan,17800,11000,3500,14200,14000,2500,3840,2160,High,Ultra,Ultra,TAA,Off,-1,12.9
HorizonZeroDawn,17800,11000,3500,17800,9000,2500,2560,1440,High,Ultra,High,FXAA,On,0,22.6
SpiderMan,17800,11000,3500,14200,17500,2500,2560,1440,High,High,Ultra,FXAA,On,0,36.0
SpiderMan,17800,11000,3500,17800,14000,4000,3840,2160,Ultra,Ultra,Ultra,TAA,On,0,12.4
RedDeadRedemption2,17800,11000,3500,14200,11000,2500,2560,1440,High,Ultra,Ultra,FXAA,On,0,15.5
Warzone,17800,13000,3500,17800,17500,2500,2560,1440,Ultra,High,Ultra,TAA,On,-1,18.5
RedDeadRedemption2,17800,11000,3500,14200,9000,4000,3840,2160,High,High,High,TAA,On,0,8.6
HorizonZeroDawn,17800,11000,3500,14200,11000,2500,3840,2160,High,Ultra,Ultra,TAA,Off,-1,9.5
EldenRing,14200,9000,3500,14200,9000,2500,3840,2160,Ultra,Ultra,High,FXAA,On,0,12.1
SpiderMan,17800,11000,3500,14200,9000,2500,2560,1440,High,Ultra,Ultra,FXAA,Off,-1,18.5
RedDeadRedemption2,17800,11000,3500,14200,11000,3500,3840,2160,High,High,Ultra,TAA,On,-1,7.6
SpiderMan,17800,11000,3500,19700,17500,4000,3840,2160,Ultra,Ultra,Ultra,FXAA,On,-1,12.5
SpiderMan,17800,11000,3500,19700,11000,3500,3840,2160,Ultra,Ultra,Ultra,TAA,On,0,11.4
Warzone,17800,13000,3500,17800,17500,3500,2560,1440,Ultra,Ultra,Ultra,TAA,On,0,20.4
Warzone,17800,13000,3500,17800,14000,3500,3840,2160,Ultra,Ultra,High,TAA,Off,0,10.2
SpiderMan,17800,11000,3500,14200,9000,2500,2560,1440,Ultra,High,High,TAA,Off,0,18.0
EldenRing,14200,9000,3500,14200,9000,2500,2560,1440,High,Ultra,Ultra,FXAA,On,-1,24.1
TheWitcher3,14200,9000,2500,14200,9000,3500,3840,2160,High,High,High,TAA,On,-1,15.3
Cyberpunk2077,14200,9000,2500,19700,17500,2500,2560,1440,High,Ultra,Ultra,FXAA,Off,-1,28.3
TheWitcher3,14200,9000,2500,17800,9000,3500,2560,1440,Ultra,Ultra,High,TAA,Off,0,24.3
HorizonZeroDawn,17800,11000,3500,19700,9000,2500,2560,1440,Ultra,Ultra,Ultra,TAA,Off,-1,13.8
TheWitcher3,14200,9000,2500,17800,11000,4000,2560,1440,High,High,Ultra,TAA,On,0,37.1
PUBG,14200,9000,2500,14200,9000,3500,3840,2160,Ultra,High,Ultra,TAA,Off,0,14.8
RedDeadRedemption2,17800,11000,3500,17800,9000,3500,2560,1440,Ultra,Ultra,Ultra,TAA,On,0,10.6
PUBG,14200,9000,2500,19700,9000,4000,3840,2160,High,Ultra,Ultra,FXAA,On,0,19.8
AssassinsCreed,17800,11000,3500,17800,14000,2500,2560,1440,High,High,High,TAA,Off,0,31.0
PUBG,14200,9000,2500,14200,14000,3500,2560,1440,Ultra,Ultra,Ultra,FXAA,On,0,30.3
RedDeadRedemption2,17800,11000,3500,17800,14000,2500,3840,2160,Ultra,High,High,TAA,On,0,8.0
AssassinsCreed,17800,11000,3500,14200,14000,2500,3840,2160,Ultra,High,High,TAA,On,0,11.6
Cyberpunk2077,14200,9000,2500,17800,14000,2500,2560,1440,Ultra,High,Ultra,TAA,On,0,22.4
Cyberpunk2077,14200,9000,2500,14200,17500,2500,2560,1440,Ultra,Ultra,High,TAA,On,-1,18.9
Warzone,17800,13000,3500,19700,11000,2500,2560,1440,High,Ultra,High,FXAA,On,-1,19.6
EldenRing,14200,9000,3500,19700,11000,3500,2560,1440,High,High,High,FXAA,On,-1,36.8
Cyberpunk2077,14200,9000,2500,19700,9000,4000,2560,1440,Ultra,Ultra,High,FXAA,Off,0,19.6
EldenRing,14200,9000,3500,17800,14000,2500,3840,2160,Ultra,Ultra,Ultra,TAA,On,-1,12.2
Warzone,17800,13000,3500,19700,17500,2500,3840,2160,Ultra,Ultra,High,TAA,On,0,11.4
EldenRing,14200,9000,3500,17800,9000,4000,3840,2160,High,High,Ultra,FXAA,Off,-1,16.9
Cyberpunk2077,14200,9000,2500,17800,11000,2500,3840,2160,Ultra,High,Ultra,TAA,On,0,10.5
Cyberpunk2077,14200,9000,2500,14200,9000,2500,3840,2160,High,High,Ultra,FXAA,On,-1,10.6
AssassinsCreed,17800,11000,3500,19700,14000,2500,2560,1440,High,Ultra,Ultra,FXAA,On,0,28.0
Cyberpunk2077,14200,9000,2500,14200,9000,2500,3840,2160,High,High,High,FXAA,Off,-1,11.2
TheWitcher3,14200,9000,2500,17800,11000,4000,2560,1440,Ultra,Ultra,Ultra,FXAA,On,0,26.3
TheWitcher3,14200,9000,2500,14200,11000,2500,2560,1440,Ultra,Ultra,Ultra,FXAA,On,-1,18.9
HorizonZeroDawn,17800,11000,3500,14200,9000,2500,2560,1440,Ultra,Ultra,High,TAA,Off,0,14.4
Cyberpunk2077,14200,9000,2500,14200,14000,4000,3840,2160,High,High,Ultra,TAA,On,0,16.4
HorizonZeroDawn,17800,11000,3500,14200,17500,4000,3840,2160,Ultra,Ultra,High,TAA,On,0,12.9
SpiderMan,17800,11000,3500,17800,9000,2500,3840,2160,High,Ultra,High,FXAA,Off,0,14.1
AssassinsCreed,17800,11000,3500,19700,9000,2500,2560,1440,High,Ultra,Ultra,TAA,On,0,20.6
Warzone,17800,13000,3500,17800,9000,3500,2560,1440,Ultra,Ultra,Ultra,FXAA,On,-1,12.4
RedDeadRedemption2,17800,11000,3500,14200,11000,3500,2560,1440,High,Ultra,Ultra,TAA,Off,-1,13.3
PUBG,14200,9000,2500,14200,11000,4000,2560,1440,Ultra,Ultra,High,TAA,On,0,28.0
SpiderMan,17800,11000,3500,17800,9000,3500,2560,1440,High,Ultra,High,TAA,On,0,26.2
Cyberpunk2077,14200,9000,2500,14200,11000,4000,3840,2160,Ultra,High,Ultra,TAA,On,-1,9.4
TheWitcher3,14200,9000,2500,17800,11000,3500,3840,2160,High,High,Ultra,FXAA,On,0,21.2
PUBG,14200,9000,2500,19700,11000,2500,2560,1440,High,Ultra,Ultra,TAA,On,0,35.4
TheWitcher3,14200,9000,2500,19700,9000,3500,2560,1440,Ultra,High,High,TAA,Off,0,27.0
Cyberpunk2077,14200,9000,2500,17800,14000,2500,3840,2160,Ultra,Ultra,High,FXAA,On,0,12.2
SpiderMan,17800,11000,3500,17800,9000,3500,2560,1440,Ultra,High,Ultra,TAA,On,0,20.1
RedDeadRedemption2,17800,11000,3500,14200,9000,4000,2560,1440,Ultra,Ultra,Ultra,TAA,Off,0,11.2
Warzone,17800,13000,3500,17800,9000,3500,3840,2160,Ultra,Ultra,Ultra,FXAA,On,0,8.3
RedDeadRedemption2,17800,11000,3500,17800,14000,4000,2560,1440,High,Ultra,High,FXAA,On,0,22.0
Cyberpunk2077,14200,9000,2500,17800,11000,4000,3840,2160,Ultra,Ultra,Ultra,TAA,Off,0,10.5
Warzone,17800,13000,3500,19700,11000,2500,2560,1440,Ultra,High,Ultra,TAA,Off,-1,14.9
GTA_V,10000,6500,2500,19700,11000,2500,2560,1440,Ultra,Ultra,Ultra,FXAA,Off,0,42.8
RedDeadRedemption2,17800,11000,3500,14200,11000,3500,3840,2160,High,Ultra,Ultra,FXAA,On,0,8.4
Cyberpunk2077,14200,9000,2500,14200,9000,3500,2560,1440,High,High,Ultra,TAA,On,0,23.3
HorizonZeroDawn,17800,11000,3500,14200,11000,2500,2560,1440,Ultra,High,Ultra,TAA,Off,-1,15.2
Warzone,17800,13000,3500,17800,9000,2500,2560,1440,High,High,Ultra,TAA,Off,-1,18.2
Cyberpunk2077,14200,9000,2500,14200,9000,2500,2560,1440,High,High,Ultra,TAA,On,0,21.5
TheWitcher3,14200,9000,2500,19700,11000,4000,2560,1440,Ultra,Ultra,High,TAA,On,-1,24.4
RedDeadRedemption2,17800,11000,3500,17800,11000,3500,2560,1440,Ultra,High,Ultra,TAA,On,0,13.4
RedDeadRedemption2,17800,11000,3500,17800,11000,3500,3840,2160,Ultra,Ultra,High,TAA,On,-1,5.8
Warzone,17800,13000,3500,14200,9000,3500,3840,2160,Ultra,Ultra,High,TAA,On,-1,6.8
AssassinsCreed,17800,11000,3500,14200,14000,3500,3840,2160,Ultra,High,High,FXAA,On,-1,10.9
RedDeadRedemption2,17800,11000,3500,14200,11000,4000,2560,1440,High,Ultra,Ultra,TAA,On,-1,14.0
HorizonZeroDawn,17800,11000,3500,14200,9000,2500,3840,2160,Ultra,High,High,FXAA,On,0,9.4
RedDeadRedemption2,17800,11000,3500,14200,11000,2500,2560,1440,Ultra,Ultra,Ultra,TAA,Off,0,10.7
TheWitcher3,14200,9000,2500,17800,11000,3500,2560,1440,High,High,Ultra,TAA,On,0,36.2
EldenRing,14200,9000,3500,14200,9000,3500,3840,2160,High,Ultra,Ultra,FXAA,On,-1,13.9
Warzone,17800,13000,3500,14200,9000,3500,2560,1440,Ultra,Ultra,Ultra,TAA,On,0,13.4
GTA_V,10000,6500,2500,17800,11000,2500,3840,2160,Ultra,Ultra,Ultra,TAA,On,0,21.1
SpiderMan,17800,11000,3500,14200,9000,2500,3840,2160,High,High,High,TAA,On,-1,11.2
PUBG,14200,9000,2500,17800,11000,3500,2560,1440,High,High,High,TAA,On,-1,38.3
GTA_V,10000,6500,2500,17800,9000,2500,2560,1440,Ultra,Ultra,Ultra,FXAA,On,0,38.1
RedDeadRedemption2,17800,11000,3500,14200,9000,2500,3840,2160,High,Ultra,Ultra,FXAA,On,-1,6.1
EldenRing,14200,9000,3500,14200,11000,4000,3840,2160,Ultra,High,Ultra,FXAA,On,0,14.3
AssassinsCreed,17800,11000,3500,17800,11000,2500,2560,1440,High,Ultra,Ultra,FXAA,Off,0,24.3
Cyberpunk2077,14200,9000,2500,14200,17500,3500,3840,2160,High,High,Ultra,TAA,On,-1,16.1
HorizonZeroDawn,17800,11000,3500,17800,11000,2500,2560,1440,Ultra,Ultra,Ultra,TAA,Off,0,16.1
RedDeadRedemption2,17800,11000,3500,14200,17500,4000,2560,1440,Ultra,High,Ultra,TAA,On,-1,15.1
SpiderMan,17800,11000,3500,14200,9000,3500,2560,1440,High,High,High,TAA,On,-1,21.9
RedDeadRedemption2,17800,11000,3500,14200,11000,2500,3840,2160,Ultra,High,Ultra,TAA,Off,0,6.8
SpiderMan,17800,11000,3500,17800,9000,2500,3840,2160,High,Ultra,High,TAA,On,-1,10.7
TheWitcher3,14200,9000,2500,19700,9000,4000,2560,1440,Ultra,Ultra,Ultra,FXAA,On,0,26.0
HorizonZeroDawn,17800,11000,3500,14200,14000,4000,3840,2160,Ultra,High,Ultra,FXAA,Off,0,11.7
AssassinsCreed,17800,11000,3500,14200,11000,2500,2560,1440,High,Ultra,Ultra,TAA,On,0,21.2
HorizonZeroDawn,17800,11000,3500,14200,9000,2500,2560,1440,High,Ultra,High,TAA,Off,-1,16.1
GTA_V,10000,6500,2500,19700,9000,3500,3840,2160,High,Ultra,Ultra,FXAA,On,0,30.2
AssassinsCreed,17800,11000,3500,17800,9000,3500,2560,1440,High,Ultra,Ultra,TAA,On,0,21.4
RedDeadRedemption2,17800,11000,3500,17800,9000,2500,3840,2160,Ultra,Ultra,High,TAA,On,0,6.1
Warzone,17800,13000,3500,17800,9000,2500,3840,2160,High,Ultra,Ultra,TAA,On,0,10.1
EldenRing,14200,9000,3500,14200,17500,4000,2560,1440,High,High,High,FXAA,Off,0,51.0
AssassinsCreed,17800,11000,3500,19700,9000,2500,2560,1440,Ultra,Ultra,Ultra,FXAA,Off,0,17.6
HorizonZeroDawn,17800,11000,3500,14200,9000,2500,3840,2160,Ultra,Ultra,Ultra,TAA,Off,0,7.5
Warzone,17800,13000,3500,14200,14000,2500,2560,1440,Ultra,High,High,TAA,Off,0,19.6
HorizonZeroDawn,17800,11000,3500,17800,9000,2500,3840,2160,High,Ultra,Ultra,TAA,On,0,11.0
Warzone,17800,13000,3500,19700,17500,4000,3840,2160,High,High,High,TAA,On,0,17.2
AssassinsCreed,17800,11000,3500,17800,11000,4000,3840,2160,High,Ultra,High,FXAA,On,0,14.5
Cyberpunk2077,14200,9000,2500,14200,9000,2500,3840,2160,Ultra,Ultra,High,FXAA,On,-1,7.3
SpiderMan,17800,11000,3500,19700,9000,3500,2560,1440,High,High,Ultra,FXAA,Off,-1,24.5
SpiderMan,17800,11000,3500,19700,11000,2500,2560,1440,High,Ultra,Ultra,TAA,Off,0,26.2
EldenRing,14200,9000,3500,14200,9000,3500,3840,2160,High,High,High,TAA,On,-1,14.9
RedDeadRedemption2,17800,11000,3500,19700,9000,3500,2560,1440,Ultra,High,Ultra,TAA,Off,0,12.5
Cyberpunk2077,14200,9000,2500,14200,17500,2500,2560,1440,Ultra,Ultra,Ultra,TAA,On,0,21.8
Cyberpunk2077,14200,9000,2500,17800,11000,3500,2560,1440,High,Ultra,Ultra,TAA,Off,0,24.1
HorizonZeroDawn,17800,11000,3500,14200,9000,3500,3840,2160,Ultra,Ultra,Ultra,TAA,Off,0,7.6
HorizonZeroDawn,17800,11000,3500,17800,11000,2500,2560,1440,Ultra,High,Ultra,FXAA,Off,0,18.8
Cyberpunk2077,14200,9000,2500,17800,14000,3500,2560,1440,Ultra,Ultra,High,FXAA,Off,-1,19.5
EldenRing,14200,9000,3500,14200,9000,4000,2560,1440,High,High,Ultra,FXAA,On,0,32.4
RedDeadRedemption2,17800,11000,3500,17800,9000,3500,2560,1440,Ultra,Ultra,Ultra,FXAA,On,0,11.9
RedDeadRedemption2,17800,11000,3500,14200,11000,3500,2560,1440,High,Ultra,Ultra,FXAA,Off,0,16.7
EldenRing,14200,9000,3500,17800,9000,4000,2560,1440,Ultra,High,Ultra,FXAA,On,0,25.7
Cyberpunk2077,14200,9000,2500,14200,11000,2500,3840,2160,High,Ultra,Ultra,FXAA,Off,0,12.7
Cyberpunk2077,14200,9000,2500,14200,14000,3500,3840,2160,High,High,Ultra,TAA,On,0,15.4
RedDeadRedemption2,17800,11000,3500,19700,9000,2500,3840,2160,High,High,High,FXAA,Off,0,10.0
RedDeadRedemption2,17800,11000,3500,17800,14000,2500,3840,2160,High,Ultra,Ultra,FXAA,On,-1,8.7
RedDeadRedemption2,17800,11000,3500,17800,14000,2500,2560,1440,Ultra,Ultra,Ultra,FXAA,On,0,13.8
TheWitcher3,14200,9000,2500,14200,9000,3500,2560,1440,High,Ultra,Ultra,TAA,On,0,28.5
RedDeadRedemption2,17800,11000,3500,14200,17500,2500,2560,1440,Ultra,Ultra,Ultra,TAA,Off,0,15.4
SpiderMan,17800,11000,3500,17800,11000,4000,3840,2160,High,Ultra,Ultra,TAA,Off,-1,12.9
Warzone,17800,13000,3500,14200,14000,2500,2560,1440,High,High,Ultra,TAA,On,-1,20.9
Cyberpunk2077,14200,9000,2500,14200,9000,4000,2560,1440,Ultra,High,Ultra,FXAA,Off,0,20.1
RedDeadRedemption2,17800,11000,3500,19700,11000,3500,2560,1440,Ultra,High,Ultra,FXAA,On,0,14.8
SpiderMan,17800,11000,3500,14200,9000,2500,2560,1440,High,Ultra,Ultra,FXAA,Off,0,22.8
PUBG,14200,9000,2500,14200,9000,3500,3840,2160,Ultra,Ultra,High,TAA,Off,0,13.8
Cyberpunk2077,14200,9000,2500,17800,14000,2500,3840,2160,Ultra,Ultra,High,FXAA,On,0,11.3
HorizonZeroDawn,17800,11000,3500,14200,11000,2500,3840,2160,Ultra,High,Ultra,TAA,On,0,8.6
RedDeadRedemption2,17800,11000,3500,19700,14000,2500,3840,2160,High,Ultra,Ultra,TAA,On,-1,8.4
EldenRing,14200,9000,3500,19700,14000,2500,3840,2160,Ultra,Ultra,Ultra,FXAA,On,0,15.0
SpiderMan,17800,11000,3500,14200,14000,3500,2560,1440,High,Ultra,Ultra,FXAA,On,0,28.8
SpiderMan,17800,11000,3500,14200,11000,2500,3840,2160,Ultra,Ultra,High,TAA,On,0,9.4
AssassinsCreed,17800,11000,3500,19700,9000,4000,2560,1440,Ultra,Ultra,Ultra,FXAA,Off,0,19.6
SpiderMan,17800,11000,3500,14200,9000,2500,2560,1440,Ultra,High,High,TAA,On,0,17.8
TheWitcher3,14200,9000,2500,19700,11000,2500,3840,2160,High,High,High,TAA,Off,0,21.0
Cyberpunk2077,14200,9000,2500,17800,17500,2500,2560,1440,High,Ultra,Ultra,FXAA,On,-1,27.9
EldenRing,14200,9000,3500,17800,9000,2500,2560,1440,Ultra,High,Ultra,TAA,Off,-1,19.6
Cyberpunk2077,14200,9000,2500,19700,14000,3500,3840,2160,High,High,Ultra,FXAA,On,0,17.3
HorizonZeroDawn,17800,11000,3500,19700,9000,2500,2560,1440,Ultra,High,Ultra,FXAA,On,-1,14.7
AssassinsCreed,17800,11000,3500,14200,9000,4000,3840,2160,Ultra,Ultra,Ultra,FXAA,On,-1,7.4
Warzone,17800,13000,3500,14200,11000,2500,3840,2160,Ultra,High,High,TAA,On,-1,7.5
RedDeadRedemption2,17800,11000,3500,17800,11000,2500,3840,2160,High,Ultra,Ultra,FXAA,Off,-1,7.9
HorizonZeroDawn,17800,11000,3500,17800,14000,2500,3840,2160,High,Ultra,High,FXAA,On,0,14.4
TheWitcher3,14200,9000,2500,17800,9000,2500,2560,1440,High,Ultra,Ultra,TAA,Off,-1,25.4
SpiderMan,17800,11000,3500,14200,11000,3500,3840,2160,High,Ultra,Ultra,FXAA,On,0,13.6
RedDeadRedemption2,17800,11000,3500,17800,9000,2500,3840,2160,Ultra,Ultra,High,TAA,On,0,5.9
Cyberpunk2077,14200,9000,2500,17800,11000,2500,2560,1440,High,High,Ultra,FXAA,Off,0,28.8
HorizonZeroDawn,17800,11000,3500,19700,11000,4000,2560,1440,High,High,Ultra,TAA,Off,-1,22.6
AssassinsCreed,17800,11000,3500,19700,11000,3500,2560,1440,High,High,High,TAA,On,0,29.9
SpiderMan,17800,11000,3500,14200,11000,2500,3840,2160,High,High,Ultra,TAA,On,-1,11.2
Warzone,17800,13000,3500,14200,11000,4000,2560,1440,Ultra,Ultra,Ultra,TAA,Off,0,14.9
Cyberpunk2077,14200,9000,2500,14200,11000,4000,3840,2160,Ultra,Ultra,Ultra,TAA,Off,-1,8.2
Cyberpunk2077,14200,9000,2500,14200,9000,2500,2560,1440,High,Ultra,Ultra,FXAA,On,-1,16.8
Cyberpunk2077,14200,9000,2500,17800,9000,2500,2560,1440,Ultra,High,High,FXAA,Off,0,18.9
SpiderMan,17800,11000,3500,14200,9000,3500,2560,1440,High,High,High,TAA,On,0,25.8
AssassinsCreed,17800,11000,3500,19700,9000,3500,3840,2160,Ultra,High,Ultra,TAA,On,-1,8.7
Warzone,17800,13000,3500,17800,11000,4000,2560,1440,Ultra,High,High,TAA,On,0,18.4
Warzone,17800,13000,3500,14200,11000,3500,3840,2160,Ultra,Ultra,Ultra,TAA,Off,-1,7.2
Cyberpunk2077,14200,9000,2500,19700,11000,2500,2560,1440,High,Ultra,Ultra,FXAA,On,0,24.9
EldenRing,14200,9000,3500,19700,9000,2500,2560,1440,Ultra,High,Ultra,FXAA,Off,0,26.9
RedDeadRedemption2,17800,11000,3500,14200,14000,3500,3840,2160,High,Ultra,Ultra,FXAA,Off,0,10.2
SpiderMan,17800,11000,3500,14200,9000,2500,2560,1440,Ultra,Ultra,Ultra,TAA,On,0,15.0
AssassinsCreed,17800,11000,3500,17800,17500,2500,2560,1440,Ultra,High,Ultra,TAA,Off,0,25.4
Warzone,17800,13000,3500,14200,9000,3500,3840,2160,Ultra,Ultra,Ultra,TAA,On,0,7.4
RedDeadRedemption2,17800,11000,3500,14200,9000,4000,2560,1440,Ultra,Ultra,Ultra,FXAA,Off,0,11.5
AssassinsCreed,17800,11000,3500,14200,11000,2500,3840,2160,Ultra,Ultra,Ultra,TAA,On,-1,7.7
Cyberpunk2077,14200,9000,2500,14200,9000,2500,2560,1440,Ultra,Ultra,Ultra,TAA,Off,-1,12.3
EldenRing,14200,9000,3500,19700,14000,2500,2560,1440,High,High,Ultra,TAA,Off,0,41.2
RedDeadRedemption2,17800,11000,3500,14200,11000,3500,3840,2160,Ultra,Ultra,Ultra,FXAA,Off,-1,5.6
TheWitcher3,14200,9000,2500,14200,17500,2500,3840,2160,High,Ultra,High,TAA,Off,-1,18.8
EldenRing,14200,9000,3500,14200,11000,3500,3840,2160,Ultra,Ultra,High,TAA,On,-1,11.3
SpiderMan,17800,11000,3500,17800,14000,2500,2560,1440,Ultra,Ultra,High,FXAA,Off,-1,19.8
AssassinsCreed,17800,11000,3500,14200,9000,2500,2560,1440,Ultra,Ultra,High,TAA,Off,0,14.9
HorizonZeroDawn,17800,11000,3500,14200,11000,3500,2560,1440,Ultra,Ultra,Ultra,TAA,On,0,16.7
RedDeadRedemption2,17800,11000,3500,14200,9000,2500,2560,1440,Ultra,Ultra,High,FXAA,Off,0,11.3
EldenRing,14200,9000,3500,14200,9000,3500,3840,2160,Ultra,Ultra,Ultra,TAA,On,0,11.4
AssassinsCreed,17800,11000,3500,14200,17500,2500,2560,1440,High,Ultra,High,TAA,Off,0,32.2
AssassinsCreed,17800,11000,3500,14200,17500,2500,3840,2160,Ultra,Ultra,Ultra,FXAA,On,-1,10.4
PUBG,14200,9000,2500,17800,14000,2500,2560,1440,High,High,High,FXAA,Off,-1,44.4
Cyberpunk2077,14200,9000,2500,14200,14000,3500,2560,1440,Ultra,Ultra,Ultra,TAA,On,-1,17.6
RedDeadRedemption2,17800,11000,3500,17800,9000,3500,3840,2160,Ultra,Ultra,High,TAA,On,0,6.4
TheWitcher3,14200,9000,2500,19700,14000,3500,2560,1440,High,High,High,FXAA,On,-1,42.0
SpiderMan,17800,11000,3500,14200,9000,2500,2560,1440,High,High,High,FXAA,On,-1,22.2
GTA_V,10000,6500,2500,14200,14000,3500,3840,2160,Ultra,Ultra,Ultra,TAA,Off,-1,21.0
RedDeadRedemption2,17800,11000,3500,14200,17500,4000,2560,1440,Ultra,High,Ultra,TAA,On,0,17.8
Cyberpunk2077,14200,9000,2500,14200,17500,2500,2560,1440,Ultra,Ultra,Ultra,TAA,On,0,21.3
EldenRing,14200,9000,3500,14200,9000,2500,3840,2160,High,Ultra,High,TAA,Off,0,15.5
RedDeadRedemption2,17800,11000,3500,19700,9000,2500,3840,2160,High,Ultra,Ultra,TAA,Off,-1,6.7
RedDeadRedemption2,17800,11000,3500,19700,14000,2500,2560,1440,High,Ultra,High,TAA,On,0,19.5
TheWitcher3,14200,9000,2500,17800,11000,2500,3840,2160,High,Ultra,High,TAA,On,-1,14.5
EldenRing,14200,9000,3500,14200,11000,3500,3840,2160,High,Ultra,Ultra,TAA,Off,0,17.3
RedDeadRedemption2,17800,11000,3500,14200,14000,2500,2560,1440,High,High,High,TAA,On,0,19.7
Cyberpunk2077,14200,9000,2500,14200,14000,3500,3840,2160,High,Ultra,Ultra,TAA,On,0,14.1
PUBG,14200,9000,2500,14200,17500,4000,2560,1440,High,High,Ultra,FXAA,On,0,56.0
SpiderMan,17800,11000,3500,14200,11000,2500,2560,1440,High,Ultra,High,TAA,Off,-1,21.2
TheWitcher3,14200,9000,2500,14200,11000,2500,2560,1440,Ultra,High,High,FXAA,Off,0,28.0
TheWitcher3,14200,9000,2500,14200,14000,3500,2560,1440,Ultra,Ultra,High,TAA,Off,-1,23.1
RedDeadRedemption2,17800,11000,3500,14200,9000,2500,2560,1440,High,Ultra,High,TAA,Off,0,13.7
SpiderMan,17800,11000,3500,14200,17500,4000,2560,1440,Ultra,Ultra,Ultra,FXAA,Off,0,26.1
TheWitcher3,14200,9000,2500,19700,9000,4000,3840,2160,High,High,High,TAA,On,0,21.3
EldenRing,14200,9000,3500,14200,11000,3500,2560,1440,Ultra,Ultra,Ultra,FXAA,On,0,23.1
Cyberpunk2077,14200,9000,2500,17800,14000,2500,3840,2160,High,Ultra,Ultra,TAA,On,0,14.9
HorizonZeroDawn,17800,11000,3500,17800,17500,3500,2560,1440,Ultra,High,Ultra,TAA,On,0,24.8
RedDeadRedemption2,17800,11000,3500,17800,14000,2500,2560,1440,High,Ultra,High,TAA,On,0,18.0
AssassinsCreed,17800,11000,3500,19700,17500,2500,2560,1440,High,High,High,FXAA,On,-1,32.0
EldenRing,14200,9000,3500,14200,14000,4000,2560,1440,High,High,Ultra,TAA,Off,-1,35.0
AssassinsCreed,17800,11000,3500,17800,14000,2500,3840,2160,Ultra,Ultra,Ultra,FXAA,On,-1,10.0
RedDeadRedemption2,17800,11000,3500,14200,11000,2500,2560,1440,Ultra,Ultra,High,FXAA,Off,0,11.6
AssassinsCreed,17800,11000,3500,17800,17500,4000,2560,1440,Ultra,Ultra,Ultra,TAA,On,0,23.9
HorizonZeroDawn,17800,11000,3500,19700,9000,2500,3840,2160,Ultra,Ultra,Ultra,TAA,On,-1,7.2
GTA_V,10000,6500,2500,14200,9000,4000,2560,1440,High,Ultra,High,FXAA,On,0,52.1
SpiderMan,17800,11000,3500,19700,14000,2500,2560,1440,Ultra,Ultra,Ultra,FXAA,Off,0,23.2
Cyberpunk2077,14200,9000,2500,17800,17500,2500,2560,1440,High,Ultra,Ultra,FXAA,Off,0,30.9
GTA_V,10000,6500,2500,14200,9000,3500,3840,2160,Ultra,High,Ultra,TAA,Off,-1,17.6
PUBG,14200,9000,2500,19700,11000,3500,2560,1440,Ultra,Ultra,High,TAA,On,0,29.0
RedDeadRedemption2,17800,11000,3500,14200,11000,2500,3840,2160,High,High,Ultra,TAA,On,0,8.8
AssassinsCreed,17800,11000,3500,19700,14000,2500,3840,2160,Ultra,High,High,FXAA,On,0,13.2
AssassinsCreed,17800,11000,3500,19700,11000,3500,2560,1440,High,Ultra,High,TAA,Off,0,27.7
HorizonZeroDawn,17800,11000,3500,19700,17500,4000,3840,2160,Ultra,High,High,FXAA,Off,0,15.6
Cyberpunk2077,14200,9000,2500,14200,9000,4000,2560,1440,Ultra,High,High,TAA,On,-1,16.4
SpiderMan,17800,11000,3500,17800,14000,4000,3840,2160,Ultra,Ultra,High,FXAA,On,0,13.2
Cyberpunk2077,14200,9000,2500,14200,14000,2500,3840,2160,High,Ultra,High,FXAA,On,-1,12.7
HorizonZeroDawn,17800,11000,3500,17800,14000,2500,3840,2160,High,Ultra,Ultra,TAA,Off,-1,11.3
AssassinsCreed,17800,11000,3500,14200,17500,3500,3840,2160,Ultra,Ultra,High,TAA,Off,-1,10.8
RedDeadRedemption2,17800,11000,3500,14200,11000,3500,2560,1440,High,Ultra,Ultra,TAA,On,0,14.7
Cyberpunk2077,14200,9000,2500,17800,11000,4000,2560,1440,Ultra,Ultra,High,TAA,Off,0,20.0
EldenRing,14200,9000,3500,17800,14000,2500,2560,1440,High,Ultra,High,TAA,Off,0,40.2
Cyberpunk2077,14200,9000,2500,19700,17500,2500,3840,2160,High,Ultra,Ultra,TAA,Off,0,16.4
GTA_V,10000,6500,2500,14200,14000,4000,2560,1440,High,Ultra,High,TAA,On,0,64.5
Warzone,17800,13000,3500,19700,11000,3500,2560,1440,High,Ultra,Ultra,FXAA,Off,0,24.1
Warzone,17800,13000,3500,14200,11000,2500,2560,1440,High,High,High,TAA,Off,0,21.1
HorizonZeroDawn,17800,11000,3500,19700,11000,2500,3840,2160,Ultra,Ultra,High,TAA,Off,0,9.4
Warzone,17800,13000,3500,17800,11000,3500,3840,2160,High,High,Ultra,FXAA,On,0,13.7
PUBG,14200,9000,2500,14200,11000,2500,2560,1440,Ultra,Ultra,High,TAA,On,0,25.1
RedDeadRedemption2,17800,11000,3500,14200,9000,2500,2560,1440,High,High,Ultra,TAA,On,0,14.2
Cyberpunk2077,14200,9000,2500,14200,9000,3500,3840,2160,Ultra,Ultra,Ultra,FXAA,Off,-1,7.5
EldenRing,14200,9000,3500,17800,9000,2500,2560,1440,Ultra,Ultra,Ultra,TAA,On,-1,18.0
Warzone,17800,13000,3500,14200,9000,2500,2560,1440,Ultra,Ultra,Ultra,TAA,On,0,12.2
HorizonZeroDawn,17800,11000,3500,19700,11000,2500,2560,1440,Ultra,Ultra,High,FXAA,On,0,18.9
GTA_V,10000,6500,2500,19700,14000,2500,3840,2160,Ultra,High,Ultra,FXAA,On,0,28.3
AssassinsCreed,17800,11000,3500,17800,9000,4000,3840,2160,Ultra,High,Ultra,TAA,On,0,10.7
RedDeadRedemption2,17800,11000,3500,17800,14000,2500,2560,1440,Ultra,Ultra,High,TAA,Off,0,14.8
EldenRing,14200,9000,3500,19700,14000,2500,2560,1440,Ultra,High,High,TAA,Off,0,32.7
Warzone,17800,13000,3500,19700,11000,4000,2560,1440,High,High,High,FXAA,On,0,28.3
AssassinsCreed,17800,11000,3500,14200,14000,2500,2560,1440,Ultra,Ultra,High,FXAA,On,-1,16.8
Warzone,17800,13000,3500,14200,9000,4000,3840,2160,Ultra,Ultra,High,FXAA,Off,-1,7.4
AssassinsCreed,17800,11000,3500,14200,9000,2500,2560,1440,High,Ultra,Ultra,FXAA,Off,0,20.2
PUBG,14200,9000,2500,17800,14000,4000,2560,1440,High,Ultra,Ultra,TAA,Off,0,42.6
EldenRing,14200,9000,3500,19700,17500,2500,3840,2160,Ultra,High,High,FXAA,On,0,20.1
TheWitcher3,14200,9000,2500,17800,17500,2500,2560,1440,Ultra,Ultra,Ultra,FXAA,Off,0,33.6
Warzone,17800,13000,3500,17800,9000,4000,2560,1440,Ultra,Ultra,Ultra,FXAA,Off,0,16.4
Cyberpunk2077,14200,9000,2500,14200,9000,4000,3840,2160,Ultra,Ultra,Ultra,TAA,Off,0,9.4
TheWitcher3,14200,9000,2500,14200,9000,2500,3840,2160,Ultra,Ultra,Ultra,FXAA,Off,0,10.8
SpiderMan,17800,11000,3500,14200,14000,2500,2560,1440,High,Ultra,Ultra,TAA,On,0,27.2
EldenRing,14200,9000,3500,14200,11000,2500,3840,2160,Ultra,High,Ultra,TAA,Off,0,13.5
RedDeadRedemption2,17800,11000,3500,17800,9000,2500,2560,1440,High,Ultra,Ultra,FXAA,Off,-1,12.7
HorizonZeroDawn,17800,11000,3500,19700,9000,3500,3840,2160,Ultra,High,Ultra,FXAA,Off,0,10.3
Warzone,17800,13000,3500,19700,11000,3500,3840,2160,High,Ultra,High,FXAA,Off,-1,11.1
RedDeadRedemption2,17800,11000,3500,14200,14000,3500,3840,2160,High,High,Ultra,TAA,On,0,10.5
PUBG,14200,9000,2500,14200,11000,2500,2560,1440,Ultra,High,Ultra,FXAA,On,0,29.0
HorizonZeroDawn,17800,11000,3500,19700,17500,4000,2560,1440,Ultra,High,Ultra,FXAA,On,0,27.4
Cyberpunk2077,14200,9000,2500,17800,14000,2500,2560,1440,Ultra,Ultra,Ultra,TAA,On,0,19.0
Warzone,17800,13000,3500,14200,11000,3500,2560,1440,Ultra,High,High,TAA,Off,0,18.3
Warzone,17800,13000,3500,17800,14000,3500,3840,2160,High,Ultra,Ultra,FXAA,Off,0,13.9
HorizonZeroDawn,17800,11000,3500,17800,9000,3500,2560,1440,Ultra,High,Ultra,TAA,On,0,17.0
SpiderMan,17800,11000,3500,14200,9000,2500,3840,2160,Ultra,Ultra,Ultra,FXAA,Off,0,9.4
GTA_V,10000,6500,2500,14200,9000,3500,2560,1440,Ultra,High,High,TAA,On,0,41.5
TheWitcher3,14200,9000,2500,17800,11000,2500,3840,2160,Ultra,High,Ultra,FXAA,On,0,14.5
Warzone,17800,13000,3500,14200,9000,2500,2560,1440,Ultra,High,High,TAA,Off,0,14.6
HorizonZeroDawn,17800,11000,3500,19700,11000,2500,3840,2160,Ultra,Ultra,High,TAA,On,0,9.9
Warzone,17800,13000,3500,14200,9000,2500,3840,2160,Ultra,High,Ultra,TAA,Off,0,7.4
Cyberpunk2077,14200,9000,2500,14200,17500,3500,2560,1440,Ultra,High,Ultra,TAA,Off,0,26.2
Warzone,17800,13000,3500,19700,9000,2500,3840,2160,Ultra,Ultra,High,FXAA,Off,0,8.7
TheWitcher3,14200,9000,2500,17800,9000,2500,2560,1440,High,Ultra,Ultra,TAA,Off,-1,23.4
TheWitcher3,14200,9000,2500,17800,14000,4000,3840,2160,Ultra,Ultra,High,FXAA,On,0,17.2
Cyberpunk2077,14200,9000,2500,17800,14000,3500,2560,1440,Ultra,Ultra,High,TAA,On,-1,18.9
SpiderMan,17800,11000,3500,17800,11000,2500,3840,2160,High,Ultra,Ultra,TAA,On,0,13.0
RedDeadRedemption2,17800,11000,3500,14200,9000,2500,2560,1440,Ultra,Ultra,High,TAA,On,0,10.4
TheWitcher3,14200,9000,2500,19700,9000,2500,2560,1440,Ultra,High,Ultra,FXAA,Off,0,24.8
RedDeadRedemption2,17800,11000,3500,17800,9000,3500,2560,1440,Ultra,Ultra,Ultra,TAA,On,0,11.1
EldenRing,14200,9000,3500,14200,9000,2500,2560,1440,High,High,Ultra,FXAA,On,-1,26.6
EldenRing,14200,9000,3500,14200,17500,2500,2560,1440,High,High,Ultra,FXAA,Off,0,47.0
PUBG,14200,9000,2500,17800,11000,3500,2560,1440,Ultra,Ultra,High,TAA,Off,0,30.8
Cyberpunk2077,14200,9000,2500,17800,11000,4000,2560,1440,Ultra,Ultra,High,FXAA,On,0,21.0
EldenRing,14200,9000,3500,17800,9000,3500,3840,2160,High,Ultra,Ultra,FXAA,On,0,17.6
SpiderMan,17800,11000,3500,14200,9000,3500,2560,1440,Ultra,Ultra,High,TAA,Off,-1,15.6
Warzone,17800,13000,3500,14200,11000,4000,2560,1440,Ultra,Ultra,Ultra,TAA,On,0,15.9
RedDeadRedemption2,17800,11000,3500,17800,9000,3500,2560,1440,High,Ultra,High,FXAA,Off,-1,14.0
HorizonZeroDawn,17800,11000,3500,14200,9000,2500,2560,1440,Ultra,Ultra,High,TAA,Off,0,14.3
Cyberpunk2077,14200,9000,2500,19700,11000,2500,3840,2160,Ultra,Ultra,High,TAA,Off,0,10.9
TheWitcher3,14200,9000,2500,17800,9000,4000,2560,1440,High,Ultra,Ultra,TAA,On,0,32.0
AssassinsCreed,17800,11000,3500,19700,9000,4000,2560,1440,Ultra,Ultra,High,FXAA,On,-1,16.4
RedDeadRedemption2,17800,11000,3500,14200,9000,2500,2560,1440,Ultra,High,Ultra,TAA,Off,0,10.9
HorizonZeroDawn,17800,11000,3500,14200,9000,4000,3840,2160,Ultra,High,Ultra,TAA,On,-1,7.4
HorizonZeroDawn,17800,11000,3500,14200,9000,2500,2560,1440,Ultra,Ultra,High,FXAA,Off,0,15.7
AssassinsCreed,17800,11000,3500,14200,9000,2500,2560,1440,Ultra,High,Ultra,TAA,On,0,15.5
Warzone,17800,13000,3500,17800,9000,2500,3840,2160,High,Ultra,High,FXAA,On,0,10.4
AssassinsCreed,17800,11000,3500,14200,11000,2500,2560,1440,Ultra,Ultra,Ultra,FXAA,Off,-1,14.3
RedDeadRedemption2,17800,11000,3500,19700,9000,2500,2560,1440,Ultra,Ultra,Ultra,TAA,Off,0,10.7
TheWitcher3,14200,9000,2500,14200,11000,3500,2560,1440,High,Ultra,High,FXAA,On,-1,29.4
EldenRing,14200,9000,3500,14200,9000,3500,2560,1440,Ultra,High,Ultra,TAA,Off,0,24.0
PUBG,14200,9000,2500,14200,9000,3500,2560,1440,High,Ultra,Ultra,FXAA,On,-1,27.3
GTA_V,10000,6500,2500,19700,9000,2500,2560,1440,High,Ultra,High,FXAA,On,0,55.4
SpiderMan,17800,11000,3500,14200,11000,3500,2560,1440,Ultra,Ultra,Ultra,TAA,On,0,18.0
GTA_V,10000,6500,2500,17800,11000,4000,2560,1440,Ultra,Ultra,High,TAA,Off,0,44.8
TheWitcher3,14200,9000,2500,14200,9000,3500,2560,1440,Ultra,High,High,TAA,On,0,24.9
EldenRing,14200,9000,3500,17800,9000,4000,2560,1440,High,High,Ultra,TAA,Off,0,34.2
TheWitcher3,14200,9000,2500,17800,14000,2500,2560,1440,Ultra,High,High,FXAA,Off,0,34.1
Cyberpunk2077,14200,9000,2500,14200,9000,4000,3840,2160,Ultra,Ultra,High,TAA,On,-1,8.2
Cyberpunk2077,14200,9000,2500,14200,17500,4000,2560,1440,Ultra,Ultra,Ultra,TAA,Off,-1,20.5
SpiderMan,17800,11000,3500,17800,9000,2500,2560,1440,Ultra,Ultra,High,FXAA,Off,-1,15.8
TheWitcher3,14200,9000,2500,14200,11000,2500,2560,1440,High,Ultra,Ultra,TAA,Off,0,29.8
RedDeadRedemption2,17800,11000,3500,17800,14000,2500,2560,1440,Ultra,High,High,TAA,Off,-1,13.0
Cyberpunk2077,14200,9000,2500,14200,9000,2500,2560,1440,High,Ultra,Ultra,TAA,Off,0,20.6
RedDeadRedemption2,17800,11000,3500,14200,14000,2500,2560,1440,Ultra,Ultra,High,FXAA,On,0,13.8
Warzone,17800,13000,3500,14200,11000,2500,2560,1440,Ultra,Ultra,Ultra,TAA,On,0,13.8
HorizonZeroDawn,17800,11000,3500,14200,9000,2500,3840,2160,Ultra,High,High,TAA,On,0,8.2
GTA_V,10000,6500,2500,14200,11000,2500,3840,2160,Ultra,Ultra,Ultra,TAA,Off,0,20.4
Warzone,17800,13000,3500,19700,11000,3500,2560,1440,Ultra,Ultra,Ultra,FXAA,On,0,17.0
RedDeadRedemption2,17800,11000,3500,19700,9000,2500,2560,1440,Ultra,Ultra,Ultra,FXAA,On,-1,9.8
TheWitcher3,14200,9000,2500,14200,14000,3500,3840,2160,Ultra,High,Ultra,FXAA,On,0,17.1
RedDeadRedemption2,17800,11000,3500,14200,9000,2500,2560,1440,High,High,High,TAA,Off,0,14.8
PUBG,14200,9000,2500,14200,11000,4000,2560,1440,Ultra,Ultra,Ultra,FXAA,On,0,29.9
EldenRing,14200,9000,3500,14200,9000,2500,2560,1440,High,Ultra,Ultra,TAA,Off,-1,21.8
EldenRing,14200,9000,3500,17800,9000,2500,3840,2160,High,Ultra,Ultra,TAA,Off,-1,13.0
RedDeadRedemption2,17800,11000,3500,19700,11000,2500,2560,1440,Ultra,Ultra,High,TAA,On,0,13.1
PUBG,14200,9000,2500,14200,9000,2500,3840,2160,Ultra,High,Ultra,FXAA,On,0,13.7
RedDeadRedemption2,17800,11000,3500,17800,14000,2500,2560,1440,Ultra,Ultra,High,FXAA,Off,0,14.3
HorizonZeroDawn,17800,11000,3500,14200,17500,3500,2560,1440,High,High,Ultra,TAA,Off,0,33.4
SpiderMan,17800,11000,3500,14200,11000,2500,3840,2160,Ultra,High,Ultra,FXAA,On,0,10.4
RedDeadRedemption2,17800,11000,3500,17800,9000,2500,2560,1440,Ultra,Ultra,High,TAA,Off,0,11.7
AssassinsCreed,17800,11000,3500,14200,9000,3500,2560,1440,High,Ultra,Ultra,FXAA,Off,0,21.5
TheWitcher3,14200,9000,2500,14200,14000,2500,2560,1440,High,Ultra,Ultra,TAA,Off,-1,29.4
Warzone,17800,13000,3500,19700,17500,3500,2560,1440,Ultra,Ultra,Ultra,TAA,On,0,20.5
RedDeadRedemption2,17800,11000,3500,19700,9000,2500,2560,1440,High,High,High,TAA,On,0,16.6
PUBG,14200,9000,2500,17800,14000,3500,3840,2160,High,Ultra,Ultra,FXAA,Off,-1,21.6
AssassinsCreed,17800,11000,3500,14200,11000,4000,2560,1440,Ultra,Ultra,High,TAA,Off,-1,16.5
EldenRing,14200,9000,3500,17800,9000,3500,3840,2160,Ultra,High,High,FXAA,Off,-1,12.7
AssassinsCreed,17800,11000,3500,14200,9000,2500,2560,1440,High,High,Ultra,TAA,On,0,22.1
GTA_V,10000,6500,2500,14200,11000,2500,3840,2160,High,Ultra,Ultra,TAA,Off,0,25.7
HorizonZeroDawn,17800,11000,3500,14200,14000,4000,3840,2160,Ultra,Ultra,Ultra,TAA,On,0,10.3
SpiderMan,17800,11000,3500,14200,17500,2500,3840,2160,High,Ultra,High,FXAA,Off,-1,15.2
PUBG,14200,9000,2500,14200,11000,2500,3840,2160,Ultra,High,Ultra,TAA,Off,-1,13.2
SpiderMan,17800,11000,3500,17800,11000,3500,2560,1440,Ultra,Ultra,Ultra,TAA,On,-1,16.7
AssassinsCreed,17800,11000,3500,19700,9000,3500,3840,2160,Ultra,Ultra,Ultra,TAA,Off,0,9.0
Warzone,17800,13000,3500,14200,11000,3500,2560,1440,Ultra,Ultra,High,FXAA,Off,-1,13.7
SpiderMan,17800,11000,3500,17800,11000,2500,2560,1440,Ultra,Ultra,Ultra,FXAA,Off,0,19.9
TheWitcher3,14200,9000,2500,14200,17500,2500,2560,1440,Ultra,Ultra,Ultra,TAA,On,0,27.8
SpiderMan,17800,11000,3500,19700,14000,4000,3840,2160,High,Ultra,Ultra,TAA,Off,0,17.3
Warzone,17800,13000,3500,17800,11000,2500,2560,1440,High,Ultra,High,FXAA,Off,0,22.0
AssassinsCreed,17800,11000,3500,14200,14000,2500,2560,1440,Ultra,High,High,FXAA,On,-1,20.5
PUBG,14200,9000,2500,17800,11000,2500,2560,1440,Ultra,High,High,TAA,Off,-1,25.6
AssassinsCreed,17800,11000,3500,19700,11000,4000,2560,1440,High,Ultra,Ultra,FXAA,On,0,26.1
PUBG,14200,9000,2500,19700,9000,2500,3840,2160,Ultra,Ultra,Ultra,FXAA,Off,0,13.9
HorizonZeroDawn,17800,11000,3500,14200,9000,3500,3840,2160,Ultra,Ultra,Ultra,FXAA,Off,-1,7.5
TheWitcher3,14200,9000,2500,19700,9000,2500,3840,2160,Ultra,Ultra,Ultra,TAA,Off,-1,9.7
EldenRing,14200,9000,3500,17800,14000,2500,2560,1440,Ultra,High,Ultra,FXAA,On,-1,27.7
GTA_V,10000,6500,2500,19700,9000,3500,2560,1440,High,High,High,TAA,On,-1,50.7
Warzone,17800,13000,3500,19700,14000,2500,3840,2160,Ultra,Ultra,Ultra,FXAA,On,-1,8.5
AssassinsCreed,17800,11000,3500,14200,9000,2500,2560,1440,High,Ultra,High,TAA,On,0,21.2
Cyberpunk2077,14200,9000,2500,17800,9000,2500,2560,1440,High,Ultra,Ultra,TAA,On,0,21.9
SpiderMan,17800,11000,3500,14200,11000,2500,2560,1440,High,High,High,TAA,Off,0,28.3
AssassinsCreed,17800,11000,3500,14200,9000,2500,2560,1440,Ultra,Ultra,Ultra,TAA,Off,0,14.9
Warzone,17800,13000,3500,19700,14000,4000,2560,1440,High,High,Ultra,FXAA,Off,0,29.5
HorizonZeroDawn,17800,11000,3500,17800,9000,3500,2560,1440,Ultra,Ultra,High,TAA,On,0,15.8
HorizonZeroDawn,17800,11000,3500,14200,17500,3500,3840,2160,Ultra,Ultra,Ultra,TAA,Off,-1,10.3
SpiderMan,17800,11000,3500,14200,14000,2500,2560,1440,Ultra,Ultra,Ultra,FXAA,On,-1,17.5
AssassinsCreed,17800,11000,3500,14200,9000,2500,3840,2160,High,High,High,TAA,On,0,12.5
RedDeadRedemption2,17800,11000,3500,14200,17500,3500,2560,1440,High,Ultra,Ultra,TAA,On,0,19.8
SpiderMan,17800,11000,3500,14200,9000,2500,3840,2160,Ultra,High,Ultra,TAA,On,0,9.0
Cyberpunk2077,14200,9000,2500,14200,11000,2500,2560,1440,High,Ultra,High,FXAA,Off,0,25.6
SpiderMan,17800,11000,3500,17800,11000,2500,2560,1440,Ultra,High,Ultra,TAA,On,0,20.7
RedDeadRedemption2,17800,11000,3500,17800,9000,4000,2560,1440,Ultra,Ultra,High,FXAA,Off,0,13.4
GTA_V,10000,6500,2500,14200,11000,2500,3840,2160,Ultra,High,High,TAA,On,0,23.3
PUBG,14200,9000,2500,17800,9000,4000,3840,2160,High,Ultra,Ultra,TAA,On,-1,15.5
AssassinsCreed,17800,11000,3500,17800,11000,2500,2560,1440,High,Ultra,Ultra,TAA,On,0,23.2
TheWitcher3,14200,9000,2500,19700,11000,2500,2560,1440,Ultra,High,Ultra,TAA,On,0,26.6
Cyberpunk2077,14200,9000,2500,14200,9000,4000,2560,1440,Ultra,Ultra,High,FXAA,On,0,18.7
TheWitcher3,14200,9000,2500,14200,14000,4000,3840,2160,Ultra,High,High,TAA,On,-1,15.3
EldenRing,14200,9000,3500,14200,11000,2500,3840,2160,Ultra,High,Ultra,TAA,Off,0,13.6
GTA_V,10000,6500,2500,19700,17500,2500,3840,2160,Ultra,High,Ultra,FXAA,On,0,32.3
EldenRing,14200,9000,3500,14200,9000,2500,2560,1440,Ultra,Ultra,High,TAA,Off,0,21.3
SpiderMan,17800,11000,3500,14200,11000,2500,2560,1440,High,Ultra,Ultra,TAA,Off,0,24.6
SpiderMan,17800,11000,3500,14200,9000,3500,3840,2160,High,Ultra,High,TAA,On,-1,11.2
HorizonZeroDawn,17800,11000,3500,17800,14000,2500,2560,1440,High,Ultra,Ultra,TAA,On,-1,21.1
Warzone,17800,13000,3500,14200,9000,3500,3840,2160,Ultra,Ultra,High,FXAA,On,0,7.7
TheWitcher3,14200,9000,2500,19700,17500,3500,2560,1440,Ultra,High,High,FXAA,On,-1,34.4
SpiderMan,17800,11000,3500,17800,9000,2500,2560,1440,Ultra,Ultra,Ultra,TAA,Off,0,17.4
SpiderMan,17800,11000,3500,14200,11000,3500,3840,2160,Ultra,Ultra,Ultra,FXAA,Off,-1,9.1
PUBG,14200,9000,2500,14200,11000,4000,3840,2160,Ultra,High,Ultra,TAA,Off,0,16.0
RedDeadRedemption2,17800,11000,3500,14200,9000,4000,2560,1440,Ultra,High,Ultra,TAA,Off,-1,10.9
RedDeadRedemption2,17800,11000,3500,14200,14000,2500,2560,1440,Ultra,High,Ultra,FXAA,On,0,14.5
EldenRing,14200,9000,3500,14200,9000,2500,3840,2160,High,Ultra,High,TAA,On,0,15.5
TheWitcher3,14200,9000,2500,14200,11000,3500,2560,1440,Ultra,High,Ultra,TAA,Off,-1,23.0
Cyberpunk2077,14200,9000,2500,14200,9000,2500,3840,2160,Ultra,Ultra,Ultra,TAA,On,0,7.8
SpiderMan,17800,11000,3500,19700,9000,2500,2560,1440,High,Ultra,Ultra,FXAA,Off,0,23.7
HorizonZeroDawn,17800,11000,3500,17800,11000,3500,3840,2160,Ultra,High,Ultra,TAA,On,-1,8.7
RedDeadRedemption2,17800,11000,3500,14200,9000,2500,3840,2160,High,High,Ultra,TAA,Off,0,7.6
EldenRing,14200,9000,3500,17800,11000,2500,2560,1440,Ultra,Ultra,High,TAA,On,0,25.8
Cyberpunk2077,14200,9000,2500,17800,9000,2500,2560,1440,High,High,Ultra,TAA,Off,0,24.2
Cyberpunk2077,14200,9000,2500,17800,17500,3500,3840,2160,High,Ultra,Ultra,FXAA,On,0,18.7
RedDeadRedemption2,17800,11000,3500,17800,11000,2500,3840,2160,Ultra,Ultra,High,FXAA,On,0,6.7
Cyberpunk2077,14200,9000,2500,14200,17500,3500,3840,2160,Ultra,Ultra,Ultra,FXAA,Off,0,13.3
HorizonZeroDawn,17800,11000,3500,14200,9000,3500,3840,2160,High,High,Ultra,FXAA,On,0,12.5
GTA_V,10000,6500,2500,17800,9000,4000,2560,1440,Ultra,Ultra,Ultra,TAA,On,-1,32.1
Warzone,17800,13000,3500,14200,11000,3500,3840,2160,Ultra,Ultra,Ultra,FXAA,Off,-1,7.2
SpiderMan,17800,11000,3500,19700,11000,2500,2560,1440,Ultra,High,High,FXAA,Off,0,24.8
Cyberpunk2077,14200,9000,2500,17800,14000,4000,2560,1440,Ultra,High,High,TAA,Off,-1,22.4
Cyberpunk2077,14200,9000,2500,19700,17500,3500,2560,1440,High,Ultra,High,TAA,On,0,33.3
RedDeadRedemption2,17800,11000,3500,14200,9000,2500,2560,1440,High,Ultra,High,TAA,Off,0,13.9
Cyberpunk2077,14200,9000,2500,17800,14000,2500,3840,2160,Ultra,Ultra,Ultra,TAA,Off,0,11.2
Warzone,17800,13000,3500,14200,11000,2500,2560,1440,Ultra,High,Ultra,TAA,Off,-1,13.4
SpiderMan,17800,11000,3500,19700,11000,2500,2560,1440,High,High,Ultra,TAA,Off,0,29.6
EldenRing,14200,9000,3500,19700,9000,4000,3840,2160,Ultra,Ultra,High,FXAA,On,0,14.2
EldenRing,14200,9000,3500,14200,9000,4000,3840,2160,High,Ultra,Ultra,TAA,On,-1,12.7
Warzone,17800,13000,3500,19700,17500,2500,2560,1440,Ultra,High,Ultra,TAA,On,0,21.0
Warzone,17800,13000,3500,14200,9000,3500,3840,2160,High,Ultra,High,FXAA,Off,0,10.4
Cyberpunk2077,14200,9000,2500,14200,14000,2500,3840,2160,High,Ultra,High,TAA,Off,0,14.9
GTA_V,10000,6500,2500,14200,11000,2500,2560,1440,Ultra,Ultra,Ultra,FXAA,Off,-1,34.1
Warzone,17800,13000,3500,17800,14000,3500,2560,1440,Ultra,Ultra,Ultra,TAA,Off,-1,15.9
RedDeadRedemption2,17800,11000,3500,14200,14000,3500,2560,1440,Ultra,High,Ultra,FXAA,Off,0,15.0
HorizonZeroDawn,17800,11000,3500,14200,14000,2500,3840,2160,High,Ultra,High,TAA,Off,-1,11.4
PUBG,14200,9000,2500,19700,9000,2500,2560,1440,Ultra,Ultra,Ultra,TAA,Off,-1,21.8
Warzone,17800,13000,3500,17800,11000,2500,2560,1440,Ultra,High,High,TAA,Off,-1,14.9
GTA_V,10000,6500,2500,14200,9000,2500,2560,1440,High,Ultra,High,FXAA,On,0,45.4
EldenRing,14200,9000,3500,14200,9000,3500,3840,2160,Ultra,Ultra,Ultra,TAA,Off,0,12.0
TheWitcher3,14200,9000,2500,17800,14000,4000,3840,2160,Ultra,Ultra,High,TAA,On,0,16.8
RedDeadRedemption2,17800,11000,3500,14200,11000,4000,3840,2160,Ultra,Ultra,High,TAA,On,0,6.5
Warzone,17800,13000,3500,14200,9000,3500,3840,2160,Ultra,Ultra,High,FXAA,On,-1,6.5
RedDeadRedemption2,17800,11000,3500,17800,14000,3500,2560,1440,Ultra,High,Ultra,TAA,On,0,15.7
Cyberpunk2077,14200,9000,2500,14200,17500,4000,2560,1440,High,High,Ultra,FXAA,Off,0,37.5
HorizonZeroDawn,17800,11000,3500,14200,9000,2500,2560,1440,Ultra,High,Ultra,TAA,On,0,14.9
EldenRing,14200,9000,3500,14200,11000,4000,2560,1440,High,High,High,TAA,Off,-1,32.4
RedDeadRedemption2,17800,11000,3500,14200,11000,3500,2560,1440,High,High,Ultra,FXAA,Off,0,18.9
EldenRing,14200,9000,3500,14200,9000,4000,3840,2160,Ultra,Ultra,Ultra,FXAA,Off,-1,10.3
EldenRing,14200,9000,3500,17800,9000,3500,2560,1440,Ultra,Ultra,Ultra,FXAA,Off,-1,21.3
EldenRing,14200,9000,3500,14200,9000,2500,2560,1440,Ultra,Ultra,Ultra,FXAA,On,0,21.4
Cyberpunk2077,14200,9000,2500,17800,9000,2500,2560,1440,High,Ultra,Ultra,TAA,On,0,21.5
EldenRing,14200,9000,3500,17800,11000,2500,3840,2160,High,High,Ultra,TAA,On,0,18.1
Cyberpunk2077,14200,9000,2500,17800,11000,2500,2560,1440,Ultra,High,Ultra,FXAA,On,-1,16.9
SpiderMan,17800,11000,3500,19700,11000,4000,3840,2160,Ultra,High,High,TAA,On,-1,10.8
Cyberpunk2077,14200,9000,2500,17800,14000,2500,2560,1440,High,High,Ultra,FXAA,On,0,31.1
PUBG,14200,9000,2500,19700,9000,2500,2560,1440,High,High,Ultra,FXAA,Off,0,38.6
AssassinsCreed,17800,11000,3500,17800,14000,2500,3840,2160,Ultra,High,Ultra,FXAA,On,0,12.6
RedDeadRedemption2,17800,11000,3500,14200,11000,3500,2560,1440,Ultra,Ultra,High,TAA,On,-1,10.2
RedDeadRedemption2,17800,11000,3500,14200,9000,2500,2560,1440,High,High,High,TAA,Off,0,15.1
TheWitcher3,14200,9000,2500,17800,9000,2500,2560,1440,High,High,High,FXAA,Off,0,35.1
SpiderMan,17800,11000,3500,14200,9000,3500,2560,1440,Ultra,Ultra,Ultra,FXAA,Off,0,17.5
HorizonZeroDawn,17800,11000,3500,19700,11000,2500,3840,2160,Ultra,High,Ultra,TAA,On,0,10.3
Cyberpunk2077,14200,9000,2500,14200,9000,2500,2560,1440,High,High,Ultra,TAA,Off,-1,19.2
SpiderMan,17800,11000,3500,19700,9000,2500,2560,1440,Ultra,Ultra,Ultra,FXAA,On,0,18.7
AssassinsCreed,17800,11000,3500,14200,11000,3500,3840,2160,Ultra,Ultra,Ultra,FXAA,On,-1,8.1
EldenRing,14200,9000,3500,14200,9000,2500,2560,1440,High,High,High,TAA,On,-1,26.9
EldenRing,14200,9000,3500,14200,9000,3500,3840,2160,Ultra,Ultra,Ultra,TAA,Off,0,11.9
RedDeadRedemption2,17800,11000,3500,14200,9000,2500,2560,1440,Ultra,High,Ultra,FXAA,Off,0,11.2
Cyberpunk2077,14200,9000,2500,17800,9000,4000,3840,2160,Ultra,Ultra,High,FXAA,On,0,10.1
EldenRing,14200,9000,3500,14200,9000,2500,2560,1440,High,Ultra,High,FXAA,On,0,29.0
PUBG,14200,9000,2500,14200,14000,2500,2560,1440,Ultra,Ultra,High,TAA,Off,-1,26.2
HorizonZeroDawn,17800,11000,3500,19700,11000,2500,2560,1440,Ultra,High,High,FXAA,Off,-1,18.6
AssassinsCreed,17800,11000,3500,19700,11000,4000,2560,1440,High,Ultra,Ultra,TAA,On,0,26.6
Cyberpunk2077,14200,9000,2500,19700,9000,3500,2560,1440,Ultra,Ultra,High,FXAA,On,0,19.3
HorizonZeroDawn,17800,11000,3500,14200,17500,2500,3840,2160,Ultra,High,Ultra,TAA,On,0,12.5
RedDeadRedemption2,17800,11000,3500,17800,11000,2500,2560,1440,Ultra,Ultra,Ultra,TAA,Off,0,11.7
EldenRing,14200,9000,3500,14200,9000,4000,3840,2160,Ultra,Ultra,Ultra,TAA,On,-1,9.8
Cyberpunk2077,14200,9000,2500,14200,9000,4000,2560,1440,Ultra,Ultra,Ultra,TAA,On,0,15.7
Warzone,17800,13000,3500,14200,9000,3500,2560,1440,Ultra,Ultra,High,TAA,Off,0,14.4
GTA_V,10000,6500,2500,14200,17500,3500,3840,2160,High,Ultra,High,TAA,Off,0,37.7
GTA_V,10000,6500,2500,19700,9000,2500,2560,1440,Ultra,High,Ultra,FXAA,Off,0,41.9
Warzone,17800,13000,3500,14200,9000,3500,3840,2160,Ultra,Ultra,High,TAA,Off,0,7.7
Warzone,17800,13000,3500,17800,17500,4000,3840,2160,Ultra,High,High,TAA,Off,-1,11.3
AssassinsCreed,17800,11000,3500,19700,17500,3500,3840,2160,High,Ultra,High,TAA,On,0,18.3
Cyberpunk2077,14200,9000,2500,14200,9000,3500,3840,2160,High,High,High,TAA,On,0,12.8
Warzone,17800,13000,3500,19700,11000,3500,2560,1440,High,Ultra,High,FXAA,On,-1,20.3
Cyberpunk2077,14200,9000,2500,14200,11000,3500,3840,2160,Ultra,High,Ultra,FXAA,Off,0,11.3
RedDeadRedemption2,17800,11000,3500,17800,14000,3500,3840,2160,Ultra,Ultra,Ultra,TAA,Off,0,8.0
AssassinsCreed,17800,11000,3500,17800,11000,4000,2560,1440,High,Ultra,Ultra,FXAA,Off,0,27.0
AssassinsCreed,17800,11000,3500,17800,9000,2500,3840,2160,Ultra,High,High,TAA,On,0,10.3
AssassinsCreed,17800,11000,3500,14200,9000,2500,3840,2160,Ultra,Ultra,Ultra,TAA,Off,0,7.7
RedDeadRedemption2,17800,11000,3500,14200,9000,4000,3840,2160,High,Ultra,Ultra,TAA,Off,-1,7.0
SpiderMan,17800,11000,3500,14200,11000,3500,2560,1440,Ultra,Ultra,Ultra,TAA,Off,-1,15.9
SpiderMan,17800,11000,3500,19700,11000,4000,2560,1440,Ultra,Ultra,High,TAA,Off,0,22.5
HorizonZeroDawn,17800,11000,3500,14200,9000,3500,3840,2160,Ultra,High,Ultra,TAA,On,-1,7.1
HorizonZeroDawn,17800,11000,3500,14200,9000,3500,2560,1440,Ultra,High,Ultra,TAA,On,-1,13.4
HorizonZeroDawn,17800,11000,3500,14200,9000,4000,2560,1440,Ultra,Ultra,High,FXAA,On,-1,13.9
Warzone,17800,13000,3500,14200,14000,4000,3840,2160,High,Ultra,Ultra,TAA,On,0,12.0
TheWitcher3,14200,9000,2500,14200,17500,3500,3840,2160,Ultra,High,Ultra,TAA,On,0,19.1
SpiderMan,17800,11000,3500,14200,14000,2500,3840,2160,Ultra,Ultra,High,FXAA,On,0,11.9
Cyberpunk2077,14200,9000,2500,17800,9000,2500,2560,1440,High,Ultra,Ultra,TAA,Off,0,21.8
Warzone,17800,13000,3500,14200,11000,2500,3840,2160,Ultra,High,Ultra,FXAA,On,-1,7.3
PUBG,14200,9000,2500,17800,11000,4000,3840,2160,Ultra,High,Ultra,TAA,On,0,18.0
EldenRing,14200,9000,3500,19700,11000,2500,3840,2160,Ultra,Ultra,Ultra,FXAA,Off,-1,12.1
Cyberpunk2077,14200,9000,2500,19700,11000,2500,2560,1440,Ultra,High,Ultra,FXAA,Off,0,20.8
EldenRing,14200,9000,3500,14200,9000,3500,2560,1440,High,Ultra,High,FXAA,Off,0,32.6
AssassinsCreed,17800,11000,3500,14200,9000,2500,3840,2160,High,Ultra,High,TAA,On,0,11.4
AssassinsCreed,17800,11000,3500,14200,9000,4000,2560,1440,High,Ultra,High,FXAA,Off,-1,21.0
EldenRing,14200,9000,3500,17800,11000,3500,3840,2160,Ultra,High,High,FXAA,Off,-1,13.7
EldenRing,14200,9000,3500,17800,14000,2500,2560,1440,Ultra,Ultra,Ultra,TAA,Off,0,26.4
EldenRing,14200,9000,3500,17800,14000,2500,2560,1440,Ultra,High,Ultra,TAA,On,0,30.8
AssassinsCreed,17800,11000,3500,19700,9000,2500,2560,1440,Ultra,Ultra,High,TAA,On,0,17.7
GTA_V,10000,6500,2500,17800,9000,2500,2560,1440,High,Ultra,High,TAA,Off,0,49.8
Cyberpunk2077,14200,9000,2500,14200,11000,2500,3840,2160,High,High,Ultra,TAA,Off,0,13.9
Warzone,17800,13000,3500,17800,9000,2500,3840,2160,High,High,Ultra,FXAA,Off,-1,10.2
Cyberpunk2077,14200,9000,2500,19700,14000,2500,2560,1440,Ultra,High,High,TAA,On,0,24.4
Cyberpunk2077,14200,9000,2500,19700,17500,2500,2560,1440,High,Ultra,Ultra,TAA,Off,-1,26.9
RedDeadRedemption2,17800,11000,3500,14200,9000,2500,2560,1440,Ultra,Ultra,High,FXAA,On,-1,9.1
RedDeadRedemption2,17800,11000,3500,17800,11000,2500,2560,1440,Ultra,Ultra,High,TAA,Off,0,12.9
GTA_V,10000,6500,2500,17800,11000,2500,2560,1440,Ultra,Ultra,Ultra,TAA,Off,-1,35.0
AssassinsCreed,17800,11000,3500,14200,17500,2500,3840,2160,High,Ultra,Ultra,TAA,Off,0,15.9
RedDeadRedemption2,17800,11000,3500,14200,14000,2500,3840,2160,Ultra,Ultra,Ultra,TAA,On,-1,5.6
RedDeadRedemption2,17800,11000,3500,14200,9000,2500,2560,1440,High,High,High,TAA,On,0,15.1
HorizonZeroDawn,17800,11000,3500,14200,9000,4000,2560,1440,Ultra,High,Ultra,TAA,On,0,16.9
RedDeadRedemption2,17800,11000,3500,14200,17500,3500,2560,1440,Ultra,Ultra,Ultra,FXAA,On,0,15.7
TheWitcher3,14200,9000,2500,17800,11000,3500,2560,1440,Ultra,High,Ultra,TAA,Off,-1,23.1
EldenRing,14200,9000,3500,17800,14000,4000,3840,2160,Ultra,High,Ultra,FXAA,Off,0,18.3
RedDeadRedemption2,17800,11000,3500,17800,14000,2500,2560,1440,High,Ultra,High,FXAA,On,0,20.2
SpiderMan,17800,11000,3500,17800,9000,4000,3840,2160,Ultra,High,Ultra,TAA,Off,0,11.3
AssassinsCreed,17800,11000,3500,17800,14000,2500,2560,1440,High,Ultra,Ultra,FXAA,On,0,28.6
Cyberpunk2077,14200,9000,2500,17800,9000,2500,3840,2160,High,Ultra,Ultra,TAA,On,0,11.5
EldenRing,14200,9000,3500,17800,17500,3500,3840,2160,High,Ultra,Ultra,TAA,On,0,22.8
RedDeadRedemption2,17800,11000,3500,19700,11000,2500,2560,1440,Ultra,High,Ultra,TAA,On,0,13.4
SpiderMan,17800,11000,3500,14200,9000,4000,2560,1440,Ultra,High,Ultra,FXAA,On,0,19.4
RedDeadRedemption2,17800,11000,3500,14200,11000,2500,3840,2160,Ultra,Ultra,Ultra,TAA,Off,0,6.1
AssassinsCreed,17800,11000,3500,17800,9000,4000,3840,2160,Ultra,High,Ultra,FXAA,Off,-1,9.4
TheWitcher3,14200,9000,2500,14200,9000,2500,3840,2160,Ultra,Ultra,High,FXAA,Off,-1,10.2
Cyberpunk2077,14200,9000,2500,17800,9000,2500,3840,2160,High,Ultra,Ultra,TAA,Off,-1,9.8
HorizonZeroDawn,17800,11000,3500,17800,11000,3500,2560,1440,High,High,Ultra,TAA,Off,0,26.4
EldenRing,14200,9000,3500,17800,11000,4000,2560,1440,Ultra,High,High,FXAA,Off,0,32.6
TheWitcher3,14200,9000,2500,14200,11000,3500,3840,2160,Ultra,Ultra,Ultra,FXAA,On,-1,11.6
AssassinsCreed,17800,11000,3500,17800,9000,2500,2560,1440,High,Ultra,Ultra,FXAA,On,0,22.8
Warzone,17800,13000,3500,19700,9000,2500,3840,2160,Ultra,High,Ultra,FXAA,On,0,8.6
Cyberpunk2077,14200,9000,2500,14200,9000,2500,3840,2160,Ultra,High,High,FXAA,Off,0,9.9
Warzone,17800,13000,3500,17800,17500,3500,3840,2160,Ultra,High,Ultra,TAA,Off,0,12.2
Warzone,17800,13000,3500,17800,11000,4000,3840,2160,Ultra,High,Ultra,FXAA,Off,0,10.9
SpiderMan,17800,11000,3500,17800,14000,2500,2560,1440,Ultra,Ultra,Ultra,FXAA,On,0,21.8
EldenRing,14200,9000,3500,14200,14000,2500,2560,1440,Ultra,Ultra,Ultra,TAA,On,0,26.6
RedDeadRedemption2,17800,11000,3500,14200,9000,3500,3840,2160,Ultra,High,High,FXAA,On,0,7.2
Warzone,17800,13000,3500,14200,14000,3500,2560,1440,Ultra,High,Ultra,TAA,On,-1,15.1
Cyberpunk2077,14200,9000,2500,14200,11000,2500,2560,1440,Ultra,High,Ultra,TAA,On,0,18.6
TheWitcher3,14200,9000,2500,17800,14000,2500,2560,1440,Ultra,Ultra,High,TAA,Off,0,29.1
HorizonZeroDawn,17800,11000,3500,14200,11000,3500,3840,2160,Ultra,High,Ultra,TAA,On,0,10.0
Cyberpunk2077,14200,9000,2500,14200,14000,2500,3840,2160,Ultra,High,Ultra,FXAA,On,0,12.3
Cyberpunk2077,14200,9000,2500,17800,11000,3500,2560,1440,High,High,High,TAA,On,0,28.5
EldenRing,14200,9000,3500,19700,9000,3500,2560,1440,High,Ultra,Ultra,TAA,Off,0,30.5
Warzone,17800,13000,3500,14200,11000,4000,2560,1440,High,Ultra,High,TAA,Off,0,20.9
RedDeadRedemption2,17800,11000,3500,14200,9000,3500,2560,1440,Ultra,High,Ultra,TAA,Off,0,11.4
TheWitcher3,14200,9000,2500,19700,17500,4000,3840,2160,High,High,High,FXAA,On,0,30.5
GTA_V,10000,6500,2500,19700,9000,3500,3840,2160,Ultra,Ultra,Ultra,TAA,On,0,21.6
EldenRing,14200,9000,3500,14200,14000,3500,3840,2160,Ultra,Ultra,Ultra,TAA,On,0,14.1
TheWitcher3,14200,9000,2500,14200,11000,3500,2560,1440,High,Ultra,High,FXAA,Off,0,35.7
HorizonZeroDawn,17800,11000,3500,19700,9000,3500,2560,1440,High,Ultra,Ultra,FXAA,Off,0,23.0
Warzone,17800,13000,3500,14200,9000,3500,3840,2160,High,Ultra,Ultra,FXAA,On,0,10.6
RedDeadRedemption2,17800,11000,3500,17800,9000,2500,3840,2160,High,Ultra,Ultra,TAA,On,0,7.8
Cyberpunk2077,14200,9000,2500,14200,11000,2500,2560,1440,High,High,Ultra,FXAA,On,-1,21.5
TheWitcher3,14200,9000,2500,14200,9000,4000,2560,1440,Ultra,Ultra,High,TAA,On,0,22.3
RedDeadRedemption2,17800,11000,3500,19700,14000,2500,2560,1440,Ultra,Ultra,High,TAA,Off,-1,12.0
Cyberpunk2077,14200,9000,2500,14200,14000,2500,3840,2160,High,Ultra,High,TAA,Off,-1,11.8
HorizonZeroDawn,17800,11000,3500,17800,11000,4000,3840,2160,High,Ultra,Ultra,TAA,Off,0,13.3
Warzone,17800,13000,3500,14200,14000,2500,2560,1440,High,Ultra,Ultra,FXAA,On,-1,18.0
TheWitcher3,14200,9000,2500,19700,11000,3500,3840,2160,Ultra,Ultra,High,TAA,Off,0,14.6
EldenRing,14200,9000,3500,14200,9000,4000,2560,1440,High,Ultra,High,TAA,On,0,28.8
Warzone,17800,13000,3500,14200,9000,2500,2560,1440,Ultra,High,Ultra,FXAA,On,0,14.8
AssassinsCreed,17800,11000,3500,17800,14000,3500,2560,1440,Ultra,Ultra,High,TAA,On,0,22.8
Cyberpunk2077,14200,9000,2500,17800,11000,3500,3840,2160,High,Ultra,Ultra,TAA,Off,0,13.2
RedDeadRedemption2,17800,11000,3500,19700,11000,4000,3840,2160,High,High,High,TAA,On,-1,9.0
EldenRing,14200,9000,3500,14200,14000,2500,2560,1440,Ultra,Ultra,High,FXAA,Off,-1,24.5
AssassinsCreed,17800,11000,3500,17800,9000,3500,2560,1440,Ultra,Ultra,Ultra,TAA,On,0,16.3
PUBG,14200,9000,2500,17800,11000,2500,2560,1440,High,High,Ultra,TAA,Off,0,40.7
HorizonZeroDawn,17800,11000,3500,14200,11000,2500,3840,2160,High,High,Ultra,TAA,Off,0,12.6
AssassinsCreed,17800,11000,3500,17800,9000,2500,2560,1440,High,High,High,TAA,On,0,24.1
EldenRing,14200,9000,3500,17800,9000,2500,2560,1440,High,Ultra,Ultra,TAA,Off,0,28.9
Warzone,17800,13000,3500,17800,9000,2500,3840,2160,Ultra,High,Ultra,TAA,On,0,8.2
Cyberpunk2077,14200,9000,2500,14200,14000,2500,3840,2160,High,Ultra,High,FXAA,Off,0,15.1
Warzone,17800,13000,3500,17800,9000,2500,2560,1440,High,Ultra,High,TAA,Off,0,20.2
Cyberpunk2077,14200,9000,2500,17800,11000,2500,2560,1440,High,Ultra,Ultra,TAA,On,-1,18.9
Cyberpunk2077,14200,9000,2500,14200,14000,2500,2560,1440,Ultra,Ultra,Ultra,TAA,On,0,19.0
AssassinsCreed,17800,11000,3500,17800,14000,4000,3840,2160,High,Ultra,Ultra,TAA,Off,0,16.3
TheWitcher3,14200,9000,2500,14200,14000,4000,2560,1440,Ultra,High,Ultra,FXAA,Off,0,32.5
RedDeadRedemption2,17800,11000,3500,17800,14000,4000,3840,2160,Ultra,Ultra,Ultra,TAA,On,0,7.8
RedDeadRedemption2,17800,11000,3500,14200,14000,2500,2560,1440,High,Ultra,Ultra,TAA,On,0,16.9
EldenRing,14200,9000,3500,14200,11000,2500,2560,1440,Ultra,Ultra,High,FXAA,Off,0,25.5
RedDeadRedemption2,17800,11000,3500,14200,11000,4000,2560,1440,High,High,High,TAA,Off,0,18.4
EldenRing,14200,9000,3500,14200,14000,4000,2560,1440,High,High,Ultra,TAA,On,-1,34.8
EldenRing,14200,9000,3500,14200,14000,3500,3840,2160,Ultra,Ultra,High,TAA,On,0,15.4
EldenRing,14200,9000,3500,14200,9000,2500,2560,1440,High,High,Ultra,FXAA,On,0,29.6
HorizonZeroDawn,17800,11000,3500,14200,9000,3500,2560,1440,Ultra,Ultra,Ultra,FXAA,Off,0,16.2
Cyberpunk2077,14200,9000,2500,14200,11000,3500,3840,2160,Ultra,Ultra,Ultra,TAA,On,0,9.0
Cyberpunk2077,14200,9000,2500,14200,11000,3500,2560,1440,Ultra,Ultra,High,FXAA,On,0,20.0
AssassinsCreed,17800,11000,3500,14200,11000,2500,3840,2160,Ultra,High,High,FXAA,Off,0,11.3
EldenRing,14200,9000,3500,17800,11000,3500,3840,2160,High,High,Ultra,TAA,Off,-1,17.9
RedDeadRedemption2,17800,11000,3500,14200,9000,4000,2560,1440,High,High,Ultra,TAA,Off,0,16.5
HorizonZeroDawn,17800,11000,3500,14200,9000,2500,2560,1440,Ultra,Ultra,Ultra,FXAA,On,0,14.6
TheWitcher3,14200,9000,2500,19700,9000,2500,2560,1440,High,High,High,TAA,On,-1,29.1
PUBG,14200,9000,2500,19700,9000,3500,2560,1440,Ultra,Ultra,Ultra,TAA,On,0,27.1
Warzone,17800,13000,3500,19700,14000,2500,2560,1440,Ultra,High,High,TAA,Off,0,21.2
TheWitcher3,14200,9000,2500,14200,14000,2500,2560,1440,High,High,Ultra,FXAA,Off,0,41.1
Cyberpunk2077,14200,9000,2500,14200,9000,3500,2560,1440,Ultra,Ultra,Ultra,FXAA,On,0,16.6
AssassinsCreed,17800,11000,3500,14200,11000,2500,2560,1440,Ultra,Ultra,High,FXAA,Off,0,17.9
RedDeadRedemption2,17800,11000,3500,14200,14000,4000,3840,2160,High,Ultra,Ultra,TAA,Off,0,10.2
EldenRing,14200,9000,3500,19700,11000,2500,2560,1440,High,Ultra,High,TAA,Off,-1,30.3
SpiderMan,17800,11000,3500,17800,9000,2500,2560,1440,Ultra,Ultra,Ultra,TAA,On,0,16.6
GTA_V,10000,6500,2500,19700,14000,4000,3840,2160,Ultra,High,Ultra,FXAA,On,-1,26.5
EldenRing,14200,9000,3500,19700,9000,2500,2560,1440,Ultra,Ultra,Ultra,TAA,Off,0,22.5
Warzone,17800,13000,3500,14200,9000,3500,2560,1440,High,Ultra,High,FXAA,On,0,19.9
SpiderMan,17800,11000,3500,17800,9000,3500,3840,2160,Ultra,Ultra,High,FXAA,On,0,10.7
Cyberpunk2077,14200,9000,2500,17800,14000,4000,2560,1440,High,Ultra,Ultra,TAA,On,0,27.6
HorizonZeroDawn,17800,11000,3500,14200,11000,3500,3840,2160,Ultra,High,High,TAA,Off,0,10.4
GTA_V,10000,6500,2500,17800,17500,2500,2560,1440,High,High,Ultra,FXAA,Off,0,80.2
HorizonZeroDawn,17800,11000,3500,14200,14000,2500,2560,1440,High,Ultra,Ultra,TAA,Off,0,24.5
RedDeadRedemption2,17800,11000,3500,19700,9000,4000,2560,1440,Ultra,High,Ultra,FXAA,Off,-1,12.6
Cyberpunk2077,14200,9000,2500,14200,11000,2500,2560,1440,High,Ultra,High,TAA,Off,0,23.5
AssassinsCreed,17800,11000,3500,14200,11000,4000,2560,1440,High,High,Ultra,FXAA,On,-1,22.5
TheWitcher3,14200,9000,2500,14200,11000,3500,2560,1440,Ultra,Ultra,Ultra,TAA,Off,0,24.9
EldenRing,14200,9000,3500,14200,9000,2500,2560,1440,Ultra,Ultra,Ultra,FXAA,Off,0,22.0
GTA_V,10000,6500,2500,17800,9000,3500,2560,1440,High,Ultra,Ultra,TAA,On,0,51.5
TheWitcher3,14200,9000,2500,14200,17500,2500,3840,2160,Ultra,High,High,TAA,Off,0,18.9
AssassinsCreed,17800,11000,3500,14200,9000,4000,3840,2160,Ultra,High,High,FXAA,Off,0,11.3
Cyberpunk2077,14200,9000,2500,14200,14000,3500,3840,2160,High,High,High,FXAA,On,0,17.3
RedDeadRedemption2,17800,11000,3500,19700,17500,4000,2560,1440,Ultra,High,High,FXAA,On,0,20.1
TheWitcher3,14200,9000,2500,14200,9000,3500,2560,1440,Ultra,High,High,TAA,Off,0,24.8
PUBG,14200,9000,2500,14200,17500,2500,2560,1440,Ultra,High,Ultra,TAA,On,0,34.6
AssassinsCreed,17800,11000,3500,14200,14000,3500,3840,2160,High,Ultra,Ultra,TAA,On,-1,12.4
HorizonZeroDawn,17800,11000,3500,14200,9000,4000,3840,2160,High,Ultra,High,TAA,Off,-1,9.8
Cyberpunk2077,14200,9000,2500,14200,9000,2500,3840,2160,High,Ultra,Ultra,TAA,On,-1,9.2
RedDeadRedemption2,17800,11000,3500,19700,17500,2500,3840,2160,Ultra,Ultra,Ultra,FXAA,Off,-1,7.9
HorizonZeroDawn,17800,11000,3500,17800,9000,4000,2560,1440,Ultra,Ultra,Ultra,FXAA,On,0,17.4
Cyberpunk2077,14200,9000,2500,19700,14000,3500,2560,1440,High,Ultra,Ultra,FXAA,On,-1,25.4
SpiderMan,17800,11000,3500,17800,11000,4000,3840,2160,Ultra,Ultra,Ultra,TAA,Off,-1,9.5
Warzone,17800,13000,3500,14200,17500,3500,2560,1440,Ultra,High,Ultra,TAA,Off,0,22.4
PUBG,14200,9000,2500,14200,11000,2500,2560,1440,Ultra,High,Ultra,FXAA,Off,-1,25.3
SpiderMan,17800,11000,3500,17800,9000,3500,3840,2160,Ultra,Ultra,Ultra,FXAA,On,0,10.0
EldenRing,14200,9000,3500,17800,11000,2500,3840,2160,Ultra,High,Ultra,TAA,On,0,14.0
Warzone,17800,13000,3500,14200,11000,4000,2560,1440,Ultra,High,High,FXAA,On,0,19.4
AssassinsCreed,17800,11000,3500,17800,9000,2500,2560,1440,Ultra,Ultra,High,FXAA,On,0,17.0
PUBG,14200,9000,2500,14200,14000,4000,2560,1440,Ultra,Ultra,Ultra,FXAA,Off,0,33.4
Warzone,17800,13000,3500,19700,9000,4000,2560,1440,High,High,High,TAA,Off,-1,21.4
HorizonZeroDawn,17800,11000,3500,17800,9000,2500,2560,1440,Ultra,High,Ultra,TAA,Off,0,16.0
Warzone,17800,13000,3500,19700,14000,4000,2560,1440,Ultra,High,Ultra,TAA,On,0,20.9
RedDeadRedemption2,17800,11000,3500,19700,17500,2500,2560,1440,High,Ultra,Ultra,FXAA,On,0,22.8
RedDeadRedemption2,17800,11000,3500,17800,9000,4000,3840,2160,High,Ultra,High,FXAA,On,0,9.4
Cyberpunk2077,14200,9000,2500,19700,9000,2500,2560,1440,Ultra,High,High,FXAA,On,-1,16.3
EldenRing,14200,9000,3500,17800,11000,2500,2560,1440,Ultra,Ultra,Ultra,TAA,On,0,23.3
AssassinsCreed,17800,11000,3500,14200,9000,3500,2560,1440,Ultra,Ultra,Ultra,FXAA,On,0,16.8
PUBG,14200,9000,2500,17800,9000,4000,2560,1440,Ultra,Ultra,High,TAA,On,0,29.1
SpiderMan,17800,11000,3500,17800,9000,3500,3840,2160,High,Ultra,Ultra,TAA,Off,0,12.7
RedDeadRedemption2,17800,11000,3500,14200,9000,2500,3840,2160,Ultra,Ultra,High,FXAA,Off,0,6.1
AssassinsCreed,17800,11000,3500,19700,11000,2500,2560,1440,Ultra,High,High,FXAA,On,-1,18.5
HorizonZeroDawn,17800,11000,3500,17800,11000,3500,2560,1440,High,High,Ultra,TAA,On,0,26.7
EldenRing,14200,9000,3500,14200,9000,3500,3840,2160,Ultra,Ultra,Ultra,TAA,On,0,11.6
Warzone,17800,13000,3500,17800,14000,4000,3840,2160,Ultra,High,High,TAA,Off,-1,9.5
GTA_V,10000,6500,2500,19700,9000,3500,2560,1440,High,High,High,TAA,Off,-1,49.7
Cyberpunk2077,14200,9000,2500,19700,14000,2500,2560,1440,Ultra,Ultra,Ultra,FXAA,Off,0,22.5
SpiderMan,17800,11000,3500,14200,11000,2500,3840,2160,High,Ultra,High,TAA,On,0,12.5
Cyberpunk2077,14200,9000,2500,17800,11000,2500,2560,1440,Ultra,High,High,TAA,Off,-1,17.3
SpiderMan,17800,11000,3500,17800,14000,4000,2560,1440,Ultra,High,High,TAA,On,0,27.4
AssassinsCreed,17800,11000,3500,17800,9000,4000,3840,2160,Ultra,High,High,TAA,On,0,10.7
Cyberpunk2077,14200,9000,2500,14200,14000,2500,2560,1440,Ultra,Ultra,Ultra,TAA,Off,0,18.5
RedDeadRedemption2,17800,11000,3500,14200,11000,3500,2560,1440,High,High,Ultra,TAA,Off,0,17.7
HorizonZeroDawn,17800,11000,3500,17800,11000,4000,3840,2160,Ultra,High,High,FXAA,Off,-1,10.5
PUBG,14200,9000,2500,14200,11000,4000,2560,1440,High,Ultra,Ultra,FXAA,Off,0,38.4
Cyberpunk2077,14200,9000,2500,17800,11000,2500,3840,2160,Ultra,Ultra,Ultra,FXAA,On,0,9.8
TheWitcher3,14200,9000,2500,17800,14000,2500,2560,1440,High,Ultra,Ultra,TAA,On,0,35.1
SpiderMan,17800,11000,3500,17800,11000,3500,2560,1440,High,High,Ultra,FXAA,Off,0,32.4
TheWitcher3,14200,9000,2500,14200,14000,2500,2560,1440,High,High,High,TAA,Off,-1,33.0
EldenRing,14200,9000,3500,14200,17500,3500,2560,1440,High,Ultra,Ultra,TAA,On,0,41.1
AssassinsCreed,17800,11000,3500,17800,11000,2500,2560,1440,Ultra,High,High,FXAA,On,-1,18.1
HorizonZeroDawn,17800,11000,3500,14200,9000,2500,2560,1440,Ultra,High,High,FXAA,On,0,16.5
Cyberpunk2077,14200,9000,2500,17800,9000,2500,2560,1440,Ultra,Ultra,Ultra,TAA,Off,0,15.6
HorizonZeroDawn,17800,11000,3500,14200,9000,4000,3840,2160,Ultra,Ultra,Ultra,TAA,On,-1,7.0
Cyberpunk2077,14200,9000,2500,17800,14000,3500,2560,1440,Ultra,Ultra,High,TAA,Off,-1,18.4
RedDeadRedemption2,17800,11000,3500,19700,9000,2500,2560,1440,Ultra,High,High,TAA,On,0,12.4
HorizonZeroDawn,17800,11000,3500,17800,11000,2500,3840,2160,Ultra,High,High,TAA,Off,0,10.2
RedDeadRedemption2,17800,11000,3500,14200,14000,2500,3840,2160,Ultra,Ultra,High,TAA,On,0,7.1
AssassinsCreed,17800,11000,3500,19700,11000,4000,2560,1440,Ultra,Ultra,High,TAA,Off,0,21.6
EldenRing,14200,9000,3500,14200,14000,3500,2560,1440,Ultra,High,Ultra,TAA,On,-1,24.2
SpiderMan,17800,11000,3500,14200,9000,3500,3840,2160,Ultra,High,High,TAA,On,0,10.7
AssassinsCreed,17800,11000,3500,14200,11000,2500,3840,2160,High,Ultra,Ultra,TAA,Off,0,11.4
SpiderMan,17800,11000,3500,14200,9000,3500,2560,1440,High,Ultra,Ultra,FXAA,On,-1,20.1
Cyberpunk2077,14200,9000,2500,14200,11000,2500,3840,2160,High,High,High,TAA,Off,0,14.3
PUBG,14200,9000,2500,14200,14000,2500,3840,2160,Ultra,Ultra,Ultra,FXAA,Off,-1,13.7
RedDeadRedemption2,17800,11000,3500,14200,9000,3500,3840,2160,Ultra,Ultra,High,TAA,Off,-1,4.9
RedDeadRedemption2,17800,11000,3500,17800,11000,2500,2560,1440,Ultra,High,Ultra,TAA,On,0,12.6
RedDeadRedemption2,17800,11000,3500,17800,17500,3500,2560,1440,High,Ultra,Ultra,FXAA,On,-1,19.2
GTA_V,10000,6500,2500,17800,11000,4000,2560,1440,Ultra,Ultra,High,TAA,Off,-1,36.9
GTA_V,10000,6500,2500,14200,17500,2500,2560,1440,High,Ultra,Ultra,TAA,Off,-1,56.9
AssassinsCreed,17800,11000,3500,14200,17500,2500,3840,2160,High,Ultra,Ultra,TAA,On,0,15.0
RedDeadRedemption2,17800,11000,3500,14200,9000,2500,3840,2160,Ultra,Ultra,Ultra,FXAA,Off,0,5.6
GTA_V,10000,6500,2500,19700,9000,3500,3840,2160,Ultra,High,High,TAA,On,0,24.0
Warzone,17800,13000,3500,17800,9000,4000,2560,1440,High,High,High,FXAA,On,0,23.4
GTA_V,10000,6500,2500,14200,9000,3500,3840,2160,Ultra,Ultra,High,TAA,On,0,20.0
Cyberpunk2077,14200,9000,2500,14200,9000,2500,3840,2160,High,High,Ultra,TAA,On,0,12.0
Cyberpunk2077,14200,9000,2500,17800,17500,3500,2560,1440,High,Ultra,Ultra,TAA,On,0,31.0
Warzone,17800,13000,3500,14200,11000,2500,3840,2160,Ultra,Ultra,Ultra,FXAA,On,-1,6.4
HorizonZeroDawn,17800,11000,3500,17800,17500,2500,2560,1440,Ultra,High,High,FXAA,Off,0,26.6
HorizonZeroDawn,17800,11000,3500,14200,9000,3500,2560,1440,High,Ultra,High,FXAA,On,0,20.4
RedDeadRedemption2,17800,11000,3500,17800,17500,2500,3840,2160,Ultra,Ultra,High,FXAA,Off,0,9.7
TheWitcher3,14200,9000,2500,14200,14000,2500,3840,2160,High,Ultra,High,TAA,On,-1,16.6
RedDeadRedemption2,17800,11000,3500,14200,14000,2500,2560,1440,Ultra,Ultra,Ultra,TAA,On,-1,10.9
Cyberpunk2077,14200,9000,2500,14200,9000,2500,2560,1440,Ultra,Ultra,High,TAA,On,0,15.9
GTA_V,10000,6500,2500,14200,14000,4000,2560,1440,High,High,Ultra,TAA,On,-1,57.3
PUBG,14200,9000,2500,14200,11000,2500,2560,1440,Ultra,Ultra,Ultra,TAA,On,-1,20.3
Cyberpunk2077,14200,9000,2500,19700,14000,4000,2560,1440,High,Ultra,Ultra,TAA,Off,0,29.5
GTA_V,10000,6500,2500,19700,9000,2500,2560,1440,Ultra,Ultra,High,FXAA,Off,0,40.0
SpiderMan,17800,11000,3500,17800,11000,4000,3840,2160,Ultra,Ultra,High,TAA,Off,0,11.9
RedDeadRedemption2,17800,11000,3500,17800,9000,2500,3840,2160,Ultra,Ultra,Ultra,TAA,On,0,5.8
Warzone,17800,13000,3500,14200,17500,3500,3840,2160,Ultra,Ultra,High,TAA,On,0,11.0
RedDeadRedemption2,17800,11000,3500,19700,9000,2500,2560,1440,High,Ultra,High,TAA,On,0,15.2
RedDeadRedemption2,17800,11000,3500,14200,17500,2500,2560,1440,High,Ultra,Ultra,TAA,Off,0,19.7
TheWitcher3,14200,9000,2500,17800,14000,4000,3840,2160,High,Ultra,Ultra,TAA,On,0,20.9
Warzone,17800,13000,3500,14200,9000,2500,3840,2160,Ultra,High,High,TAA,Off,0,7.8
Cyberpunk2077,14200,9000,2500,14200,11000,4000,2560,1440,High,High,High,TAA,On,0,28.0
Cyberpunk2077,14200,9000,2500,17800,11000,2500,2560,1440,Ultra,Ultra,High,FXAA,Off,-1,16.3
EldenRing,14200,9000,3500,19700,17500,2500,2560,1440,Ultra,Ultra,Ultra,FXAA,On,-1,27.8
Warzone,17800,13000,3500,14200,14000,3500,2560,1440,High,High,High,TAA,On,-1,23.1
RedDeadRedemption2,17800,11000,3500,14200,17500,2500,2560,1440,Ultra,Ultra,High,FXAA,On,0,16.1
Warzone,17800,13000,3500,17800,11000,2500,2560,1440,Ultra,Ultra,Ultra,FXAA,Off,0,16.5
Cyberpunk2077,14200,9000,2500,14200,17500,2500,3840,2160,Ultra,High,High,FXAA,On,0,13.7
TheWitcher3,14200,9000,2500,14200,9000,2500,2560,1440,Ultra,Ultra,High,TAA,Off,0,21.8
TheWitcher3,14200,9000,2500,14200,11000,2500,2560,1440,Ultra,Ultra,High,TAA,Off,-1,19.3
GTA_V,10000,6500,2500,19700,9000,2500,2560,1440,Ultra,Ultra,High,FXAA,Off,0,41.4
SpiderMan,17800,11000,3500,14200,17500,3500,2560,1440,High,Ultra,Ultra,TAA,Off,0,31.9
EldenRing,14200,9000,3500,17800,9000,3500,2560,1440,High,Ultra,High,TAA,On,0,29.9
TheWitcher3,14200,9000,2500,14200,9000,3500,3840,2160,High,High,Ultra,FXAA,On,0,17.7
TheWitcher3,14200,9000,2500,19700,14000,3500,2560,1440,Ultra,High,High,FXAA,On,0,33.7
SpiderMan,17800,11000,3500,14200,11000,4000,2560,1440,High,Ultra,Ultra,TAA,Off,0,25.6
PUBG,14200,9000,2500,14200,9000,3500,2560,1440,Ultra,High,Ultra,TAA,Off,-1,22.8
AssassinsCreed,17800,11000,3500,14200,9000,3500,3840,2160,Ultra,Ultra,Ultra,TAA,Off,0,8.8
AssassinsCreed,17800,11000,3500,14200,9000,3500,2560,1440,High,High,High,FXAA,On,-1,21.3
Warzone,17800,13000,3500,14200,11000,2500,2560,1440,High,Ultra,High,FXAA,Off,-1,18.1
Cyberpunk2077,14200,9000,2500,14200,14000,2500,3840,2160,High,High,High,TAA,Off,-1,14.0
SpiderMan,17800,11000,3500,19700,14000,4000,3840,2160,High,High,Ultra,FXAA,Off,0,21.0
Cyberpunk2077,14200,9000,2500,14200,11000,2500,2560,1440,Ultra,Ultra,Ultra,FXAA,Off,0,17.8
Cyberpunk2077,14200,9000,2500,19700,11000,3500,3840,2160,High,High,High,FXAA,On,0,17.0
SpiderMan,17800,11000,3500,17800,9000,4000,2560,1440,Ultra,Ultra,Ultra,FXAA,On,-1,15.9
Warzone,17800,13000,3500,14200,11000,2500,2560,1440,Ultra,High,High,FXAA,Off,0,17.5
RedDeadRedemption2,17800,11000,3500,19700,9000,3500,3840,2160,Ultra,High,High,TAA,Off,0,7.6
AssassinsCreed,17800,11000,3500,14200,14000,3500,2560,1440,High,Ultra,Ultra,TAA,Off,0,27.7
HorizonZeroDawn,17800,11000,3500,17800,17500,2500,2560,1440,High,High,High,TAA,On,0,32.3
PUBG,14200,9000,2500,14200,9000,3500,2560,1440,Ultra,High,Ultra,FXAA,On,0,26.6
RedDeadRedemption2,17800,11000,3500,14200,9000,3500,3840,2160,Ultra,Ultra,Ultra,FXAA,Off,-1,4.9
AssassinsCreed,17800,11000,3500,14200,11000,3500,2560,1440,High,High,High,FXAA,On,0,27.3
AssassinsCreed,17800,11000,3500,14200,14000,3500,3840,2160,Ultra,Ultra,Ultra,TAA,On,-1,9.2
PUBG,14200,9000,2500,14200,9000,2500,3840,2160,Ultra,High,High,FXAA,On,0,15.3
TheWitcher3,14200,9000,2500,14200,14000,4000,3840,2160,Ultra,Ultra,Ultra,FXAA,On,0,16.0
SpiderMan,17800,11000,3500,17800,11000,2500,3840,2160,High,Ultra,Ultra,FXAA,Off,0,14.5
Cyberpunk2077,14200,9000,2500,14200,17500,4000,2560,1440,Ultra,Ultra,High,TAA,On,-1,20.2
HorizonZeroDawn,17800,11000,3500,19700,14000,2500,3840,2160,High,High,Ultra,TAA,On,-1,12.4
Cyberpunk2077,14200,9000,2500,17800,11000,2500,2560,1440,High,Ultra,Ultra,TAA,On,0,22.2
Cyberpunk2077,14200,9000,2500,14200,9000,3500,2560,1440,Ultra,Ultra,High,FXAA,Off,-1,15.5
SpiderMan,17800,11000,3500,17800,11000,2500,2560,1440,Ultra,Ultra,Ultra,TAA,Off,0,19.5
AssassinsCreed,17800,11000,3500,14200,9000,2500,2560,1440,Ultra,High,High,TAA,Off,0,17.2
RedDeadRedemption2,17800,11000,3500,17800,9000,2500,2560,1440,High,Ultra,Ultra,FXAA,On,0,14.3
Warzone,17800,13000,3500,14200,9000,3500,2560,1440,Ultra,Ultra,Ultra,FXAA,On,0,14.0
AssassinsCreed,17800,11000,3500,17800,9000,2500,2560,1440,High,Ultra,High,TAA,On,0,22.6
GTA_V,10000,6500,2500,17800,9000,2500,3840,2160,High,Ultra,Ultra,TAA,Off,0,24.5
GTA_V,10000,6500,2500,17800,11000,3500,3840,2160,Ultra,Ultra,High,TAA,On,0,24.2
Cyberpunk2077,14200,9000,2500,14200,9000,3500,2560,1440,Ultra,Ultra,High,FXAA,On,0,18.3
RedDeadRedemption2,17800,11000,3500,19700,11000,4000,3840,2160,High,Ultra,Ultra,TAA,On,0,9.3
HorizonZeroDawn,17800,11000,3500,19700,9000,4000,2560,1440,High,Ultra,Ultra,TAA,On,0,23.0
RedDeadRedemption2,17800,11000,3500,17800,11000,2500,3840,2160,Ultra,Ultra,Ultra,FXAA,Off,0,6.4
TheWitcher3,14200,9000,2500,14200,11000,4000,2560,1440,Ultra,High,Ultra,TAA,Off,0,28.6
EldenRing,14200,9000,3500,14200,11000,2500,2560,1440,High,Ultra,Ultra,FXAA,On,-1,26.4
HorizonZeroDawn,17800,11000,3500,14200,9000,2500,2560,1440,High,Ultra,Ultra,FXAA,On,-1,16.1
Cyberpunk2077,14200,9000,2500,19700,11000,3500,3840,2160,Ultra,Ultra,Ultra,TAA,Off,0,11.0
AssassinsCreed,17800,11000,3500,14200,9000,2500,3840,2160,Ultra,High,Ultra,TAA,On,-1,7.1
SpiderMan,17800,11000,3500,14200,11000,4000,2560,1440,High,Ultra,Ultra,FXAA,On,-1,21.8
Cyberpunk2077,14200,9000,2500,19700,11000,4000,2560,1440,Ultra,Ultra,High,TAA,On,0,21.3
Cyberpunk2077,14200,9000,2500,19700,9000,3500,3840,2160,Ultra,Ultra,Ultra,TAA,Off,0,9.5
RedDeadRedemption2,17800,11000,3500,19700,9000,4000,2560,1440,Ultra,Ultra,High,FXAA,On,0,12.7
